sample,fastq1,fastq2
S28,/Users/shohei-noda/git/proj_wakayama_omi_pedigree_analysis/data/fastqs/S28_1.fq.gz,/Users/shohei-noda/git/proj_wakayama_omi_pedigree_analysis/data/fastqs/S28_2.fq.gz
S17,/Users/shohei-noda/git/proj_wakayama_omi_pedigree_analysis/data/fastqs/S17_1.fq.gz,/Users/shohei-noda/git/proj_wakayama_omi_pedigree_analysis/data/fastqs/S17_2.fq.gz
S22,/Users/shohei-noda/git/proj_wakayama_omi_pedigree_analysis/data/fastqs/S22_1.fq.gz,/Users/shohei-noda/git/proj_wakayama_omi_pedigree_analysis/data/fastqs/S22_2.fq.gz
S49,/Users/shohei-noda/git/proj_wakayama_omi_pedigree_analysis/data/fastqs/S49_1.fq.gz,/Users/shohei-noda/git/proj_wakayama_omi_pedigree_analysis/data/fastqs/S49_2.fq.gz
S32,/Users/shohei-noda/git/proj_wakayama_omi_pedigree_analysis/data/fastqs/S32_1.fq.gz,/Users/shohei-noda/git/proj_wakayama_omi_pedigree_analysis/data/fastqs/S32_2.fq.gz
s45,/Users/shohei-noda/git/proj_wakayama_omi_pedigree_analysis/data/fastqs/s45_1.fq.gz,/Users/shohei-noda/git/proj_wakayama_omi_pedigree_analysis/data/fastqs/s45_2.fq.gz
s31,/Users/shohei-noda/git/proj_wakayama_omi_pedigree_analysis/data/fastqs/s31_1.fq.gz,/Users/shohei-noda/git/proj_wakayama_omi_pedigree_analysis/data/fastqs/s31_2.fq.gz
S42,/Users/shohei-noda/git/proj_wakayama_omi_pedigree_analysis/data/fastqs/S42_1.fq.gz,/Users/shohei-noda/git/proj_wakayama_omi_pedigree_analysis/data/fastqs/S42_2.fq.gz
S14,/Users/shohei-noda/git/proj_wakayama_omi_pedigree_analysis/data/fastqs/S14_1.fq.gz,/Users/shohei-noda/git/proj_wakayama_omi_pedigree_analysis/data/fastqs/S14_2.fq.gz
s7,/Users/shohei-noda/git/proj_wakayama_omi_pedigree_analysis/data/fastqs/s7_1.fq.gz,/Users/shohei-noda/git/proj_wakayama_omi_pedigree_analysis/data/fastqs/s7_2.fq.gz
s35,/Users/shohei-noda/git/proj_wakayama_omi_pedigree_analysis/data/fastqs/s35_1.fq.gz,/Users/shohei-noda/git/proj_wakayama_omi_pedigree_analysis/data/fastqs/s35_2.fq.gz
S34,/Users/shohei-noda/git/proj_wakayama_omi_pedigree_analysis/data/fastqs/S34_1.fq.gz,/Users/shohei-noda/git/proj_wakayama_omi_pedigree_analysis/data/fastqs/S34_2.fq.gz
S40,/Users/shohei-noda/git/proj_wakayama_omi_pedigree_analysis/data/fastqs/S40_1.fq.gz,/Users/shohei-noda/git/proj_wakayama_omi_pedigree_analysis/data/fastqs/S40_2.fq.gz
s26,/Users/shohei-noda/git/proj_wakayama_omi_pedigree_analysis/data/fastqs/s26_1.fq.gz,/Users/shohei-noda/git/proj_wakayama_omi_pedigree_analysis/data/fastqs/s26_2.fq.gz
s25,/Users/shohei-noda/git/proj_wakayama_omi_pedigree_analysis/data/fastqs/s25_1.fq.gz,/Users/shohei-noda/git/proj_wakayama_omi_pedigree_analysis/data/fastqs/s25_2.fq.gz
S276,/Users/shohei-noda/git/proj_wakayama_omi_pedigree_analysis/data/fastqs/S276_1.fq.gz,/Users/shohei-noda/git/proj_wakayama_omi_pedigree_analysis/data/fastqs/S276_2.fq.gz
s77,/Users/shohei-noda/git/proj_wakayama_omi_pedigree_analysis/data/fastqs/s77_1.fq.gz,/Users/shohei-noda/git/proj_wakayama_omi_pedigree_analysis/data/fastqs/s77_2.fq.gz
s76,/Users/shohei-noda/git/proj_wakayama_omi_pedigree_analysis/data/fastqs/s76_1.fq.gz,/Users/shohei-noda/git/proj_wakayama_omi_pedigree_analysis/data/fastqs/s76_2.fq.gz
S59,/Users/shohei-noda/git/proj_wakayama_omi_pedigree_analysis/data/fastqs/S59_1.fq.gz,/Users/shohei-noda/git/proj_wakayama_omi_pedigree_analysis/data/fastqs/S59_2.fq.gz
s95,/Users/shohei-noda/git/proj_wakayama_omi_pedigree_analysis/data/fastqs/s95_1.fq.gz,/Users/shohei-noda/git/proj_wakayama_omi_pedigree_analysis/data/fastqs/s95_2.fq.gz
S56,/Users/shohei-noda/git/proj_wakayama_omi_pedigree_analysis/data/fastqs/S56_1.fq.gz,/Users/shohei-noda/git/proj_wakayama_omi_pedigree_analysis/data/fastqs/S56_2.fq.gz
s83,/Users/shohei-noda/git/proj_wakayama_omi_pedigree_analysis/data/fastqs/s83_1.fq.gz,/Users/shohei-noda/git/proj_wakayama_omi_pedigree_analysis/data/fastqs/s83_2.fq.gz
S60,/Users/shohei-noda/git/proj_wakayama_omi_pedigree_analysis/data/fastqs/S60_1.fq.gz,/Users/shohei-noda/git/proj_wakayama_omi_pedigree_analysis/data/fastqs/S60_2.fq.gz
s51,/Users/shohei-noda/git/proj_wakayama_omi_pedigree_analysis/data/fastqs/s51_1.fq.gz,/Users/shohei-noda/git/proj_wakayama_omi_pedigree_analysis/data/fastqs/s51_2.fq.gz
s69,/Users/shohei-noda/git/proj_wakayama_omi_pedigree_analysis/data/fastqs/s69_1.fq.gz,/Users/shohei-noda/git/proj_wakayama_omi_pedigree_analysis/data/fastqs/s69_2.fq.gz
s61,/Users/shohei-noda/git/proj_wakayama_omi_pedigree_analysis/data/fastqs/s61_1.fq.gz,/Users/shohei-noda/git/proj_wakayama_omi_pedigree_analysis/data/fastqs/s61_2.fq.gz
S55,/Users/shohei-noda/git/proj_wakayama_omi_pedigree_analysis/data/fastqs/S55_1.fq.gz,/Users/shohei-noda/git/proj_wakayama_omi_pedigree_analysis/data/fastqs/S55_2.fq.gz
S52,/Users/shohei-noda/git/proj_wakayama_omi_pedigree_analysis/data/fastqs/S52_1.fq.gz,/Users/shohei-noda/git/proj_wakayama_omi_pedigree_analysis/data/fastqs/S52_2.fq.gz
s64,/Users/shohei-noda/git/proj_wakayama_omi_pedigree_analysis/data/fastqs/s64_1.fq.gz,/Users/shohei-noda/git/proj_wakayama_omi_pedigree_analysis/data/fastqs/s64_2.fq.gz
s98,/Users/shohei-noda/git/proj_wakayama_omi_pedigree_analysis/data/fastqs/s98_1.fq.gz,/Users/shohei-noda/git/proj_wakayama_omi_pedigree_analysis/data/fastqs/s98_2.fq.gz
s85,/Users/shohei-noda/git/proj_wakayama_omi_pedigree_analysis/data/fastqs/s85_1.fq.gz,/Users/shohei-noda/git/proj_wakayama_omi_pedigree_analysis/data/fastqs/s85_2.fq.gz
S53,/Users/shohei-noda/git/proj_wakayama_omi_pedigree_analysis/data/fastqs/S53_1.fq.gz,/Users/shohei-noda/git/proj_wakayama_omi_pedigree_analysis/data/fastqs/S53_2.fq.gz
s57,/Users/shohei-noda/git/proj_wakayama_omi_pedigree_analysis/data/fastqs/s57_1.fq.gz,/Users/shohei-noda/git/proj_wakayama_omi_pedigree_analysis/data/fastqs/s57_2.fq.gz
s115,/Users/shohei-noda/git/proj_wakayama_omi_pedigree_analysis/data/fastqs/s115_1.fq.gz,/Users/shohei-noda/git/proj_wakayama_omi_pedigree_analysis/data/fastqs/s115_2.fq.gz
s104,/Users/shohei-noda/git/proj_wakayama_omi_pedigree_analysis/data/fastqs/s104_1.fq.gz,/Users/shohei-noda/git/proj_wakayama_omi_pedigree_analysis/data/fastqs/s104_2.fq.gz
s145,/Users/shohei-noda/git/proj_wakayama_omi_pedigree_analysis/data/fastqs/s145_1.fq.gz,/Users/shohei-noda/git/proj_wakayama_omi_pedigree_analysis/data/fastqs/s145_2.fq.gz
S131,/Users/shohei-noda/git/proj_wakayama_omi_pedigree_analysis/data/fastqs/S131_1.fq.gz,/Users/shohei-noda/git/proj_wakayama_omi_pedigree_analysis/data/fastqs/S131_2.fq.gz
s117,/Users/shohei-noda/git/proj_wakayama_omi_pedigree_analysis/data/fastqs/s117_1.fq.gz,/Users/shohei-noda/git/proj_wakayama_omi_pedigree_analysis/data/fastqs/s117_2.fq.gz
s128,/Users/shohei-noda/git/proj_wakayama_omi_pedigree_analysis/data/fastqs/s128_1.fq.gz,/Users/shohei-noda/git/proj_wakayama_omi_pedigree_analysis/data/fastqs/s128_2.fq.gz
s139,/Users/shohei-noda/git/proj_wakayama_omi_pedigree_analysis/data/fastqs/s139_1.fq.gz,/Users/shohei-noda/git/proj_wakayama_omi_pedigree_analysis/data/fastqs/s139_2.fq.gz
s147,/Users/shohei-noda/git/proj_wakayama_omi_pedigree_analysis/data/fastqs/s147_1.fq.gz,/Users/shohei-noda/git/proj_wakayama_omi_pedigree_analysis/data/fastqs/s147_2.fq.gz
s122,/Users/shohei-noda/git/proj_wakayama_omi_pedigree_analysis/data/fastqs/s122_1.fq.gz,/Users/shohei-noda/git/proj_wakayama_omi_pedigree_analysis/data/fastqs/s122_2.fq.gz
s116,/Users/shohei-noda/git/proj_wakayama_omi_pedigree_analysis/data/fastqs/s116_1.fq.gz,/Users/shohei-noda/git/proj_wakayama_omi_pedigree_analysis/data/fastqs/s116_2.fq.gz
s132,/Users/shohei-noda/git/proj_wakayama_omi_pedigree_analysis/data/fastqs/s132_1.fq.gz,/Users/shohei-noda/git/proj_wakayama_omi_pedigree_analysis/data/fastqs/s132_2.fq.gz
s113,/Users/shohei-noda/git/proj_wakayama_omi_pedigree_analysis/data/fastqs/s113_1.fq.gz,/Users/shohei-noda/git/proj_wakayama_omi_pedigree_analysis/data/fastqs/s113_2.fq.gz
S298,/Users/shohei-noda/git/proj_wakayama_omi_pedigree_analysis/data/fastqs/S298_1.fq.gz,/Users/shohei-noda/git/proj_wakayama_omi_pedigree_analysis/data/fastqs/S298_2.fq.gz
s109,/Users/shohei-noda/git/proj_wakayama_omi_pedigree_analysis/data/fastqs/s109_1.fq.gz,/Users/shohei-noda/git/proj_wakayama_omi_pedigree_analysis/data/fastqs/s109_2.fq.gz
s137,/Users/shohei-noda/git/proj_wakayama_omi_pedigree_analysis/data/fastqs/s137_1.fq.gz,/Users/shohei-noda/git/proj_wakayama_omi_pedigree_analysis/data/fastqs/s137_2.fq.gz
s124,/Users/shohei-noda/git/proj_wakayama_omi_pedigree_analysis/data/fastqs/s124_1.fq.gz,/Users/shohei-noda/git/proj_wakayama_omi_pedigree_analysis/data/fastqs/s124_2.fq.gz
s176,/Users/shohei-noda/git/proj_wakayama_omi_pedigree_analysis/data/fastqs/s176_1.fq.gz,/Users/shohei-noda/git/proj_wakayama_omi_pedigree_analysis/data/fastqs/s176_2.fq.gz
s161,/Users/shohei-noda/git/proj_wakayama_omi_pedigree_analysis/data/fastqs/s161_1.fq.gz,/Users/shohei-noda/git/proj_wakayama_omi_pedigree_analysis/data/fastqs/s161_2.fq.gz
S315,/Users/shohei-noda/git/proj_wakayama_omi_pedigree_analysis/data/fastqs/S315_1.fq.gz,/Users/shohei-noda/git/proj_wakayama_omi_pedigree_analysis/data/fastqs/S315_2.fq.gz
s172,/Users/shohei-noda/git/proj_wakayama_omi_pedigree_analysis/data/fastqs/s172_1.fq.gz,/Users/shohei-noda/git/proj_wakayama_omi_pedigree_analysis/data/fastqs/s172_2.fq.gz
s179,/Users/shohei-noda/git/proj_wakayama_omi_pedigree_analysis/data/fastqs/s179_1.fq.gz,/Users/shohei-noda/git/proj_wakayama_omi_pedigree_analysis/data/fastqs/s179_2.fq.gz
S348,/Users/shohei-noda/git/proj_wakayama_omi_pedigree_analysis/data/fastqs/S348_1.fq.gz,/Users/shohei-noda/git/proj_wakayama_omi_pedigree_analysis/data/fastqs/S348_2.fq.gz
S372,/Users/shohei-noda/git/proj_wakayama_omi_pedigree_analysis/data/fastqs/S372_1.fq.gz,/Users/shohei-noda/git/proj_wakayama_omi_pedigree_analysis/data/fastqs/S372_2.fq.gz
s200,/Users/shohei-noda/git/proj_wakayama_omi_pedigree_analysis/data/fastqs/s200_1.fq.gz,/Users/shohei-noda/git/proj_wakayama_omi_pedigree_analysis/data/fastqs/s200_2.fq.gz
s193,/Users/shohei-noda/git/proj_wakayama_omi_pedigree_analysis/data/fastqs/s193_1.fq.gz,/Users/shohei-noda/git/proj_wakayama_omi_pedigree_analysis/data/fastqs/s193_2.fq.gz
s198,/Users/shohei-noda/git/proj_wakayama_omi_pedigree_analysis/data/fastqs/s198_1.fq.gz,/Users/shohei-noda/git/proj_wakayama_omi_pedigree_analysis/data/fastqs/s198_2.fq.gz
s215,/Users/shohei-noda/git/proj_wakayama_omi_pedigree_analysis/data/fastqs/s215_1.fq.gz,/Users/shohei-noda/git/proj_wakayama_omi_pedigree_analysis/data/fastqs/s215_2.fq.gz
s248,/Users/shohei-noda/git/proj_wakayama_omi_pedigree_analysis/data/fastqs/s248_1.fq.gz,/Users/shohei-noda/git/proj_wakayama_omi_pedigree_analysis/data/fastqs/s248_2.fq.gz
s222,/Users/shohei-noda/git/proj_wakayama_omi_pedigree_analysis/data/fastqs/s222_1.fq.gz,/Users/shohei-noda/git/proj_wakayama_omi_pedigree_analysis/data/fastqs/s222_2.fq.gz
s234,/Users/shohei-noda/git/proj_wakayama_omi_pedigree_analysis/data/fastqs/s234_1.fq.gz,/Users/shohei-noda/git/proj_wakayama_omi_pedigree_analysis/data/fastqs/s234_2.fq.gz
S225,/Users/shohei-noda/git/proj_wakayama_omi_pedigree_analysis/data/fastqs/S225_1.fq.gz,/Users/shohei-noda/git/proj_wakayama_omi_pedigree_analysis/data/fastqs/S225_2.fq.gz
s244,/Users/shohei-noda/git/proj_wakayama_omi_pedigree_analysis/data/fastqs/s244_1.fq.gz,/Users/shohei-noda/git/proj_wakayama_omi_pedigree_analysis/data/fastqs/s244_2.fq.gz
s246,/Users/shohei-noda/git/proj_wakayama_omi_pedigree_analysis/data/fastqs/s246_1.fq.gz,/Users/shohei-noda/git/proj_wakayama_omi_pedigree_analysis/data/fastqs/s246_2.fq.gz
s273,/Users/shohei-noda/git/proj_wakayama_omi_pedigree_analysis/data/fastqs/s273_1.fq.gz,/Users/shohei-noda/git/proj_wakayama_omi_pedigree_analysis/data/fastqs/s273_2.fq.gz
s292,/Users/shohei-noda/git/proj_wakayama_omi_pedigree_analysis/data/fastqs/s292_1.fq.gz,/Users/shohei-noda/git/proj_wakayama_omi_pedigree_analysis/data/fastqs/s292_2.fq.gz
s254,/Users/shohei-noda/git/proj_wakayama_omi_pedigree_analysis/data/fastqs/s254_1.fq.gz,/Users/shohei-noda/git/proj_wakayama_omi_pedigree_analysis/data/fastqs/s254_2.fq.gz
s270,/Users/shohei-noda/git/proj_wakayama_omi_pedigree_analysis/data/fastqs/s270_1.fq.gz,/Users/shohei-noda/git/proj_wakayama_omi_pedigree_analysis/data/fastqs/s270_2.fq.gz
S391,/Users/shohei-noda/git/proj_wakayama_omi_pedigree_analysis/data/fastqs/S391_1.fq.gz,/Users/shohei-noda/git/proj_wakayama_omi_pedigree_analysis/data/fastqs/S391_2.fq.gz
S398,/Users/shohei-noda/git/proj_wakayama_omi_pedigree_analysis/data/fastqs/S398_1.fq.gz,/Users/shohei-noda/git/proj_wakayama_omi_pedigree_analysis/data/fastqs/S398_2.fq.gz
s288,/Users/shohei-noda/git/proj_wakayama_omi_pedigree_analysis/data/fastqs/s288_1.fq.gz,/Users/shohei-noda/git/proj_wakayama_omi_pedigree_analysis/data/fastqs/s288_2.fq.gz
s268,/Users/shohei-noda/git/proj_wakayama_omi_pedigree_analysis/data/fastqs/s268_1.fq.gz,/Users/shohei-noda/git/proj_wakayama_omi_pedigree_analysis/data/fastqs/s268_2.fq.gz
s255,/Users/shohei-noda/git/proj_wakayama_omi_pedigree_analysis/data/fastqs/s255_1.fq.gz,/Users/shohei-noda/git/proj_wakayama_omi_pedigree_analysis/data/fastqs/s255_2.fq.gz
s304,/Users/shohei-noda/git/proj_wakayama_omi_pedigree_analysis/data/fastqs/s304_1.fq.gz,/Users/shohei-noda/git/proj_wakayama_omi_pedigree_analysis/data/fastqs/s304_2.fq.gz
s337,/Users/shohei-noda/git/proj_wakayama_omi_pedigree_analysis/data/fastqs/s337_1.fq.gz,/Users/shohei-noda/git/proj_wakayama_omi_pedigree_analysis/data/fastqs/s337_2.fq.gz
s339,/Users/shohei-noda/git/proj_wakayama_omi_pedigree_analysis/data/fastqs/s339_1.fq.gz,/Users/shohei-noda/git/proj_wakayama_omi_pedigree_analysis/data/fastqs/s339_2.fq.gz
s326,/Users/shohei-noda/git/proj_wakayama_omi_pedigree_analysis/data/fastqs/s326_1.fq.gz,/Users/shohei-noda/git/proj_wakayama_omi_pedigree_analysis/data/fastqs/s326_2.fq.gz
s347,/Users/shohei-noda/git/proj_wakayama_omi_pedigree_analysis/data/fastqs/s347_1.fq.gz,/Users/shohei-noda/git/proj_wakayama_omi_pedigree_analysis/data/fastqs/s347_2.fq.gz
S473,/Users/shohei-noda/git/proj_wakayama_omi_pedigree_analysis/data/fastqs/S473_1.fq.gz,/Users/shohei-noda/git/proj_wakayama_omi_pedigree_analysis/data/fastqs/S473_2.fq.gz
s302,/Users/shohei-noda/git/proj_wakayama_omi_pedigree_analysis/data/fastqs/s302_1.fq.gz,/Users/shohei-noda/git/proj_wakayama_omi_pedigree_analysis/data/fastqs/s302_2.fq.gz
s346,/Users/shohei-noda/git/proj_wakayama_omi_pedigree_analysis/data/fastqs/s346_1.fq.gz,/Users/shohei-noda/git/proj_wakayama_omi_pedigree_analysis/data/fastqs/s346_2.fq.gz
s305,/Users/shohei-noda/git/proj_wakayama_omi_pedigree_analysis/data/fastqs/s305_1.fq.gz,/Users/shohei-noda/git/proj_wakayama_omi_pedigree_analysis/data/fastqs/s305_2.fq.gz
S486,/Users/shohei-noda/git/proj_wakayama_omi_pedigree_analysis/data/fastqs/S486_1.fq.gz,/Users/shohei-noda/git/proj_wakayama_omi_pedigree_analysis/data/fastqs/S486_2.fq.gz
S389,/Users/shohei-noda/git/proj_wakayama_omi_pedigree_analysis/data/fastqs/S389_1.fq.gz,/Users/shohei-noda/git/proj_wakayama_omi_pedigree_analysis/data/fastqs/S389_2.fq.gz
S374,/Users/shohei-noda/git/proj_wakayama_omi_pedigree_analysis/data/fastqs/S374_1.fq.gz,/Users/shohei-noda/git/proj_wakayama_omi_pedigree_analysis/data/fastqs/S374_2.fq.gz
s355,/Users/shohei-noda/git/proj_wakayama_omi_pedigree_analysis/data/fastqs/s355_1.fq.gz,/Users/shohei-noda/git/proj_wakayama_omi_pedigree_analysis/data/fastqs/s355_2.fq.gz
S507,/Users/shohei-noda/git/proj_wakayama_omi_pedigree_analysis/data/fastqs/S507_1.fq.gz,/Users/shohei-noda/git/proj_wakayama_omi_pedigree_analysis/data/fastqs/S507_2.fq.gz
s385,/Users/shohei-noda/git/proj_wakayama_omi_pedigree_analysis/data/fastqs/s385_1.fq.gz,/Users/shohei-noda/git/proj_wakayama_omi_pedigree_analysis/data/fastqs/s385_2.fq.gz
S399,/Users/shohei-noda/git/proj_wakayama_omi_pedigree_analysis/data/fastqs/S399_1.fq.gz,/Users/shohei-noda/git/proj_wakayama_omi_pedigree_analysis/data/fastqs/S399_2.fq.gz
s371,/Users/shohei-noda/git/proj_wakayama_omi_pedigree_analysis/data/fastqs/s371_1.fq.gz,/Users/shohei-noda/git/proj_wakayama_omi_pedigree_analysis/data/fastqs/s371_2.fq.gz
s369,/Users/shohei-noda/git/proj_wakayama_omi_pedigree_analysis/data/fastqs/s369_1.fq.gz,/Users/shohei-noda/git/proj_wakayama_omi_pedigree_analysis/data/fastqs/s369_2.fq.gz
s395,/Users/shohei-noda/git/proj_wakayama_omi_pedigree_analysis/data/fastqs/s395_1.fq.gz,/Users/shohei-noda/git/proj_wakayama_omi_pedigree_analysis/data/fastqs/s395_2.fq.gz
S392,/Users/shohei-noda/git/proj_wakayama_omi_pedigree_analysis/data/fastqs/S392_1.fq.gz,/Users/shohei-noda/git/proj_wakayama_omi_pedigree_analysis/data/fastqs/S392_2.fq.gz
s375,/Users/shohei-noda/git/proj_wakayama_omi_pedigree_analysis/data/fastqs/s375_1.fq.gz,/Users/shohei-noda/git/proj_wakayama_omi_pedigree_analysis/data/fastqs/s375_2.fq.gz
S518,/Users/shohei-noda/git/proj_wakayama_omi_pedigree_analysis/data/fastqs/S518_1.fq.gz,/Users/shohei-noda/git/proj_wakayama_omi_pedigree_analysis/data/fastqs/S518_2.fq.gz
S393,/Users/shohei-noda/git/proj_wakayama_omi_pedigree_analysis/data/fastqs/S393_1.fq.gz,/Users/shohei-noda/git/proj_wakayama_omi_pedigree_analysis/data/fastqs/S393_2.fq.gz
s351,/Users/shohei-noda/git/proj_wakayama_omi_pedigree_analysis/data/fastqs/s351_1.fq.gz,/Users/shohei-noda/git/proj_wakayama_omi_pedigree_analysis/data/fastqs/s351_2.fq.gz
s376,/Users/shohei-noda/git/proj_wakayama_omi_pedigree_analysis/data/fastqs/s376_1.fq.gz,/Users/shohei-noda/git/proj_wakayama_omi_pedigree_analysis/data/fastqs/s376_2.fq.gz
S522,/Users/shohei-noda/git/proj_wakayama_omi_pedigree_analysis/data/fastqs/S522_1.fq.gz,/Users/shohei-noda/git/proj_wakayama_omi_pedigree_analysis/data/fastqs/S522_2.fq.gz
s397,/Users/shohei-noda/git/proj_wakayama_omi_pedigree_analysis/data/fastqs/s397_1.fq.gz,/Users/shohei-noda/git/proj_wakayama_omi_pedigree_analysis/data/fastqs/s397_2.fq.gz
s366,/Users/shohei-noda/git/proj_wakayama_omi_pedigree_analysis/data/fastqs/s366_1.fq.gz,/Users/shohei-noda/git/proj_wakayama_omi_pedigree_analysis/data/fastqs/s366_2.fq.gz
s370,/Users/shohei-noda/git/proj_wakayama_omi_pedigree_analysis/data/fastqs/s370_1.fq.gz,/Users/shohei-noda/git/proj_wakayama_omi_pedigree_analysis/data/fastqs/s370_2.fq.gz
s379,/Users/shohei-noda/git/proj_wakayama_omi_pedigree_analysis/data/fastqs/s379_1.fq.gz,/Users/shohei-noda/git/proj_wakayama_omi_pedigree_analysis/data/fastqs/s379_2.fq.gz
s362,/Users/shohei-noda/git/proj_wakayama_omi_pedigree_analysis/data/fastqs/s362_1.fq.gz,/Users/shohei-noda/git/proj_wakayama_omi_pedigree_analysis/data/fastqs/s362_2.fq.gz
s373,/Users/shohei-noda/git/proj_wakayama_omi_pedigree_analysis/data/fastqs/s373_1.fq.gz,/Users/shohei-noda/git/proj_wakayama_omi_pedigree_analysis/data/fastqs/s373_2.fq.gz
s445,/Users/shohei-noda/git/proj_wakayama_omi_pedigree_analysis/data/fastqs/s445_1.fq.gz,/Users/shohei-noda/git/proj_wakayama_omi_pedigree_analysis/data/fastqs/s445_2.fq.gz
S419,/Users/shohei-noda/git/proj_wakayama_omi_pedigree_analysis/data/fastqs/S419_1.fq.gz,/Users/shohei-noda/git/proj_wakayama_omi_pedigree_analysis/data/fastqs/S419_2.fq.gz
s410,/Users/shohei-noda/git/proj_wakayama_omi_pedigree_analysis/data/fastqs/s410_1.fq.gz,/Users/shohei-noda/git/proj_wakayama_omi_pedigree_analysis/data/fastqs/s410_2.fq.gz
s441,/Users/shohei-noda/git/proj_wakayama_omi_pedigree_analysis/data/fastqs/s441_1.fq.gz,/Users/shohei-noda/git/proj_wakayama_omi_pedigree_analysis/data/fastqs/s441_2.fq.gz
s404,/Users/shohei-noda/git/proj_wakayama_omi_pedigree_analysis/data/fastqs/s404_1.fq.gz,/Users/shohei-noda/git/proj_wakayama_omi_pedigree_analysis/data/fastqs/s404_2.fq.gz
s405,/Users/shohei-noda/git/proj_wakayama_omi_pedigree_analysis/data/fastqs/s405_1.fq.gz,/Users/shohei-noda/git/proj_wakayama_omi_pedigree_analysis/data/fastqs/s405_2.fq.gz
s430,/Users/shohei-noda/git/proj_wakayama_omi_pedigree_analysis/data/fastqs/s430_1.fq.gz,/Users/shohei-noda/git/proj_wakayama_omi_pedigree_analysis/data/fastqs/s430_2.fq.gz
s406,/Users/shohei-noda/git/proj_wakayama_omi_pedigree_analysis/data/fastqs/s406_1.fq.gz,/Users/shohei-noda/git/proj_wakayama_omi_pedigree_analysis/data/fastqs/s406_2.fq.gz
s437,/Users/shohei-noda/git/proj_wakayama_omi_pedigree_analysis/data/fastqs/s437_1.fq.gz,/Users/shohei-noda/git/proj_wakayama_omi_pedigree_analysis/data/fastqs/s437_2.fq.gz
s444,/Users/shohei-noda/git/proj_wakayama_omi_pedigree_analysis/data/fastqs/s444_1.fq.gz,/Users/shohei-noda/git/proj_wakayama_omi_pedigree_analysis/data/fastqs/s444_2.fq.gz
s409,/Users/shohei-noda/git/proj_wakayama_omi_pedigree_analysis/data/fastqs/s409_1.fq.gz,/Users/shohei-noda/git/proj_wakayama_omi_pedigree_analysis/data/fastqs/s409_2.fq.gz
s417,/Users/shohei-noda/git/proj_wakayama_omi_pedigree_analysis/data/fastqs/s417_1.fq.gz,/Users/shohei-noda/git/proj_wakayama_omi_pedigree_analysis/data/fastqs/s417_2.fq.gz
s407,/Users/shohei-noda/git/proj_wakayama_omi_pedigree_analysis/data/fastqs/s407_1.fq.gz,/Users/shohei-noda/git/proj_wakayama_omi_pedigree_analysis/data/fastqs/s407_2.fq.gz
s497,/Users/shohei-noda/git/proj_wakayama_omi_pedigree_analysis/data/fastqs/s497_1.fq.gz,/Users/shohei-noda/git/proj_wakayama_omi_pedigree_analysis/data/fastqs/s497_2.fq.gz
s499,/Users/shohei-noda/git/proj_wakayama_omi_pedigree_analysis/data/fastqs/s499_1.fq.gz,/Users/shohei-noda/git/proj_wakayama_omi_pedigree_analysis/data/fastqs/s499_2.fq.gz
s472,/Users/shohei-noda/git/proj_wakayama_omi_pedigree_analysis/data/fastqs/s472_1.fq.gz,/Users/shohei-noda/git/proj_wakayama_omi_pedigree_analysis/data/fastqs/s472_2.fq.gz
s461,/Users/shohei-noda/git/proj_wakayama_omi_pedigree_analysis/data/fastqs/s461_1.fq.gz,/Users/shohei-noda/git/proj_wakayama_omi_pedigree_analysis/data/fastqs/s461_2.fq.gz
s478,/Users/shohei-noda/git/proj_wakayama_omi_pedigree_analysis/data/fastqs/s478_1.fq.gz,/Users/shohei-noda/git/proj_wakayama_omi_pedigree_analysis/data/fastqs/s478_2.fq.gz
S524,/Users/shohei-noda/git/proj_wakayama_omi_pedigree_analysis/data/fastqs/S524_1.fq.gz,/Users/shohei-noda/git/proj_wakayama_omi_pedigree_analysis/data/fastqs/S524_2.fq.gz
s463,/Users/shohei-noda/git/proj_wakayama_omi_pedigree_analysis/data/fastqs/s463_1.fq.gz,/Users/shohei-noda/git/proj_wakayama_omi_pedigree_analysis/data/fastqs/s463_2.fq.gz
s498,/Users/shohei-noda/git/proj_wakayama_omi_pedigree_analysis/data/fastqs/s498_1.fq.gz,/Users/shohei-noda/git/proj_wakayama_omi_pedigree_analysis/data/fastqs/s498_2.fq.gz
s458,/Users/shohei-noda/git/proj_wakayama_omi_pedigree_analysis/data/fastqs/s458_1.fq.gz,/Users/shohei-noda/git/proj_wakayama_omi_pedigree_analysis/data/fastqs/s458_2.fq.gz
s454,/Users/shohei-noda/git/proj_wakayama_omi_pedigree_analysis/data/fastqs/s454_1.fq.gz,/Users/shohei-noda/git/proj_wakayama_omi_pedigree_analysis/data/fastqs/s454_2.fq.gz
s485,/Users/shohei-noda/git/proj_wakayama_omi_pedigree_analysis/data/fastqs/s485_1.fq.gz,/Users/shohei-noda/git/proj_wakayama_omi_pedigree_analysis/data/fastqs/s485_2.fq.gz
s496,/Users/shohei-noda/git/proj_wakayama_omi_pedigree_analysis/data/fastqs/s496_1.fq.gz,/Users/shohei-noda/git/proj_wakayama_omi_pedigree_analysis/data/fastqs/s496_2.fq.gz
S530,/Users/shohei-noda/git/proj_wakayama_omi_pedigree_analysis/data/fastqs/S530_1.fq.gz,/Users/shohei-noda/git/proj_wakayama_omi_pedigree_analysis/data/fastqs/S530_2.fq.gz
s510,/Users/shohei-noda/git/proj_wakayama_omi_pedigree_analysis/data/fastqs/s510_1.fq.gz,/Users/shohei-noda/git/proj_wakayama_omi_pedigree_analysis/data/fastqs/s510_2.fq.gz
S548,/Users/shohei-noda/git/proj_wakayama_omi_pedigree_analysis/data/fastqs/S548_1.fq.gz,/Users/shohei-noda/git/proj_wakayama_omi_pedigree_analysis/data/fastqs/S548_2.fq.gz
s531,/Users/shohei-noda/git/proj_wakayama_omi_pedigree_analysis/data/fastqs/s531_1.fq.gz,/Users/shohei-noda/git/proj_wakayama_omi_pedigree_analysis/data/fastqs/s531_2.fq.gz
S557,/Users/shohei-noda/git/proj_wakayama_omi_pedigree_analysis/data/fastqs/S557_1.fq.gz,/Users/shohei-noda/git/proj_wakayama_omi_pedigree_analysis/data/fastqs/S557_2.fq.gz
S512,/Users/shohei-noda/git/proj_wakayama_omi_pedigree_analysis/data/fastqs/S512_1.fq.gz,/Users/shohei-noda/git/proj_wakayama_omi_pedigree_analysis/data/fastqs/S512_2.fq.gz
s501,/Users/shohei-noda/git/proj_wakayama_omi_pedigree_analysis/data/fastqs/s501_1.fq.gz,/Users/shohei-noda/git/proj_wakayama_omi_pedigree_analysis/data/fastqs/s501_2.fq.gz
S580,/Users/shohei-noda/git/proj_wakayama_omi_pedigree_analysis/data/fastqs/S580_1.fq.gz,/Users/shohei-noda/git/proj_wakayama_omi_pedigree_analysis/data/fastqs/S580_2.fq.gz
s588,/Users/shohei-noda/git/proj_wakayama_omi_pedigree_analysis/data/fastqs/s588_1.fq.gz,/Users/shohei-noda/git/proj_wakayama_omi_pedigree_analysis/data/fastqs/s588_2.fq.gz
s542,/Users/shohei-noda/git/proj_wakayama_omi_pedigree_analysis/data/fastqs/s542_1.fq.gz,/Users/shohei-noda/git/proj_wakayama_omi_pedigree_analysis/data/fastqs/s542_2.fq.gz
s511,/Users/shohei-noda/git/proj_wakayama_omi_pedigree_analysis/data/fastqs/s511_1.fq.gz,/Users/shohei-noda/git/proj_wakayama_omi_pedigree_analysis/data/fastqs/s511_2.fq.gz
s523,/Users/shohei-noda/git/proj_wakayama_omi_pedigree_analysis/data/fastqs/s523_1.fq.gz,/Users/shohei-noda/git/proj_wakayama_omi_pedigree_analysis/data/fastqs/s523_2.fq.gz
s541,/Users/shohei-noda/git/proj_wakayama_omi_pedigree_analysis/data/fastqs/s541_1.fq.gz,/Users/shohei-noda/git/proj_wakayama_omi_pedigree_analysis/data/fastqs/s541_2.fq.gz
s539,/Users/shohei-noda/git/proj_wakayama_omi_pedigree_analysis/data/fastqs/s539_1.fq.gz,/Users/shohei-noda/git/proj_wakayama_omi_pedigree_analysis/data/fastqs/s539_2.fq.gz
s546,/Users/shohei-noda/git/proj_wakayama_omi_pedigree_analysis/data/fastqs/s546_1.fq.gz,/Users/shohei-noda/git/proj_wakayama_omi_pedigree_analysis/data/fastqs/s546_2.fq.gz
s528,/Users/shohei-noda/git/proj_wakayama_omi_pedigree_analysis/data/fastqs/s528_1.fq.gz,/Users/shohei-noda/git/proj_wakayama_omi_pedigree_analysis/data/fastqs/s528_2.fq.gz
s505,/Users/shohei-noda/git/proj_wakayama_omi_pedigree_analysis/data/fastqs/s505_1.fq.gz,/Users/shohei-noda/git/proj_wakayama_omi_pedigree_analysis/data/fastqs/s505_2.fq.gz
S514,/Users/shohei-noda/git/proj_wakayama_omi_pedigree_analysis/data/fastqs/S514_1.fq.gz,/Users/shohei-noda/git/proj_wakayama_omi_pedigree_analysis/data/fastqs/S514_2.fq.gz
s540,/Users/shohei-noda/git/proj_wakayama_omi_pedigree_analysis/data/fastqs/s540_1.fq.gz,/Users/shohei-noda/git/proj_wakayama_omi_pedigree_analysis/data/fastqs/s540_2.fq.gz
s509,/Users/shohei-noda/git/proj_wakayama_omi_pedigree_analysis/data/fastqs/s509_1.fq.gz,/Users/shohei-noda/git/proj_wakayama_omi_pedigree_analysis/data/fastqs/s509_2.fq.gz
s520,/Users/shohei-noda/git/proj_wakayama_omi_pedigree_analysis/data/fastqs/s520_1.fq.gz,/Users/shohei-noda/git/proj_wakayama_omi_pedigree_analysis/data/fastqs/s520_2.fq.gz
s529,/Users/shohei-noda/git/proj_wakayama_omi_pedigree_analysis/data/fastqs/s529_1.fq.gz,/Users/shohei-noda/git/proj_wakayama_omi_pedigree_analysis/data/fastqs/s529_2.fq.gz
s532,/Users/shohei-noda/git/proj_wakayama_omi_pedigree_analysis/data/fastqs/s532_1.fq.gz,/Users/shohei-noda/git/proj_wakayama_omi_pedigree_analysis/data/fastqs/s532_2.fq.gz
S599,/Users/shohei-noda/git/proj_wakayama_omi_pedigree_analysis/data/fastqs/S599_1.fq.gz,/Users/shohei-noda/git/proj_wakayama_omi_pedigree_analysis/data/fastqs/S599_2.fq.gz
S603,/Users/shohei-noda/git/proj_wakayama_omi_pedigree_analysis/data/fastqs/S603_1.fq.gz,/Users/shohei-noda/git/proj_wakayama_omi_pedigree_analysis/data/fastqs/S603_2.fq.gz
s593,/Users/shohei-noda/git/proj_wakayama_omi_pedigree_analysis/data/fastqs/s593_1.fq.gz,/Users/shohei-noda/git/proj_wakayama_omi_pedigree_analysis/data/fastqs/s593_2.fq.gz
S638,/Users/shohei-noda/git/proj_wakayama_omi_pedigree_analysis/data/fastqs/S638_1.fq.gz,/Users/shohei-noda/git/proj_wakayama_omi_pedigree_analysis/data/fastqs/S638_2.fq.gz
S657,/Users/shohei-noda/git/proj_wakayama_omi_pedigree_analysis/data/fastqs/S657_1.fq.gz,/Users/shohei-noda/git/proj_wakayama_omi_pedigree_analysis/data/fastqs/S657_2.fq.gz
s565,/Users/shohei-noda/git/proj_wakayama_omi_pedigree_analysis/data/fastqs/s565_1.fq.gz,/Users/shohei-noda/git/proj_wakayama_omi_pedigree_analysis/data/fastqs/s565_2.fq.gz
s592,/Users/shohei-noda/git/proj_wakayama_omi_pedigree_analysis/data/fastqs/s592_1.fq.gz,/Users/shohei-noda/git/proj_wakayama_omi_pedigree_analysis/data/fastqs/s592_2.fq.gz
s559,/Users/shohei-noda/git/proj_wakayama_omi_pedigree_analysis/data/fastqs/s559_1.fq.gz,/Users/shohei-noda/git/proj_wakayama_omi_pedigree_analysis/data/fastqs/s559_2.fq.gz
S591,/Users/shohei-noda/git/proj_wakayama_omi_pedigree_analysis/data/fastqs/S591_1.fq.gz,/Users/shohei-noda/git/proj_wakayama_omi_pedigree_analysis/data/fastqs/S591_2.fq.gz
s553,/Users/shohei-noda/git/proj_wakayama_omi_pedigree_analysis/data/fastqs/s553_1.fq.gz,/Users/shohei-noda/git/proj_wakayama_omi_pedigree_analysis/data/fastqs/s553_2.fq.gz
s581,/Users/shohei-noda/git/proj_wakayama_omi_pedigree_analysis/data/fastqs/s581_1.fq.gz,/Users/shohei-noda/git/proj_wakayama_omi_pedigree_analysis/data/fastqs/s581_2.fq.gz
s595,/Users/shohei-noda/git/proj_wakayama_omi_pedigree_analysis/data/fastqs/s595_1.fq.gz,/Users/shohei-noda/git/proj_wakayama_omi_pedigree_analysis/data/fastqs/s595_2.fq.gz
s598,/Users/shohei-noda/git/proj_wakayama_omi_pedigree_analysis/data/fastqs/s598_1.fq.gz,/Users/shohei-noda/git/proj_wakayama_omi_pedigree_analysis/data/fastqs/s598_2.fq.gz
s573,/Users/shohei-noda/git/proj_wakayama_omi_pedigree_analysis/data/fastqs/s573_1.fq.gz,/Users/shohei-noda/git/proj_wakayama_omi_pedigree_analysis/data/fastqs/s573_2.fq.gz
s567,/Users/shohei-noda/git/proj_wakayama_omi_pedigree_analysis/data/fastqs/s567_1.fq.gz,/Users/shohei-noda/git/proj_wakayama_omi_pedigree_analysis/data/fastqs/s567_2.fq.gz
s554,/Users/shohei-noda/git/proj_wakayama_omi_pedigree_analysis/data/fastqs/s554_1.fq.gz,/Users/shohei-noda/git/proj_wakayama_omi_pedigree_analysis/data/fastqs/s554_2.fq.gz
S694,/Users/shohei-noda/git/proj_wakayama_omi_pedigree_analysis/data/fastqs/S694_1.fq.gz,/Users/shohei-noda/git/proj_wakayama_omi_pedigree_analysis/data/fastqs/S694_2.fq.gz
s562,/Users/shohei-noda/git/proj_wakayama_omi_pedigree_analysis/data/fastqs/s562_1.fq.gz,/Users/shohei-noda/git/proj_wakayama_omi_pedigree_analysis/data/fastqs/s562_2.fq.gz
s596,/Users/shohei-noda/git/proj_wakayama_omi_pedigree_analysis/data/fastqs/s596_1.fq.gz,/Users/shohei-noda/git/proj_wakayama_omi_pedigree_analysis/data/fastqs/s596_2.fq.gz
s568,/Users/shohei-noda/git/proj_wakayama_omi_pedigree_analysis/data/fastqs/s568_1.fq.gz,/Users/shohei-noda/git/proj_wakayama_omi_pedigree_analysis/data/fastqs/s568_2.fq.gz
s552,/Users/shohei-noda/git/proj_wakayama_omi_pedigree_analysis/data/fastqs/s552_1.fq.gz,/Users/shohei-noda/git/proj_wakayama_omi_pedigree_analysis/data/fastqs/s552_2.fq.gz
s590,/Users/shohei-noda/git/proj_wakayama_omi_pedigree_analysis/data/fastqs/s590_1.fq.gz,/Users/shohei-noda/git/proj_wakayama_omi_pedigree_analysis/data/fastqs/s590_2.fq.gz
S583,/Users/shohei-noda/git/proj_wakayama_omi_pedigree_analysis/data/fastqs/S583_1.fq.gz,/Users/shohei-noda/git/proj_wakayama_omi_pedigree_analysis/data/fastqs/S583_2.fq.gz
s560,/Users/shohei-noda/git/proj_wakayama_omi_pedigree_analysis/data/fastqs/s560_1.fq.gz,/Users/shohei-noda/git/proj_wakayama_omi_pedigree_analysis/data/fastqs/s560_2.fq.gz
s572,/Users/shohei-noda/git/proj_wakayama_omi_pedigree_analysis/data/fastqs/s572_1.fq.gz,/Users/shohei-noda/git/proj_wakayama_omi_pedigree_analysis/data/fastqs/s572_2.fq.gz
s597,/Users/shohei-noda/git/proj_wakayama_omi_pedigree_analysis/data/fastqs/s597_1.fq.gz,/Users/shohei-noda/git/proj_wakayama_omi_pedigree_analysis/data/fastqs/s597_2.fq.gz
s563,/Users/shohei-noda/git/proj_wakayama_omi_pedigree_analysis/data/fastqs/s563_1.fq.gz,/Users/shohei-noda/git/proj_wakayama_omi_pedigree_analysis/data/fastqs/s563_2.fq.gz
S724,/Users/shohei-noda/git/proj_wakayama_omi_pedigree_analysis/data/fastqs/S724_1.fq.gz,/Users/shohei-noda/git/proj_wakayama_omi_pedigree_analysis/data/fastqs/S724_2.fq.gz
s600,/Users/shohei-noda/git/proj_wakayama_omi_pedigree_analysis/data/fastqs/s600_1.fq.gz,/Users/shohei-noda/git/proj_wakayama_omi_pedigree_analysis/data/fastqs/s600_2.fq.gz
S556,/Users/shohei-noda/git/proj_wakayama_omi_pedigree_analysis/data/fastqs/S556_1.fq.gz,/Users/shohei-noda/git/proj_wakayama_omi_pedigree_analysis/data/fastqs/S556_2.fq.gz
s586,/Users/shohei-noda/git/proj_wakayama_omi_pedigree_analysis/data/fastqs/s586_1.fq.gz,/Users/shohei-noda/git/proj_wakayama_omi_pedigree_analysis/data/fastqs/s586_2.fq.gz
s617,/Users/shohei-noda/git/proj_wakayama_omi_pedigree_analysis/data/fastqs/s617_1.fq.gz,/Users/shohei-noda/git/proj_wakayama_omi_pedigree_analysis/data/fastqs/s617_2.fq.gz
s636,/Users/shohei-noda/git/proj_wakayama_omi_pedigree_analysis/data/fastqs/s636_1.fq.gz,/Users/shohei-noda/git/proj_wakayama_omi_pedigree_analysis/data/fastqs/s636_2.fq.gz
s642,/Users/shohei-noda/git/proj_wakayama_omi_pedigree_analysis/data/fastqs/s642_1.fq.gz,/Users/shohei-noda/git/proj_wakayama_omi_pedigree_analysis/data/fastqs/s642_2.fq.gz
S630,/Users/shohei-noda/git/proj_wakayama_omi_pedigree_analysis/data/fastqs/S630_1.fq.gz,/Users/shohei-noda/git/proj_wakayama_omi_pedigree_analysis/data/fastqs/S630_2.fq.gz
s614,/Users/shohei-noda/git/proj_wakayama_omi_pedigree_analysis/data/fastqs/s614_1.fq.gz,/Users/shohei-noda/git/proj_wakayama_omi_pedigree_analysis/data/fastqs/s614_2.fq.gz
s611,/Users/shohei-noda/git/proj_wakayama_omi_pedigree_analysis/data/fastqs/s611_1.fq.gz,/Users/shohei-noda/git/proj_wakayama_omi_pedigree_analysis/data/fastqs/s611_2.fq.gz
s608,/Users/shohei-noda/git/proj_wakayama_omi_pedigree_analysis/data/fastqs/s608_1.fq.gz,/Users/shohei-noda/git/proj_wakayama_omi_pedigree_analysis/data/fastqs/s608_2.fq.gz
s604,/Users/shohei-noda/git/proj_wakayama_omi_pedigree_analysis/data/fastqs/s604_1.fq.gz,/Users/shohei-noda/git/proj_wakayama_omi_pedigree_analysis/data/fastqs/s604_2.fq.gz
s624,/Users/shohei-noda/git/proj_wakayama_omi_pedigree_analysis/data/fastqs/s624_1.fq.gz,/Users/shohei-noda/git/proj_wakayama_omi_pedigree_analysis/data/fastqs/s624_2.fq.gz
s619,/Users/shohei-noda/git/proj_wakayama_omi_pedigree_analysis/data/fastqs/s619_1.fq.gz,/Users/shohei-noda/git/proj_wakayama_omi_pedigree_analysis/data/fastqs/s619_2.fq.gz
s643,/Users/shohei-noda/git/proj_wakayama_omi_pedigree_analysis/data/fastqs/s643_1.fq.gz,/Users/shohei-noda/git/proj_wakayama_omi_pedigree_analysis/data/fastqs/s643_2.fq.gz
s647,/Users/shohei-noda/git/proj_wakayama_omi_pedigree_analysis/data/fastqs/s647_1.fq.gz,/Users/shohei-noda/git/proj_wakayama_omi_pedigree_analysis/data/fastqs/s647_2.fq.gz
s605,/Users/shohei-noda/git/proj_wakayama_omi_pedigree_analysis/data/fastqs/s605_1.fq.gz,/Users/shohei-noda/git/proj_wakayama_omi_pedigree_analysis/data/fastqs/s605_2.fq.gz
s613,/Users/shohei-noda/git/proj_wakayama_omi_pedigree_analysis/data/fastqs/s613_1.fq.gz,/Users/shohei-noda/git/proj_wakayama_omi_pedigree_analysis/data/fastqs/s613_2.fq.gz
s634,/Users/shohei-noda/git/proj_wakayama_omi_pedigree_analysis/data/fastqs/s634_1.fq.gz,/Users/shohei-noda/git/proj_wakayama_omi_pedigree_analysis/data/fastqs/s634_2.fq.gz
s650,/Users/shohei-noda/git/proj_wakayama_omi_pedigree_analysis/data/fastqs/s650_1.fq.gz,/Users/shohei-noda/git/proj_wakayama_omi_pedigree_analysis/data/fastqs/s650_2.fq.gz
s610,/Users/shohei-noda/git/proj_wakayama_omi_pedigree_analysis/data/fastqs/s610_1.fq.gz,/Users/shohei-noda/git/proj_wakayama_omi_pedigree_analysis/data/fastqs/s610_2.fq.gz
s635,/Users/shohei-noda/git/proj_wakayama_omi_pedigree_analysis/data/fastqs/s635_1.fq.gz,/Users/shohei-noda/git/proj_wakayama_omi_pedigree_analysis/data/fastqs/s635_2.fq.gz
s626,/Users/shohei-noda/git/proj_wakayama_omi_pedigree_analysis/data/fastqs/s626_1.fq.gz,/Users/shohei-noda/git/proj_wakayama_omi_pedigree_analysis/data/fastqs/s626_2.fq.gz
S727,/Users/shohei-noda/git/proj_wakayama_omi_pedigree_analysis/data/fastqs/S727_1.fq.gz,/Users/shohei-noda/git/proj_wakayama_omi_pedigree_analysis/data/fastqs/S727_2.fq.gz
s607,/Users/shohei-noda/git/proj_wakayama_omi_pedigree_analysis/data/fastqs/s607_1.fq.gz,/Users/shohei-noda/git/proj_wakayama_omi_pedigree_analysis/data/fastqs/s607_2.fq.gz
s616,/Users/shohei-noda/git/proj_wakayama_omi_pedigree_analysis/data/fastqs/s616_1.fq.gz,/Users/shohei-noda/git/proj_wakayama_omi_pedigree_analysis/data/fastqs/s616_2.fq.gz
s627,/Users/shohei-noda/git/proj_wakayama_omi_pedigree_analysis/data/fastqs/s627_1.fq.gz,/Users/shohei-noda/git/proj_wakayama_omi_pedigree_analysis/data/fastqs/s627_2.fq.gz
s649,/Users/shohei-noda/git/proj_wakayama_omi_pedigree_analysis/data/fastqs/s649_1.fq.gz,/Users/shohei-noda/git/proj_wakayama_omi_pedigree_analysis/data/fastqs/s649_2.fq.gz
s629,/Users/shohei-noda/git/proj_wakayama_omi_pedigree_analysis/data/fastqs/s629_1.fq.gz,/Users/shohei-noda/git/proj_wakayama_omi_pedigree_analysis/data/fastqs/s629_2.fq.gz
s612,/Users/shohei-noda/git/proj_wakayama_omi_pedigree_analysis/data/fastqs/s612_1.fq.gz,/Users/shohei-noda/git/proj_wakayama_omi_pedigree_analysis/data/fastqs/s612_2.fq.gz
S735,/Users/shohei-noda/git/proj_wakayama_omi_pedigree_analysis/data/fastqs/S735_1.fq.gz,/Users/shohei-noda/git/proj_wakayama_omi_pedigree_analysis/data/fastqs/S735_2.fq.gz
s601,/Users/shohei-noda/git/proj_wakayama_omi_pedigree_analysis/data/fastqs/s601_1.fq.gz,/Users/shohei-noda/git/proj_wakayama_omi_pedigree_analysis/data/fastqs/s601_2.fq.gz
s623,/Users/shohei-noda/git/proj_wakayama_omi_pedigree_analysis/data/fastqs/s623_1.fq.gz,/Users/shohei-noda/git/proj_wakayama_omi_pedigree_analysis/data/fastqs/s623_2.fq.gz
s645,/Users/shohei-noda/git/proj_wakayama_omi_pedigree_analysis/data/fastqs/s645_1.fq.gz,/Users/shohei-noda/git/proj_wakayama_omi_pedigree_analysis/data/fastqs/s645_2.fq.gz
s631,/Users/shohei-noda/git/proj_wakayama_omi_pedigree_analysis/data/fastqs/s631_1.fq.gz,/Users/shohei-noda/git/proj_wakayama_omi_pedigree_analysis/data/fastqs/s631_2.fq.gz
s656,/Users/shohei-noda/git/proj_wakayama_omi_pedigree_analysis/data/fastqs/s656_1.fq.gz,/Users/shohei-noda/git/proj_wakayama_omi_pedigree_analysis/data/fastqs/s656_2.fq.gz
s678,/Users/shohei-noda/git/proj_wakayama_omi_pedigree_analysis/data/fastqs/s678_1.fq.gz,/Users/shohei-noda/git/proj_wakayama_omi_pedigree_analysis/data/fastqs/s678_2.fq.gz
S789,/Users/shohei-noda/git/proj_wakayama_omi_pedigree_analysis/data/fastqs/S789_1.fq.gz,/Users/shohei-noda/git/proj_wakayama_omi_pedigree_analysis/data/fastqs/S789_2.fq.gz
s700,/Users/shohei-noda/git/proj_wakayama_omi_pedigree_analysis/data/fastqs/s700_1.fq.gz,/Users/shohei-noda/git/proj_wakayama_omi_pedigree_analysis/data/fastqs/s700_2.fq.gz
s699,/Users/shohei-noda/git/proj_wakayama_omi_pedigree_analysis/data/fastqs/s699_1.fq.gz,/Users/shohei-noda/git/proj_wakayama_omi_pedigree_analysis/data/fastqs/s699_2.fq.gz
s666,/Users/shohei-noda/git/proj_wakayama_omi_pedigree_analysis/data/fastqs/s666_1.fq.gz,/Users/shohei-noda/git/proj_wakayama_omi_pedigree_analysis/data/fastqs/s666_2.fq.gz
s658,/Users/shohei-noda/git/proj_wakayama_omi_pedigree_analysis/data/fastqs/s658_1.fq.gz,/Users/shohei-noda/git/proj_wakayama_omi_pedigree_analysis/data/fastqs/s658_2.fq.gz
s690,/Users/shohei-noda/git/proj_wakayama_omi_pedigree_analysis/data/fastqs/s690_1.fq.gz,/Users/shohei-noda/git/proj_wakayama_omi_pedigree_analysis/data/fastqs/s690_2.fq.gz
s677,/Users/shohei-noda/git/proj_wakayama_omi_pedigree_analysis/data/fastqs/s677_1.fq.gz,/Users/shohei-noda/git/proj_wakayama_omi_pedigree_analysis/data/fastqs/s677_2.fq.gz
s652,/Users/shohei-noda/git/proj_wakayama_omi_pedigree_analysis/data/fastqs/s652_1.fq.gz,/Users/shohei-noda/git/proj_wakayama_omi_pedigree_analysis/data/fastqs/s652_2.fq.gz
s680,/Users/shohei-noda/git/proj_wakayama_omi_pedigree_analysis/data/fastqs/s680_1.fq.gz,/Users/shohei-noda/git/proj_wakayama_omi_pedigree_analysis/data/fastqs/s680_2.fq.gz
s681,/Users/shohei-noda/git/proj_wakayama_omi_pedigree_analysis/data/fastqs/s681_1.fq.gz,/Users/shohei-noda/git/proj_wakayama_omi_pedigree_analysis/data/fastqs/s681_2.fq.gz
S663,/Users/shohei-noda/git/proj_wakayama_omi_pedigree_analysis/data/fastqs/S663_1.fq.gz,/Users/shohei-noda/git/proj_wakayama_omi_pedigree_analysis/data/fastqs/S663_2.fq.gz
s679,/Users/shohei-noda/git/proj_wakayama_omi_pedigree_analysis/data/fastqs/s679_1.fq.gz,/Users/shohei-noda/git/proj_wakayama_omi_pedigree_analysis/data/fastqs/s679_2.fq.gz
s693,/Users/shohei-noda/git/proj_wakayama_omi_pedigree_analysis/data/fastqs/s693_1.fq.gz,/Users/shohei-noda/git/proj_wakayama_omi_pedigree_analysis/data/fastqs/s693_2.fq.gz
s684,/Users/shohei-noda/git/proj_wakayama_omi_pedigree_analysis/data/fastqs/s684_1.fq.gz,/Users/shohei-noda/git/proj_wakayama_omi_pedigree_analysis/data/fastqs/s684_2.fq.gz
s698,/Users/shohei-noda/git/proj_wakayama_omi_pedigree_analysis/data/fastqs/s698_1.fq.gz,/Users/shohei-noda/git/proj_wakayama_omi_pedigree_analysis/data/fastqs/s698_2.fq.gz
s655,/Users/shohei-noda/git/proj_wakayama_omi_pedigree_analysis/data/fastqs/s655_1.fq.gz,/Users/shohei-noda/git/proj_wakayama_omi_pedigree_analysis/data/fastqs/s655_2.fq.gz
s685,/Users/shohei-noda/git/proj_wakayama_omi_pedigree_analysis/data/fastqs/s685_1.fq.gz,/Users/shohei-noda/git/proj_wakayama_omi_pedigree_analysis/data/fastqs/s685_2.fq.gz
s686,/Users/shohei-noda/git/proj_wakayama_omi_pedigree_analysis/data/fastqs/s686_1.fq.gz,/Users/shohei-noda/git/proj_wakayama_omi_pedigree_analysis/data/fastqs/s686_2.fq.gz
s665,/Users/shohei-noda/git/proj_wakayama_omi_pedigree_analysis/data/fastqs/s665_1.fq.gz,/Users/shohei-noda/git/proj_wakayama_omi_pedigree_analysis/data/fastqs/s665_2.fq.gz
s669,/Users/shohei-noda/git/proj_wakayama_omi_pedigree_analysis/data/fastqs/s669_1.fq.gz,/Users/shohei-noda/git/proj_wakayama_omi_pedigree_analysis/data/fastqs/s669_2.fq.gz
s676,/Users/shohei-noda/git/proj_wakayama_omi_pedigree_analysis/data/fastqs/s676_1.fq.gz,/Users/shohei-noda/git/proj_wakayama_omi_pedigree_analysis/data/fastqs/s676_2.fq.gz
s691,/Users/shohei-noda/git/proj_wakayama_omi_pedigree_analysis/data/fastqs/s691_1.fq.gz,/Users/shohei-noda/git/proj_wakayama_omi_pedigree_analysis/data/fastqs/s691_2.fq.gz
s664,/Users/shohei-noda/git/proj_wakayama_omi_pedigree_analysis/data/fastqs/s664_1.fq.gz,/Users/shohei-noda/git/proj_wakayama_omi_pedigree_analysis/data/fastqs/s664_2.fq.gz
s697,/Users/shohei-noda/git/proj_wakayama_omi_pedigree_analysis/data/fastqs/s697_1.fq.gz,/Users/shohei-noda/git/proj_wakayama_omi_pedigree_analysis/data/fastqs/s697_2.fq.gz
s689,/Users/shohei-noda/git/proj_wakayama_omi_pedigree_analysis/data/fastqs/s689_1.fq.gz,/Users/shohei-noda/git/proj_wakayama_omi_pedigree_analysis/data/fastqs/s689_2.fq.gz
S794,/Users/shohei-noda/git/proj_wakayama_omi_pedigree_analysis/data/fastqs/S794_1.fq.gz,/Users/shohei-noda/git/proj_wakayama_omi_pedigree_analysis/data/fastqs/S794_2.fq.gz
s682,/Users/shohei-noda/git/proj_wakayama_omi_pedigree_analysis/data/fastqs/s682_1.fq.gz,/Users/shohei-noda/git/proj_wakayama_omi_pedigree_analysis/data/fastqs/s682_2.fq.gz
s716,/Users/shohei-noda/git/proj_wakayama_omi_pedigree_analysis/data/fastqs/s716_1.fq.gz,/Users/shohei-noda/git/proj_wakayama_omi_pedigree_analysis/data/fastqs/s716_2.fq.gz
s707,/Users/shohei-noda/git/proj_wakayama_omi_pedigree_analysis/data/fastqs/s707_1.fq.gz,/Users/shohei-noda/git/proj_wakayama_omi_pedigree_analysis/data/fastqs/s707_2.fq.gz
s749,/Users/shohei-noda/git/proj_wakayama_omi_pedigree_analysis/data/fastqs/s749_1.fq.gz,/Users/shohei-noda/git/proj_wakayama_omi_pedigree_analysis/data/fastqs/s749_2.fq.gz
s731,/Users/shohei-noda/git/proj_wakayama_omi_pedigree_analysis/data/fastqs/s731_1.fq.gz,/Users/shohei-noda/git/proj_wakayama_omi_pedigree_analysis/data/fastqs/s731_2.fq.gz
s717,/Users/shohei-noda/git/proj_wakayama_omi_pedigree_analysis/data/fastqs/s717_1.fq.gz,/Users/shohei-noda/git/proj_wakayama_omi_pedigree_analysis/data/fastqs/s717_2.fq.gz
s737,/Users/shohei-noda/git/proj_wakayama_omi_pedigree_analysis/data/fastqs/s737_1.fq.gz,/Users/shohei-noda/git/proj_wakayama_omi_pedigree_analysis/data/fastqs/s737_2.fq.gz
s743,/Users/shohei-noda/git/proj_wakayama_omi_pedigree_analysis/data/fastqs/s743_1.fq.gz,/Users/shohei-noda/git/proj_wakayama_omi_pedigree_analysis/data/fastqs/s743_2.fq.gz
S799,/Users/shohei-noda/git/proj_wakayama_omi_pedigree_analysis/data/fastqs/S799_1.fq.gz,/Users/shohei-noda/git/proj_wakayama_omi_pedigree_analysis/data/fastqs/S799_2.fq.gz
s729,/Users/shohei-noda/git/proj_wakayama_omi_pedigree_analysis/data/fastqs/s729_1.fq.gz,/Users/shohei-noda/git/proj_wakayama_omi_pedigree_analysis/data/fastqs/s729_2.fq.gz
s726,/Users/shohei-noda/git/proj_wakayama_omi_pedigree_analysis/data/fastqs/s726_1.fq.gz,/Users/shohei-noda/git/proj_wakayama_omi_pedigree_analysis/data/fastqs/s726_2.fq.gz
s746,/Users/shohei-noda/git/proj_wakayama_omi_pedigree_analysis/data/fastqs/s746_1.fq.gz,/Users/shohei-noda/git/proj_wakayama_omi_pedigree_analysis/data/fastqs/s746_2.fq.gz
s732,/Users/shohei-noda/git/proj_wakayama_omi_pedigree_analysis/data/fastqs/s732_1.fq.gz,/Users/shohei-noda/git/proj_wakayama_omi_pedigree_analysis/data/fastqs/s732_2.fq.gz
s705,/Users/shohei-noda/git/proj_wakayama_omi_pedigree_analysis/data/fastqs/s705_1.fq.gz,/Users/shohei-noda/git/proj_wakayama_omi_pedigree_analysis/data/fastqs/s705_2.fq.gz
s711,/Users/shohei-noda/git/proj_wakayama_omi_pedigree_analysis/data/fastqs/s711_1.fq.gz,/Users/shohei-noda/git/proj_wakayama_omi_pedigree_analysis/data/fastqs/s711_2.fq.gz
s733,/Users/shohei-noda/git/proj_wakayama_omi_pedigree_analysis/data/fastqs/s733_1.fq.gz,/Users/shohei-noda/git/proj_wakayama_omi_pedigree_analysis/data/fastqs/s733_2.fq.gz
S817,/Users/shohei-noda/git/proj_wakayama_omi_pedigree_analysis/data/fastqs/S817_1.fq.gz,/Users/shohei-noda/git/proj_wakayama_omi_pedigree_analysis/data/fastqs/S817_2.fq.gz
s712,/Users/shohei-noda/git/proj_wakayama_omi_pedigree_analysis/data/fastqs/s712_1.fq.gz,/Users/shohei-noda/git/proj_wakayama_omi_pedigree_analysis/data/fastqs/s712_2.fq.gz
s748,/Users/shohei-noda/git/proj_wakayama_omi_pedigree_analysis/data/fastqs/s748_1.fq.gz,/Users/shohei-noda/git/proj_wakayama_omi_pedigree_analysis/data/fastqs/s748_2.fq.gz
S736,/Users/shohei-noda/git/proj_wakayama_omi_pedigree_analysis/data/fastqs/S736_1.fq.gz,/Users/shohei-noda/git/proj_wakayama_omi_pedigree_analysis/data/fastqs/S736_2.fq.gz
s715,/Users/shohei-noda/git/proj_wakayama_omi_pedigree_analysis/data/fastqs/s715_1.fq.gz,/Users/shohei-noda/git/proj_wakayama_omi_pedigree_analysis/data/fastqs/s715_2.fq.gz
s730,/Users/shohei-noda/git/proj_wakayama_omi_pedigree_analysis/data/fastqs/s730_1.fq.gz,/Users/shohei-noda/git/proj_wakayama_omi_pedigree_analysis/data/fastqs/s730_2.fq.gz
s703,/Users/shohei-noda/git/proj_wakayama_omi_pedigree_analysis/data/fastqs/s703_1.fq.gz,/Users/shohei-noda/git/proj_wakayama_omi_pedigree_analysis/data/fastqs/s703_2.fq.gz
s739,/Users/shohei-noda/git/proj_wakayama_omi_pedigree_analysis/data/fastqs/s739_1.fq.gz,/Users/shohei-noda/git/proj_wakayama_omi_pedigree_analysis/data/fastqs/s739_2.fq.gz
S821,/Users/shohei-noda/git/proj_wakayama_omi_pedigree_analysis/data/fastqs/S821_1.fq.gz,/Users/shohei-noda/git/proj_wakayama_omi_pedigree_analysis/data/fastqs/S821_2.fq.gz
s720,/Users/shohei-noda/git/proj_wakayama_omi_pedigree_analysis/data/fastqs/s720_1.fq.gz,/Users/shohei-noda/git/proj_wakayama_omi_pedigree_analysis/data/fastqs/s720_2.fq.gz
s747,/Users/shohei-noda/git/proj_wakayama_omi_pedigree_analysis/data/fastqs/s747_1.fq.gz,/Users/shohei-noda/git/proj_wakayama_omi_pedigree_analysis/data/fastqs/s747_2.fq.gz
s704,/Users/shohei-noda/git/proj_wakayama_omi_pedigree_analysis/data/fastqs/s704_1.fq.gz,/Users/shohei-noda/git/proj_wakayama_omi_pedigree_analysis/data/fastqs/s704_2.fq.gz
S826,/Users/shohei-noda/git/proj_wakayama_omi_pedigree_analysis/data/fastqs/S826_1.fq.gz,/Users/shohei-noda/git/proj_wakayama_omi_pedigree_analysis/data/fastqs/S826_2.fq.gz
s791,/Users/shohei-noda/git/proj_wakayama_omi_pedigree_analysis/data/fastqs/s791_1.fq.gz,/Users/shohei-noda/git/proj_wakayama_omi_pedigree_analysis/data/fastqs/s791_2.fq.gz
s772,/Users/shohei-noda/git/proj_wakayama_omi_pedigree_analysis/data/fastqs/s772_1.fq.gz,/Users/shohei-noda/git/proj_wakayama_omi_pedigree_analysis/data/fastqs/s772_2.fq.gz
s787,/Users/shohei-noda/git/proj_wakayama_omi_pedigree_analysis/data/fastqs/s787_1.fq.gz,/Users/shohei-noda/git/proj_wakayama_omi_pedigree_analysis/data/fastqs/s787_2.fq.gz
S844,/Users/shohei-noda/git/proj_wakayama_omi_pedigree_analysis/data/fastqs/S844_1.fq.gz,/Users/shohei-noda/git/proj_wakayama_omi_pedigree_analysis/data/fastqs/S844_2.fq.gz
S849,/Users/shohei-noda/git/proj_wakayama_omi_pedigree_analysis/data/fastqs/S849_1.fq.gz,/Users/shohei-noda/git/proj_wakayama_omi_pedigree_analysis/data/fastqs/S849_2.fq.gz
s776,/Users/shohei-noda/git/proj_wakayama_omi_pedigree_analysis/data/fastqs/s776_1.fq.gz,/Users/shohei-noda/git/proj_wakayama_omi_pedigree_analysis/data/fastqs/s776_2.fq.gz
s779,/Users/shohei-noda/git/proj_wakayama_omi_pedigree_analysis/data/fastqs/s779_1.fq.gz,/Users/shohei-noda/git/proj_wakayama_omi_pedigree_analysis/data/fastqs/s779_2.fq.gz
s786,/Users/shohei-noda/git/proj_wakayama_omi_pedigree_analysis/data/fastqs/s786_1.fq.gz,/Users/shohei-noda/git/proj_wakayama_omi_pedigree_analysis/data/fastqs/s786_2.fq.gz
s793,/Users/shohei-noda/git/proj_wakayama_omi_pedigree_analysis/data/fastqs/s793_1.fq.gz,/Users/shohei-noda/git/proj_wakayama_omi_pedigree_analysis/data/fastqs/s793_2.fq.gz
S788,/Users/shohei-noda/git/proj_wakayama_omi_pedigree_analysis/data/fastqs/S788_1.fq.gz,/Users/shohei-noda/git/proj_wakayama_omi_pedigree_analysis/data/fastqs/S788_2.fq.gz
s806,/Users/shohei-noda/git/proj_wakayama_omi_pedigree_analysis/data/fastqs/s806_1.fq.gz,/Users/shohei-noda/git/proj_wakayama_omi_pedigree_analysis/data/fastqs/s806_2.fq.gz
s803,/Users/shohei-noda/git/proj_wakayama_omi_pedigree_analysis/data/fastqs/s803_1.fq.gz,/Users/shohei-noda/git/proj_wakayama_omi_pedigree_analysis/data/fastqs/s803_2.fq.gz
s812,/Users/shohei-noda/git/proj_wakayama_omi_pedigree_analysis/data/fastqs/s812_1.fq.gz,/Users/shohei-noda/git/proj_wakayama_omi_pedigree_analysis/data/fastqs/s812_2.fq.gz
s815,/Users/shohei-noda/git/proj_wakayama_omi_pedigree_analysis/data/fastqs/s815_1.fq.gz,/Users/shohei-noda/git/proj_wakayama_omi_pedigree_analysis/data/fastqs/s815_2.fq.gz
s811,/Users/shohei-noda/git/proj_wakayama_omi_pedigree_analysis/data/fastqs/s811_1.fq.gz,/Users/shohei-noda/git/proj_wakayama_omi_pedigree_analysis/data/fastqs/s811_2.fq.gz
s813,/Users/shohei-noda/git/proj_wakayama_omi_pedigree_analysis/data/fastqs/s813_1.fq.gz,/Users/shohei-noda/git/proj_wakayama_omi_pedigree_analysis/data/fastqs/s813_2.fq.gz
s805,/Users/shohei-noda/git/proj_wakayama_omi_pedigree_analysis/data/fastqs/s805_1.fq.gz,/Users/shohei-noda/git/proj_wakayama_omi_pedigree_analysis/data/fastqs/s805_2.fq.gz
s846,/Users/shohei-noda/git/proj_wakayama_omi_pedigree_analysis/data/fastqs/s846_1.fq.gz,/Users/shohei-noda/git/proj_wakayama_omi_pedigree_analysis/data/fastqs/s846_2.fq.gz
s842,/Users/shohei-noda/git/proj_wakayama_omi_pedigree_analysis/data/fastqs/s842_1.fq.gz,/Users/shohei-noda/git/proj_wakayama_omi_pedigree_analysis/data/fastqs/s842_2.fq.gz
S866,/Users/shohei-noda/git/proj_wakayama_omi_pedigree_analysis/data/fastqs/S866_1.fq.gz,/Users/shohei-noda/git/proj_wakayama_omi_pedigree_analysis/data/fastqs/S866_2.fq.gz
s834,/Users/shohei-noda/git/proj_wakayama_omi_pedigree_analysis/data/fastqs/s834_1.fq.gz,/Users/shohei-noda/git/proj_wakayama_omi_pedigree_analysis/data/fastqs/s834_2.fq.gz
s814,/Users/shohei-noda/git/proj_wakayama_omi_pedigree_analysis/data/fastqs/s814_1.fq.gz,/Users/shohei-noda/git/proj_wakayama_omi_pedigree_analysis/data/fastqs/s814_2.fq.gz
s825,/Users/shohei-noda/git/proj_wakayama_omi_pedigree_analysis/data/fastqs/s825_1.fq.gz,/Users/shohei-noda/git/proj_wakayama_omi_pedigree_analysis/data/fastqs/s825_2.fq.gz
s830,/Users/shohei-noda/git/proj_wakayama_omi_pedigree_analysis/data/fastqs/s830_1.fq.gz,/Users/shohei-noda/git/proj_wakayama_omi_pedigree_analysis/data/fastqs/s830_2.fq.gz
S869,/Users/shohei-noda/git/proj_wakayama_omi_pedigree_analysis/data/fastqs/S869_1.fq.gz,/Users/shohei-noda/git/proj_wakayama_omi_pedigree_analysis/data/fastqs/S869_2.fq.gz
S889,/Users/shohei-noda/git/proj_wakayama_omi_pedigree_analysis/data/fastqs/S889_1.fq.gz,/Users/shohei-noda/git/proj_wakayama_omi_pedigree_analysis/data/fastqs/S889_2.fq.gz
s845,/Users/shohei-noda/git/proj_wakayama_omi_pedigree_analysis/data/fastqs/s845_1.fq.gz,/Users/shohei-noda/git/proj_wakayama_omi_pedigree_analysis/data/fastqs/s845_2.fq.gz
s816,/Users/shohei-noda/git/proj_wakayama_omi_pedigree_analysis/data/fastqs/s816_1.fq.gz,/Users/shohei-noda/git/proj_wakayama_omi_pedigree_analysis/data/fastqs/s816_2.fq.gz
S1359,/Users/shohei-noda/git/proj_wakayama_omi_pedigree_analysis/data/fastqs/S1359_1.fq.gz,/Users/shohei-noda/git/proj_wakayama_omi_pedigree_analysis/data/fastqs/S1359_2.fq.gz
s824,/Users/shohei-noda/git/proj_wakayama_omi_pedigree_analysis/data/fastqs/s824_1.fq.gz,/Users/shohei-noda/git/proj_wakayama_omi_pedigree_analysis/data/fastqs/s824_2.fq.gz
s802,/Users/shohei-noda/git/proj_wakayama_omi_pedigree_analysis/data/fastqs/s802_1.fq.gz,/Users/shohei-noda/git/proj_wakayama_omi_pedigree_analysis/data/fastqs/s802_2.fq.gz
s850,/Users/shohei-noda/git/proj_wakayama_omi_pedigree_analysis/data/fastqs/s850_1.fq.gz,/Users/shohei-noda/git/proj_wakayama_omi_pedigree_analysis/data/fastqs/s850_2.fq.gz
s820,/Users/shohei-noda/git/proj_wakayama_omi_pedigree_analysis/data/fastqs/s820_1.fq.gz,/Users/shohei-noda/git/proj_wakayama_omi_pedigree_analysis/data/fastqs/s820_2.fq.gz
s828,/Users/shohei-noda/git/proj_wakayama_omi_pedigree_analysis/data/fastqs/s828_1.fq.gz,/Users/shohei-noda/git/proj_wakayama_omi_pedigree_analysis/data/fastqs/s828_2.fq.gz
S1384,/Users/shohei-noda/git/proj_wakayama_omi_pedigree_analysis/data/fastqs/S1384_1.fq.gz,/Users/shohei-noda/git/proj_wakayama_omi_pedigree_analysis/data/fastqs/S1384_2.fq.gz
s856,/Users/shohei-noda/git/proj_wakayama_omi_pedigree_analysis/data/fastqs/s856_1.fq.gz,/Users/shohei-noda/git/proj_wakayama_omi_pedigree_analysis/data/fastqs/s856_2.fq.gz
s855,/Users/shohei-noda/git/proj_wakayama_omi_pedigree_analysis/data/fastqs/s855_1.fq.gz,/Users/shohei-noda/git/proj_wakayama_omi_pedigree_analysis/data/fastqs/s855_2.fq.gz
s853,/Users/shohei-noda/git/proj_wakayama_omi_pedigree_analysis/data/fastqs/s853_1.fq.gz,/Users/shohei-noda/git/proj_wakayama_omi_pedigree_analysis/data/fastqs/s853_2.fq.gz
s868,/Users/shohei-noda/git/proj_wakayama_omi_pedigree_analysis/data/fastqs/s868_1.fq.gz,/Users/shohei-noda/git/proj_wakayama_omi_pedigree_analysis/data/fastqs/s868_2.fq.gz
S1404,/Users/shohei-noda/git/proj_wakayama_omi_pedigree_analysis/data/fastqs/S1404_1.fq.gz,/Users/shohei-noda/git/proj_wakayama_omi_pedigree_analysis/data/fastqs/S1404_2.fq.gz
S1410,/Users/shohei-noda/git/proj_wakayama_omi_pedigree_analysis/data/fastqs/S1410_1.fq.gz,/Users/shohei-noda/git/proj_wakayama_omi_pedigree_analysis/data/fastqs/S1410_2.fq.gz
S1417,/Users/shohei-noda/git/proj_wakayama_omi_pedigree_analysis/data/fastqs/S1417_1.fq.gz,/Users/shohei-noda/git/proj_wakayama_omi_pedigree_analysis/data/fastqs/S1417_2.fq.gz
s898,/Users/shohei-noda/git/proj_wakayama_omi_pedigree_analysis/data/fastqs/s898_1.fq.gz,/Users/shohei-noda/git/proj_wakayama_omi_pedigree_analysis/data/fastqs/s898_2.fq.gz
s893,/Users/shohei-noda/git/proj_wakayama_omi_pedigree_analysis/data/fastqs/s893_1.fq.gz,/Users/shohei-noda/git/proj_wakayama_omi_pedigree_analysis/data/fastqs/s893_2.fq.gz
s872,/Users/shohei-noda/git/proj_wakayama_omi_pedigree_analysis/data/fastqs/s872_1.fq.gz,/Users/shohei-noda/git/proj_wakayama_omi_pedigree_analysis/data/fastqs/s872_2.fq.gz
s890,/Users/shohei-noda/git/proj_wakayama_omi_pedigree_analysis/data/fastqs/s890_1.fq.gz,/Users/shohei-noda/git/proj_wakayama_omi_pedigree_analysis/data/fastqs/s890_2.fq.gz
s851,/Users/shohei-noda/git/proj_wakayama_omi_pedigree_analysis/data/fastqs/s851_1.fq.gz,/Users/shohei-noda/git/proj_wakayama_omi_pedigree_analysis/data/fastqs/s851_2.fq.gz
s871,/Users/shohei-noda/git/proj_wakayama_omi_pedigree_analysis/data/fastqs/s871_1.fq.gz,/Users/shohei-noda/git/proj_wakayama_omi_pedigree_analysis/data/fastqs/s871_2.fq.gz
s886,/Users/shohei-noda/git/proj_wakayama_omi_pedigree_analysis/data/fastqs/s886_1.fq.gz,/Users/shohei-noda/git/proj_wakayama_omi_pedigree_analysis/data/fastqs/s886_2.fq.gz
s885,/Users/shohei-noda/git/proj_wakayama_omi_pedigree_analysis/data/fastqs/s885_1.fq.gz,/Users/shohei-noda/git/proj_wakayama_omi_pedigree_analysis/data/fastqs/s885_2.fq.gz
s881,/Users/shohei-noda/git/proj_wakayama_omi_pedigree_analysis/data/fastqs/s881_1.fq.gz,/Users/shohei-noda/git/proj_wakayama_omi_pedigree_analysis/data/fastqs/s881_2.fq.gz
s884,/Users/shohei-noda/git/proj_wakayama_omi_pedigree_analysis/data/fastqs/s884_1.fq.gz,/Users/shohei-noda/git/proj_wakayama_omi_pedigree_analysis/data/fastqs/s884_2.fq.gz
s876,/Users/shohei-noda/git/proj_wakayama_omi_pedigree_analysis/data/fastqs/s876_1.fq.gz,/Users/shohei-noda/git/proj_wakayama_omi_pedigree_analysis/data/fastqs/s876_2.fq.gz
s1044,/Users/shohei-noda/git/proj_wakayama_omi_pedigree_analysis/data/fastqs/s1044_1.fq.gz,/Users/shohei-noda/git/proj_wakayama_omi_pedigree_analysis/data/fastqs/s1044_2.fq.gz
s1027,/Users/shohei-noda/git/proj_wakayama_omi_pedigree_analysis/data/fastqs/s1027_1.fq.gz,/Users/shohei-noda/git/proj_wakayama_omi_pedigree_analysis/data/fastqs/s1027_2.fq.gz
s1029,/Users/shohei-noda/git/proj_wakayama_omi_pedigree_analysis/data/fastqs/s1029_1.fq.gz,/Users/shohei-noda/git/proj_wakayama_omi_pedigree_analysis/data/fastqs/s1029_2.fq.gz
s1042,/Users/shohei-noda/git/proj_wakayama_omi_pedigree_analysis/data/fastqs/s1042_1.fq.gz,/Users/shohei-noda/git/proj_wakayama_omi_pedigree_analysis/data/fastqs/s1042_2.fq.gz
s1031,/Users/shohei-noda/git/proj_wakayama_omi_pedigree_analysis/data/fastqs/s1031_1.fq.gz,/Users/shohei-noda/git/proj_wakayama_omi_pedigree_analysis/data/fastqs/s1031_2.fq.gz
s1036,/Users/shohei-noda/git/proj_wakayama_omi_pedigree_analysis/data/fastqs/s1036_1.fq.gz,/Users/shohei-noda/git/proj_wakayama_omi_pedigree_analysis/data/fastqs/s1036_2.fq.gz
s1030,/Users/shohei-noda/git/proj_wakayama_omi_pedigree_analysis/data/fastqs/s1030_1.fq.gz,/Users/shohei-noda/git/proj_wakayama_omi_pedigree_analysis/data/fastqs/s1030_2.fq.gz
s1047,/Users/shohei-noda/git/proj_wakayama_omi_pedigree_analysis/data/fastqs/s1047_1.fq.gz,/Users/shohei-noda/git/proj_wakayama_omi_pedigree_analysis/data/fastqs/s1047_2.fq.gz
s1050,/Users/shohei-noda/git/proj_wakayama_omi_pedigree_analysis/data/fastqs/s1050_1.fq.gz,/Users/shohei-noda/git/proj_wakayama_omi_pedigree_analysis/data/fastqs/s1050_2.fq.gz
s1040,/Users/shohei-noda/git/proj_wakayama_omi_pedigree_analysis/data/fastqs/s1040_1.fq.gz,/Users/shohei-noda/git/proj_wakayama_omi_pedigree_analysis/data/fastqs/s1040_2.fq.gz
s1039,/Users/shohei-noda/git/proj_wakayama_omi_pedigree_analysis/data/fastqs/s1039_1.fq.gz,/Users/shohei-noda/git/proj_wakayama_omi_pedigree_analysis/data/fastqs/s1039_2.fq.gz
s1049,/Users/shohei-noda/git/proj_wakayama_omi_pedigree_analysis/data/fastqs/s1049_1.fq.gz,/Users/shohei-noda/git/proj_wakayama_omi_pedigree_analysis/data/fastqs/s1049_2.fq.gz
s1026,/Users/shohei-noda/git/proj_wakayama_omi_pedigree_analysis/data/fastqs/s1026_1.fq.gz,/Users/shohei-noda/git/proj_wakayama_omi_pedigree_analysis/data/fastqs/s1026_2.fq.gz
s1048,/Users/shohei-noda/git/proj_wakayama_omi_pedigree_analysis/data/fastqs/s1048_1.fq.gz,/Users/shohei-noda/git/proj_wakayama_omi_pedigree_analysis/data/fastqs/s1048_2.fq.gz
s1033,/Users/shohei-noda/git/proj_wakayama_omi_pedigree_analysis/data/fastqs/s1033_1.fq.gz,/Users/shohei-noda/git/proj_wakayama_omi_pedigree_analysis/data/fastqs/s1033_2.fq.gz
s1013,/Users/shohei-noda/git/proj_wakayama_omi_pedigree_analysis/data/fastqs/s1013_1.fq.gz,/Users/shohei-noda/git/proj_wakayama_omi_pedigree_analysis/data/fastqs/s1013_2.fq.gz
s1032,/Users/shohei-noda/git/proj_wakayama_omi_pedigree_analysis/data/fastqs/s1032_1.fq.gz,/Users/shohei-noda/git/proj_wakayama_omi_pedigree_analysis/data/fastqs/s1032_2.fq.gz
s1038,/Users/shohei-noda/git/proj_wakayama_omi_pedigree_analysis/data/fastqs/s1038_1.fq.gz,/Users/shohei-noda/git/proj_wakayama_omi_pedigree_analysis/data/fastqs/s1038_2.fq.gz
s1006,/Users/shohei-noda/git/proj_wakayama_omi_pedigree_analysis/data/fastqs/s1006_1.fq.gz,/Users/shohei-noda/git/proj_wakayama_omi_pedigree_analysis/data/fastqs/s1006_2.fq.gz
s1025,/Users/shohei-noda/git/proj_wakayama_omi_pedigree_analysis/data/fastqs/s1025_1.fq.gz,/Users/shohei-noda/git/proj_wakayama_omi_pedigree_analysis/data/fastqs/s1025_2.fq.gz
s1009,/Users/shohei-noda/git/proj_wakayama_omi_pedigree_analysis/data/fastqs/s1009_1.fq.gz,/Users/shohei-noda/git/proj_wakayama_omi_pedigree_analysis/data/fastqs/s1009_2.fq.gz
s1017,/Users/shohei-noda/git/proj_wakayama_omi_pedigree_analysis/data/fastqs/s1017_1.fq.gz,/Users/shohei-noda/git/proj_wakayama_omi_pedigree_analysis/data/fastqs/s1017_2.fq.gz
s1084,/Users/shohei-noda/git/proj_wakayama_omi_pedigree_analysis/data/fastqs/s1084_1.fq.gz,/Users/shohei-noda/git/proj_wakayama_omi_pedigree_analysis/data/fastqs/s1084_2.fq.gz
s1070,/Users/shohei-noda/git/proj_wakayama_omi_pedigree_analysis/data/fastqs/s1070_1.fq.gz,/Users/shohei-noda/git/proj_wakayama_omi_pedigree_analysis/data/fastqs/s1070_2.fq.gz
s1130,/Users/shohei-noda/git/proj_wakayama_omi_pedigree_analysis/data/fastqs/s1130_1.fq.gz,/Users/shohei-noda/git/proj_wakayama_omi_pedigree_analysis/data/fastqs/s1130_2.fq.gz
s1139,/Users/shohei-noda/git/proj_wakayama_omi_pedigree_analysis/data/fastqs/s1139_1.fq.gz,/Users/shohei-noda/git/proj_wakayama_omi_pedigree_analysis/data/fastqs/s1139_2.fq.gz
s1115,/Users/shohei-noda/git/proj_wakayama_omi_pedigree_analysis/data/fastqs/s1115_1.fq.gz,/Users/shohei-noda/git/proj_wakayama_omi_pedigree_analysis/data/fastqs/s1115_2.fq.gz
s1150,/Users/shohei-noda/git/proj_wakayama_omi_pedigree_analysis/data/fastqs/s1150_1.fq.gz,/Users/shohei-noda/git/proj_wakayama_omi_pedigree_analysis/data/fastqs/s1150_2.fq.gz
s1128,/Users/shohei-noda/git/proj_wakayama_omi_pedigree_analysis/data/fastqs/s1128_1.fq.gz,/Users/shohei-noda/git/proj_wakayama_omi_pedigree_analysis/data/fastqs/s1128_2.fq.gz
s1126,/Users/shohei-noda/git/proj_wakayama_omi_pedigree_analysis/data/fastqs/s1126_1.fq.gz,/Users/shohei-noda/git/proj_wakayama_omi_pedigree_analysis/data/fastqs/s1126_2.fq.gz
s1122,/Users/shohei-noda/git/proj_wakayama_omi_pedigree_analysis/data/fastqs/s1122_1.fq.gz,/Users/shohei-noda/git/proj_wakayama_omi_pedigree_analysis/data/fastqs/s1122_2.fq.gz
s1187,/Users/shohei-noda/git/proj_wakayama_omi_pedigree_analysis/data/fastqs/s1187_1.fq.gz,/Users/shohei-noda/git/proj_wakayama_omi_pedigree_analysis/data/fastqs/s1187_2.fq.gz
s1173,/Users/shohei-noda/git/proj_wakayama_omi_pedigree_analysis/data/fastqs/s1173_1.fq.gz,/Users/shohei-noda/git/proj_wakayama_omi_pedigree_analysis/data/fastqs/s1173_2.fq.gz
s1159,/Users/shohei-noda/git/proj_wakayama_omi_pedigree_analysis/data/fastqs/s1159_1.fq.gz,/Users/shohei-noda/git/proj_wakayama_omi_pedigree_analysis/data/fastqs/s1159_2.fq.gz
s1162,/Users/shohei-noda/git/proj_wakayama_omi_pedigree_analysis/data/fastqs/s1162_1.fq.gz,/Users/shohei-noda/git/proj_wakayama_omi_pedigree_analysis/data/fastqs/s1162_2.fq.gz
s1195,/Users/shohei-noda/git/proj_wakayama_omi_pedigree_analysis/data/fastqs/s1195_1.fq.gz,/Users/shohei-noda/git/proj_wakayama_omi_pedigree_analysis/data/fastqs/s1195_2.fq.gz
s1185,/Users/shohei-noda/git/proj_wakayama_omi_pedigree_analysis/data/fastqs/s1185_1.fq.gz,/Users/shohei-noda/git/proj_wakayama_omi_pedigree_analysis/data/fastqs/s1185_2.fq.gz
s1158,/Users/shohei-noda/git/proj_wakayama_omi_pedigree_analysis/data/fastqs/s1158_1.fq.gz,/Users/shohei-noda/git/proj_wakayama_omi_pedigree_analysis/data/fastqs/s1158_2.fq.gz
s1163,/Users/shohei-noda/git/proj_wakayama_omi_pedigree_analysis/data/fastqs/s1163_1.fq.gz,/Users/shohei-noda/git/proj_wakayama_omi_pedigree_analysis/data/fastqs/s1163_2.fq.gz
s1182,/Users/shohei-noda/git/proj_wakayama_omi_pedigree_analysis/data/fastqs/s1182_1.fq.gz,/Users/shohei-noda/git/proj_wakayama_omi_pedigree_analysis/data/fastqs/s1182_2.fq.gz
s1197,/Users/shohei-noda/git/proj_wakayama_omi_pedigree_analysis/data/fastqs/s1197_1.fq.gz,/Users/shohei-noda/git/proj_wakayama_omi_pedigree_analysis/data/fastqs/s1197_2.fq.gz
s1183,/Users/shohei-noda/git/proj_wakayama_omi_pedigree_analysis/data/fastqs/s1183_1.fq.gz,/Users/shohei-noda/git/proj_wakayama_omi_pedigree_analysis/data/fastqs/s1183_2.fq.gz
s1200,/Users/shohei-noda/git/proj_wakayama_omi_pedigree_analysis/data/fastqs/s1200_1.fq.gz,/Users/shohei-noda/git/proj_wakayama_omi_pedigree_analysis/data/fastqs/s1200_2.fq.gz
s1196,/Users/shohei-noda/git/proj_wakayama_omi_pedigree_analysis/data/fastqs/s1196_1.fq.gz,/Users/shohei-noda/git/proj_wakayama_omi_pedigree_analysis/data/fastqs/s1196_2.fq.gz
s1215,/Users/shohei-noda/git/proj_wakayama_omi_pedigree_analysis/data/fastqs/s1215_1.fq.gz,/Users/shohei-noda/git/proj_wakayama_omi_pedigree_analysis/data/fastqs/s1215_2.fq.gz
s1336,/Users/shohei-noda/git/proj_wakayama_omi_pedigree_analysis/data/fastqs/s1336_1.fq.gz,/Users/shohei-noda/git/proj_wakayama_omi_pedigree_analysis/data/fastqs/s1336_2.fq.gz
s1333,/Users/shohei-noda/git/proj_wakayama_omi_pedigree_analysis/data/fastqs/s1333_1.fq.gz,/Users/shohei-noda/git/proj_wakayama_omi_pedigree_analysis/data/fastqs/s1333_2.fq.gz
s1319,/Users/shohei-noda/git/proj_wakayama_omi_pedigree_analysis/data/fastqs/s1319_1.fq.gz,/Users/shohei-noda/git/proj_wakayama_omi_pedigree_analysis/data/fastqs/s1319_2.fq.gz
s1323,/Users/shohei-noda/git/proj_wakayama_omi_pedigree_analysis/data/fastqs/s1323_1.fq.gz,/Users/shohei-noda/git/proj_wakayama_omi_pedigree_analysis/data/fastqs/s1323_2.fq.gz
s1307,/Users/shohei-noda/git/proj_wakayama_omi_pedigree_analysis/data/fastqs/s1307_1.fq.gz,/Users/shohei-noda/git/proj_wakayama_omi_pedigree_analysis/data/fastqs/s1307_2.fq.gz
s1332,/Users/shohei-noda/git/proj_wakayama_omi_pedigree_analysis/data/fastqs/s1332_1.fq.gz,/Users/shohei-noda/git/proj_wakayama_omi_pedigree_analysis/data/fastqs/s1332_2.fq.gz
s1330,/Users/shohei-noda/git/proj_wakayama_omi_pedigree_analysis/data/fastqs/s1330_1.fq.gz,/Users/shohei-noda/git/proj_wakayama_omi_pedigree_analysis/data/fastqs/s1330_2.fq.gz
s1326,/Users/shohei-noda/git/proj_wakayama_omi_pedigree_analysis/data/fastqs/s1326_1.fq.gz,/Users/shohei-noda/git/proj_wakayama_omi_pedigree_analysis/data/fastqs/s1326_2.fq.gz
s1317,/Users/shohei-noda/git/proj_wakayama_omi_pedigree_analysis/data/fastqs/s1317_1.fq.gz,/Users/shohei-noda/git/proj_wakayama_omi_pedigree_analysis/data/fastqs/s1317_2.fq.gz
s1303,/Users/shohei-noda/git/proj_wakayama_omi_pedigree_analysis/data/fastqs/s1303_1.fq.gz,/Users/shohei-noda/git/proj_wakayama_omi_pedigree_analysis/data/fastqs/s1303_2.fq.gz
s1334,/Users/shohei-noda/git/proj_wakayama_omi_pedigree_analysis/data/fastqs/s1334_1.fq.gz,/Users/shohei-noda/git/proj_wakayama_omi_pedigree_analysis/data/fastqs/s1334_2.fq.gz
s1358,/Users/shohei-noda/git/proj_wakayama_omi_pedigree_analysis/data/fastqs/s1358_1.fq.gz,/Users/shohei-noda/git/proj_wakayama_omi_pedigree_analysis/data/fastqs/s1358_2.fq.gz
s1355,/Users/shohei-noda/git/proj_wakayama_omi_pedigree_analysis/data/fastqs/s1355_1.fq.gz,/Users/shohei-noda/git/proj_wakayama_omi_pedigree_analysis/data/fastqs/s1355_2.fq.gz
S1399,/Users/shohei-noda/git/proj_wakayama_omi_pedigree_analysis/data/fastqs/S1399_1.fq.gz,/Users/shohei-noda/git/proj_wakayama_omi_pedigree_analysis/data/fastqs/S1399_2.fq.gz
s1388,/Users/shohei-noda/git/proj_wakayama_omi_pedigree_analysis/data/fastqs/s1388_1.fq.gz,/Users/shohei-noda/git/proj_wakayama_omi_pedigree_analysis/data/fastqs/s1388_2.fq.gz
s1356,/Users/shohei-noda/git/proj_wakayama_omi_pedigree_analysis/data/fastqs/s1356_1.fq.gz,/Users/shohei-noda/git/proj_wakayama_omi_pedigree_analysis/data/fastqs/s1356_2.fq.gz
s1374,/Users/shohei-noda/git/proj_wakayama_omi_pedigree_analysis/data/fastqs/s1374_1.fq.gz,/Users/shohei-noda/git/proj_wakayama_omi_pedigree_analysis/data/fastqs/s1374_2.fq.gz
s1395,/Users/shohei-noda/git/proj_wakayama_omi_pedigree_analysis/data/fastqs/s1395_1.fq.gz,/Users/shohei-noda/git/proj_wakayama_omi_pedigree_analysis/data/fastqs/s1395_2.fq.gz
S1379,/Users/shohei-noda/git/proj_wakayama_omi_pedigree_analysis/data/fastqs/S1379_1.fq.gz,/Users/shohei-noda/git/proj_wakayama_omi_pedigree_analysis/data/fastqs/S1379_2.fq.gz
s1377,/Users/shohei-noda/git/proj_wakayama_omi_pedigree_analysis/data/fastqs/s1377_1.fq.gz,/Users/shohei-noda/git/proj_wakayama_omi_pedigree_analysis/data/fastqs/s1377_2.fq.gz
S1360,/Users/shohei-noda/git/proj_wakayama_omi_pedigree_analysis/data/fastqs/S1360_1.fq.gz,/Users/shohei-noda/git/proj_wakayama_omi_pedigree_analysis/data/fastqs/S1360_2.fq.gz
S1429,/Users/shohei-noda/git/proj_wakayama_omi_pedigree_analysis/data/fastqs/S1429_1.fq.gz,/Users/shohei-noda/git/proj_wakayama_omi_pedigree_analysis/data/fastqs/S1429_2.fq.gz
s1351,/Users/shohei-noda/git/proj_wakayama_omi_pedigree_analysis/data/fastqs/s1351_1.fq.gz,/Users/shohei-noda/git/proj_wakayama_omi_pedigree_analysis/data/fastqs/s1351_2.fq.gz
s1352,/Users/shohei-noda/git/proj_wakayama_omi_pedigree_analysis/data/fastqs/s1352_1.fq.gz,/Users/shohei-noda/git/proj_wakayama_omi_pedigree_analysis/data/fastqs/s1352_2.fq.gz
s1366,/Users/shohei-noda/git/proj_wakayama_omi_pedigree_analysis/data/fastqs/s1366_1.fq.gz,/Users/shohei-noda/git/proj_wakayama_omi_pedigree_analysis/data/fastqs/s1366_2.fq.gz
s1373,/Users/shohei-noda/git/proj_wakayama_omi_pedigree_analysis/data/fastqs/s1373_1.fq.gz,/Users/shohei-noda/git/proj_wakayama_omi_pedigree_analysis/data/fastqs/s1373_2.fq.gz
s1363,/Users/shohei-noda/git/proj_wakayama_omi_pedigree_analysis/data/fastqs/s1363_1.fq.gz,/Users/shohei-noda/git/proj_wakayama_omi_pedigree_analysis/data/fastqs/s1363_2.fq.gz
s1372,/Users/shohei-noda/git/proj_wakayama_omi_pedigree_analysis/data/fastqs/s1372_1.fq.gz,/Users/shohei-noda/git/proj_wakayama_omi_pedigree_analysis/data/fastqs/s1372_2.fq.gz
s1386,/Users/shohei-noda/git/proj_wakayama_omi_pedigree_analysis/data/fastqs/s1386_1.fq.gz,/Users/shohei-noda/git/proj_wakayama_omi_pedigree_analysis/data/fastqs/s1386_2.fq.gz
s1357,/Users/shohei-noda/git/proj_wakayama_omi_pedigree_analysis/data/fastqs/s1357_1.fq.gz,/Users/shohei-noda/git/proj_wakayama_omi_pedigree_analysis/data/fastqs/s1357_2.fq.gz
s1387,/Users/shohei-noda/git/proj_wakayama_omi_pedigree_analysis/data/fastqs/s1387_1.fq.gz,/Users/shohei-noda/git/proj_wakayama_omi_pedigree_analysis/data/fastqs/s1387_2.fq.gz
S1445,/Users/shohei-noda/git/proj_wakayama_omi_pedigree_analysis/data/fastqs/S1445_1.fq.gz,/Users/shohei-noda/git/proj_wakayama_omi_pedigree_analysis/data/fastqs/S1445_2.fq.gz
s1375,/Users/shohei-noda/git/proj_wakayama_omi_pedigree_analysis/data/fastqs/s1375_1.fq.gz,/Users/shohei-noda/git/proj_wakayama_omi_pedigree_analysis/data/fastqs/s1375_2.fq.gz
s1381,/Users/shohei-noda/git/proj_wakayama_omi_pedigree_analysis/data/fastqs/s1381_1.fq.gz,/Users/shohei-noda/git/proj_wakayama_omi_pedigree_analysis/data/fastqs/s1381_2.fq.gz
s1354,/Users/shohei-noda/git/proj_wakayama_omi_pedigree_analysis/data/fastqs/s1354_1.fq.gz,/Users/shohei-noda/git/proj_wakayama_omi_pedigree_analysis/data/fastqs/s1354_2.fq.gz
s1353,/Users/shohei-noda/git/proj_wakayama_omi_pedigree_analysis/data/fastqs/s1353_1.fq.gz,/Users/shohei-noda/git/proj_wakayama_omi_pedigree_analysis/data/fastqs/s1353_2.fq.gz
s1368,/Users/shohei-noda/git/proj_wakayama_omi_pedigree_analysis/data/fastqs/s1368_1.fq.gz,/Users/shohei-noda/git/proj_wakayama_omi_pedigree_analysis/data/fastqs/s1368_2.fq.gz
s1361,/Users/shohei-noda/git/proj_wakayama_omi_pedigree_analysis/data/fastqs/s1361_1.fq.gz,/Users/shohei-noda/git/proj_wakayama_omi_pedigree_analysis/data/fastqs/s1361_2.fq.gz
s1365,/Users/shohei-noda/git/proj_wakayama_omi_pedigree_analysis/data/fastqs/s1365_1.fq.gz,/Users/shohei-noda/git/proj_wakayama_omi_pedigree_analysis/data/fastqs/s1365_2.fq.gz
s1393,/Users/shohei-noda/git/proj_wakayama_omi_pedigree_analysis/data/fastqs/s1393_1.fq.gz,/Users/shohei-noda/git/proj_wakayama_omi_pedigree_analysis/data/fastqs/s1393_2.fq.gz
s1380,/Users/shohei-noda/git/proj_wakayama_omi_pedigree_analysis/data/fastqs/s1380_1.fq.gz,/Users/shohei-noda/git/proj_wakayama_omi_pedigree_analysis/data/fastqs/s1380_2.fq.gz
s1364,/Users/shohei-noda/git/proj_wakayama_omi_pedigree_analysis/data/fastqs/s1364_1.fq.gz,/Users/shohei-noda/git/proj_wakayama_omi_pedigree_analysis/data/fastqs/s1364_2.fq.gz
s1382,/Users/shohei-noda/git/proj_wakayama_omi_pedigree_analysis/data/fastqs/s1382_1.fq.gz,/Users/shohei-noda/git/proj_wakayama_omi_pedigree_analysis/data/fastqs/s1382_2.fq.gz
s1369,/Users/shohei-noda/git/proj_wakayama_omi_pedigree_analysis/data/fastqs/s1369_1.fq.gz,/Users/shohei-noda/git/proj_wakayama_omi_pedigree_analysis/data/fastqs/s1369_2.fq.gz
s1367,/Users/shohei-noda/git/proj_wakayama_omi_pedigree_analysis/data/fastqs/s1367_1.fq.gz,/Users/shohei-noda/git/proj_wakayama_omi_pedigree_analysis/data/fastqs/s1367_2.fq.gz
s1392,/Users/shohei-noda/git/proj_wakayama_omi_pedigree_analysis/data/fastqs/s1392_1.fq.gz,/Users/shohei-noda/git/proj_wakayama_omi_pedigree_analysis/data/fastqs/s1392_2.fq.gz
s1362,/Users/shohei-noda/git/proj_wakayama_omi_pedigree_analysis/data/fastqs/s1362_1.fq.gz,/Users/shohei-noda/git/proj_wakayama_omi_pedigree_analysis/data/fastqs/s1362_2.fq.gz
s1371,/Users/shohei-noda/git/proj_wakayama_omi_pedigree_analysis/data/fastqs/s1371_1.fq.gz,/Users/shohei-noda/git/proj_wakayama_omi_pedigree_analysis/data/fastqs/s1371_2.fq.gz
s1370,/Users/shohei-noda/git/proj_wakayama_omi_pedigree_analysis/data/fastqs/s1370_1.fq.gz,/Users/shohei-noda/git/proj_wakayama_omi_pedigree_analysis/data/fastqs/s1370_2.fq.gz
s1401,/Users/shohei-noda/git/proj_wakayama_omi_pedigree_analysis/data/fastqs/s1401_1.fq.gz,/Users/shohei-noda/git/proj_wakayama_omi_pedigree_analysis/data/fastqs/s1401_2.fq.gz
S1412,/Users/shohei-noda/git/proj_wakayama_omi_pedigree_analysis/data/fastqs/S1412_1.fq.gz,/Users/shohei-noda/git/proj_wakayama_omi_pedigree_analysis/data/fastqs/S1412_2.fq.gz
s1446,/Users/shohei-noda/git/proj_wakayama_omi_pedigree_analysis/data/fastqs/s1446_1.fq.gz,/Users/shohei-noda/git/proj_wakayama_omi_pedigree_analysis/data/fastqs/s1446_2.fq.gz
S1482,/Users/shohei-noda/git/proj_wakayama_omi_pedigree_analysis/data/fastqs/S1482_1.fq.gz,/Users/shohei-noda/git/proj_wakayama_omi_pedigree_analysis/data/fastqs/S1482_2.fq.gz
s1403,/Users/shohei-noda/git/proj_wakayama_omi_pedigree_analysis/data/fastqs/s1403_1.fq.gz,/Users/shohei-noda/git/proj_wakayama_omi_pedigree_analysis/data/fastqs/s1403_2.fq.gz
s1436,/Users/shohei-noda/git/proj_wakayama_omi_pedigree_analysis/data/fastqs/s1436_1.fq.gz,/Users/shohei-noda/git/proj_wakayama_omi_pedigree_analysis/data/fastqs/s1436_2.fq.gz
s1433,/Users/shohei-noda/git/proj_wakayama_omi_pedigree_analysis/data/fastqs/s1433_1.fq.gz,/Users/shohei-noda/git/proj_wakayama_omi_pedigree_analysis/data/fastqs/s1433_2.fq.gz
S1441,/Users/shohei-noda/git/proj_wakayama_omi_pedigree_analysis/data/fastqs/S1441_1.fq.gz,/Users/shohei-noda/git/proj_wakayama_omi_pedigree_analysis/data/fastqs/S1441_2.fq.gz
s1434,/Users/shohei-noda/git/proj_wakayama_omi_pedigree_analysis/data/fastqs/s1434_1.fq.gz,/Users/shohei-noda/git/proj_wakayama_omi_pedigree_analysis/data/fastqs/s1434_2.fq.gz
S1431,/Users/shohei-noda/git/proj_wakayama_omi_pedigree_analysis/data/fastqs/S1431_1.fq.gz,/Users/shohei-noda/git/proj_wakayama_omi_pedigree_analysis/data/fastqs/S1431_2.fq.gz
S1499,/Users/shohei-noda/git/proj_wakayama_omi_pedigree_analysis/data/fastqs/S1499_1.fq.gz,/Users/shohei-noda/git/proj_wakayama_omi_pedigree_analysis/data/fastqs/S1499_2.fq.gz
S1612,/Users/shohei-noda/git/proj_wakayama_omi_pedigree_analysis/data/fastqs/S1612_1.fq.gz,/Users/shohei-noda/git/proj_wakayama_omi_pedigree_analysis/data/fastqs/S1612_2.fq.gz
S1437,/Users/shohei-noda/git/proj_wakayama_omi_pedigree_analysis/data/fastqs/S1437_1.fq.gz,/Users/shohei-noda/git/proj_wakayama_omi_pedigree_analysis/data/fastqs/S1437_2.fq.gz
S1423,/Users/shohei-noda/git/proj_wakayama_omi_pedigree_analysis/data/fastqs/S1423_1.fq.gz,/Users/shohei-noda/git/proj_wakayama_omi_pedigree_analysis/data/fastqs/S1423_2.fq.gz
S1427,/Users/shohei-noda/git/proj_wakayama_omi_pedigree_analysis/data/fastqs/S1427_1.fq.gz,/Users/shohei-noda/git/proj_wakayama_omi_pedigree_analysis/data/fastqs/S1427_2.fq.gz
S1447,/Users/shohei-noda/git/proj_wakayama_omi_pedigree_analysis/data/fastqs/S1447_1.fq.gz,/Users/shohei-noda/git/proj_wakayama_omi_pedigree_analysis/data/fastqs/S1447_2.fq.gz
s1425,/Users/shohei-noda/git/proj_wakayama_omi_pedigree_analysis/data/fastqs/s1425_1.fq.gz,/Users/shohei-noda/git/proj_wakayama_omi_pedigree_analysis/data/fastqs/s1425_2.fq.gz
S1632,/Users/shohei-noda/git/proj_wakayama_omi_pedigree_analysis/data/fastqs/S1632_1.fq.gz,/Users/shohei-noda/git/proj_wakayama_omi_pedigree_analysis/data/fastqs/S1632_2.fq.gz
S1411,/Users/shohei-noda/git/proj_wakayama_omi_pedigree_analysis/data/fastqs/S1411_1.fq.gz,/Users/shohei-noda/git/proj_wakayama_omi_pedigree_analysis/data/fastqs/S1411_2.fq.gz
S1428,/Users/shohei-noda/git/proj_wakayama_omi_pedigree_analysis/data/fastqs/S1428_1.fq.gz,/Users/shohei-noda/git/proj_wakayama_omi_pedigree_analysis/data/fastqs/S1428_2.fq.gz
s1419,/Users/shohei-noda/git/proj_wakayama_omi_pedigree_analysis/data/fastqs/s1419_1.fq.gz,/Users/shohei-noda/git/proj_wakayama_omi_pedigree_analysis/data/fastqs/s1419_2.fq.gz
S1402,/Users/shohei-noda/git/proj_wakayama_omi_pedigree_analysis/data/fastqs/S1402_1.fq.gz,/Users/shohei-noda/git/proj_wakayama_omi_pedigree_analysis/data/fastqs/S1402_2.fq.gz
s1406,/Users/shohei-noda/git/proj_wakayama_omi_pedigree_analysis/data/fastqs/s1406_1.fq.gz,/Users/shohei-noda/git/proj_wakayama_omi_pedigree_analysis/data/fastqs/s1406_2.fq.gz
s1448,/Users/shohei-noda/git/proj_wakayama_omi_pedigree_analysis/data/fastqs/s1448_1.fq.gz,/Users/shohei-noda/git/proj_wakayama_omi_pedigree_analysis/data/fastqs/s1448_2.fq.gz
S1421,/Users/shohei-noda/git/proj_wakayama_omi_pedigree_analysis/data/fastqs/S1421_1.fq.gz,/Users/shohei-noda/git/proj_wakayama_omi_pedigree_analysis/data/fastqs/S1421_2.fq.gz
S1430,/Users/shohei-noda/git/proj_wakayama_omi_pedigree_analysis/data/fastqs/S1430_1.fq.gz,/Users/shohei-noda/git/proj_wakayama_omi_pedigree_analysis/data/fastqs/S1430_2.fq.gz
S1443,/Users/shohei-noda/git/proj_wakayama_omi_pedigree_analysis/data/fastqs/S1443_1.fq.gz,/Users/shohei-noda/git/proj_wakayama_omi_pedigree_analysis/data/fastqs/S1443_2.fq.gz
s1450,/Users/shohei-noda/git/proj_wakayama_omi_pedigree_analysis/data/fastqs/s1450_1.fq.gz,/Users/shohei-noda/git/proj_wakayama_omi_pedigree_analysis/data/fastqs/s1450_2.fq.gz
s1405,/Users/shohei-noda/git/proj_wakayama_omi_pedigree_analysis/data/fastqs/s1405_1.fq.gz,/Users/shohei-noda/git/proj_wakayama_omi_pedigree_analysis/data/fastqs/s1405_2.fq.gz
S1418,/Users/shohei-noda/git/proj_wakayama_omi_pedigree_analysis/data/fastqs/S1418_1.fq.gz,/Users/shohei-noda/git/proj_wakayama_omi_pedigree_analysis/data/fastqs/S1418_2.fq.gz
s1407,/Users/shohei-noda/git/proj_wakayama_omi_pedigree_analysis/data/fastqs/s1407_1.fq.gz,/Users/shohei-noda/git/proj_wakayama_omi_pedigree_analysis/data/fastqs/s1407_2.fq.gz
S1708,/Users/shohei-noda/git/proj_wakayama_omi_pedigree_analysis/data/fastqs/S1708_1.fq.gz,/Users/shohei-noda/git/proj_wakayama_omi_pedigree_analysis/data/fastqs/S1708_2.fq.gz
s1426,/Users/shohei-noda/git/proj_wakayama_omi_pedigree_analysis/data/fastqs/s1426_1.fq.gz,/Users/shohei-noda/git/proj_wakayama_omi_pedigree_analysis/data/fastqs/s1426_2.fq.gz
s1416,/Users/shohei-noda/git/proj_wakayama_omi_pedigree_analysis/data/fastqs/s1416_1.fq.gz,/Users/shohei-noda/git/proj_wakayama_omi_pedigree_analysis/data/fastqs/s1416_2.fq.gz
s1498,/Users/shohei-noda/git/proj_wakayama_omi_pedigree_analysis/data/fastqs/s1498_1.fq.gz,/Users/shohei-noda/git/proj_wakayama_omi_pedigree_analysis/data/fastqs/s1498_2.fq.gz
s1486,/Users/shohei-noda/git/proj_wakayama_omi_pedigree_analysis/data/fastqs/s1486_1.fq.gz,/Users/shohei-noda/git/proj_wakayama_omi_pedigree_analysis/data/fastqs/s1486_2.fq.gz
s1490,/Users/shohei-noda/git/proj_wakayama_omi_pedigree_analysis/data/fastqs/s1490_1.fq.gz,/Users/shohei-noda/git/proj_wakayama_omi_pedigree_analysis/data/fastqs/s1490_2.fq.gz
s1472,/Users/shohei-noda/git/proj_wakayama_omi_pedigree_analysis/data/fastqs/s1472_1.fq.gz,/Users/shohei-noda/git/proj_wakayama_omi_pedigree_analysis/data/fastqs/s1472_2.fq.gz
s1453,/Users/shohei-noda/git/proj_wakayama_omi_pedigree_analysis/data/fastqs/s1453_1.fq.gz,/Users/shohei-noda/git/proj_wakayama_omi_pedigree_analysis/data/fastqs/s1453_2.fq.gz
S1729,/Users/shohei-noda/git/proj_wakayama_omi_pedigree_analysis/data/fastqs/S1729_1.fq.gz,/Users/shohei-noda/git/proj_wakayama_omi_pedigree_analysis/data/fastqs/S1729_2.fq.gz
s1454,/Users/shohei-noda/git/proj_wakayama_omi_pedigree_analysis/data/fastqs/s1454_1.fq.gz,/Users/shohei-noda/git/proj_wakayama_omi_pedigree_analysis/data/fastqs/s1454_2.fq.gz
S1467,/Users/shohei-noda/git/proj_wakayama_omi_pedigree_analysis/data/fastqs/S1467_1.fq.gz,/Users/shohei-noda/git/proj_wakayama_omi_pedigree_analysis/data/fastqs/S1467_2.fq.gz
s1475,/Users/shohei-noda/git/proj_wakayama_omi_pedigree_analysis/data/fastqs/s1475_1.fq.gz,/Users/shohei-noda/git/proj_wakayama_omi_pedigree_analysis/data/fastqs/s1475_2.fq.gz
s1464,/Users/shohei-noda/git/proj_wakayama_omi_pedigree_analysis/data/fastqs/s1464_1.fq.gz,/Users/shohei-noda/git/proj_wakayama_omi_pedigree_analysis/data/fastqs/s1464_2.fq.gz
s1491,/Users/shohei-noda/git/proj_wakayama_omi_pedigree_analysis/data/fastqs/s1491_1.fq.gz,/Users/shohei-noda/git/proj_wakayama_omi_pedigree_analysis/data/fastqs/s1491_2.fq.gz
s1494,/Users/shohei-noda/git/proj_wakayama_omi_pedigree_analysis/data/fastqs/s1494_1.fq.gz,/Users/shohei-noda/git/proj_wakayama_omi_pedigree_analysis/data/fastqs/s1494_2.fq.gz
s1485,/Users/shohei-noda/git/proj_wakayama_omi_pedigree_analysis/data/fastqs/s1485_1.fq.gz,/Users/shohei-noda/git/proj_wakayama_omi_pedigree_analysis/data/fastqs/s1485_2.fq.gz
s1462,/Users/shohei-noda/git/proj_wakayama_omi_pedigree_analysis/data/fastqs/s1462_1.fq.gz,/Users/shohei-noda/git/proj_wakayama_omi_pedigree_analysis/data/fastqs/s1462_2.fq.gz
s1463,/Users/shohei-noda/git/proj_wakayama_omi_pedigree_analysis/data/fastqs/s1463_1.fq.gz,/Users/shohei-noda/git/proj_wakayama_omi_pedigree_analysis/data/fastqs/s1463_2.fq.gz
S1477,/Users/shohei-noda/git/proj_wakayama_omi_pedigree_analysis/data/fastqs/S1477_1.fq.gz,/Users/shohei-noda/git/proj_wakayama_omi_pedigree_analysis/data/fastqs/S1477_2.fq.gz
s1452,/Users/shohei-noda/git/proj_wakayama_omi_pedigree_analysis/data/fastqs/s1452_1.fq.gz,/Users/shohei-noda/git/proj_wakayama_omi_pedigree_analysis/data/fastqs/s1452_2.fq.gz
S1750,/Users/shohei-noda/git/proj_wakayama_omi_pedigree_analysis/data/fastqs/S1750_1.fq.gz,/Users/shohei-noda/git/proj_wakayama_omi_pedigree_analysis/data/fastqs/S1750_2.fq.gz
s1481,/Users/shohei-noda/git/proj_wakayama_omi_pedigree_analysis/data/fastqs/s1481_1.fq.gz,/Users/shohei-noda/git/proj_wakayama_omi_pedigree_analysis/data/fastqs/s1481_2.fq.gz
s1456,/Users/shohei-noda/git/proj_wakayama_omi_pedigree_analysis/data/fastqs/s1456_1.fq.gz,/Users/shohei-noda/git/proj_wakayama_omi_pedigree_analysis/data/fastqs/s1456_2.fq.gz
s1513,/Users/shohei-noda/git/proj_wakayama_omi_pedigree_analysis/data/fastqs/s1513_1.fq.gz,/Users/shohei-noda/git/proj_wakayama_omi_pedigree_analysis/data/fastqs/s1513_2.fq.gz
S1455,/Users/shohei-noda/git/proj_wakayama_omi_pedigree_analysis/data/fastqs/S1455_1.fq.gz,/Users/shohei-noda/git/proj_wakayama_omi_pedigree_analysis/data/fastqs/S1455_2.fq.gz
s1496,/Users/shohei-noda/git/proj_wakayama_omi_pedigree_analysis/data/fastqs/s1496_1.fq.gz,/Users/shohei-noda/git/proj_wakayama_omi_pedigree_analysis/data/fastqs/s1496_2.fq.gz
s1473,/Users/shohei-noda/git/proj_wakayama_omi_pedigree_analysis/data/fastqs/s1473_1.fq.gz,/Users/shohei-noda/git/proj_wakayama_omi_pedigree_analysis/data/fastqs/s1473_2.fq.gz
s1469,/Users/shohei-noda/git/proj_wakayama_omi_pedigree_analysis/data/fastqs/s1469_1.fq.gz,/Users/shohei-noda/git/proj_wakayama_omi_pedigree_analysis/data/fastqs/s1469_2.fq.gz
s1461,/Users/shohei-noda/git/proj_wakayama_omi_pedigree_analysis/data/fastqs/s1461_1.fq.gz,/Users/shohei-noda/git/proj_wakayama_omi_pedigree_analysis/data/fastqs/s1461_2.fq.gz
s1479,/Users/shohei-noda/git/proj_wakayama_omi_pedigree_analysis/data/fastqs/s1479_1.fq.gz,/Users/shohei-noda/git/proj_wakayama_omi_pedigree_analysis/data/fastqs/s1479_2.fq.gz
s1476,/Users/shohei-noda/git/proj_wakayama_omi_pedigree_analysis/data/fastqs/s1476_1.fq.gz,/Users/shohei-noda/git/proj_wakayama_omi_pedigree_analysis/data/fastqs/s1476_2.fq.gz
s1465,/Users/shohei-noda/git/proj_wakayama_omi_pedigree_analysis/data/fastqs/s1465_1.fq.gz,/Users/shohei-noda/git/proj_wakayama_omi_pedigree_analysis/data/fastqs/s1465_2.fq.gz
s1468,/Users/shohei-noda/git/proj_wakayama_omi_pedigree_analysis/data/fastqs/s1468_1.fq.gz,/Users/shohei-noda/git/proj_wakayama_omi_pedigree_analysis/data/fastqs/s1468_2.fq.gz
s1497,/Users/shohei-noda/git/proj_wakayama_omi_pedigree_analysis/data/fastqs/s1497_1.fq.gz,/Users/shohei-noda/git/proj_wakayama_omi_pedigree_analysis/data/fastqs/s1497_2.fq.gz
s1478,/Users/shohei-noda/git/proj_wakayama_omi_pedigree_analysis/data/fastqs/s1478_1.fq.gz,/Users/shohei-noda/git/proj_wakayama_omi_pedigree_analysis/data/fastqs/s1478_2.fq.gz
s1500,/Users/shohei-noda/git/proj_wakayama_omi_pedigree_analysis/data/fastqs/s1500_1.fq.gz,/Users/shohei-noda/git/proj_wakayama_omi_pedigree_analysis/data/fastqs/s1500_2.fq.gz
s1493,/Users/shohei-noda/git/proj_wakayama_omi_pedigree_analysis/data/fastqs/s1493_1.fq.gz,/Users/shohei-noda/git/proj_wakayama_omi_pedigree_analysis/data/fastqs/s1493_2.fq.gz
S1570,/Users/shohei-noda/git/proj_wakayama_omi_pedigree_analysis/data/fastqs/S1570_1.fq.gz,/Users/shohei-noda/git/proj_wakayama_omi_pedigree_analysis/data/fastqs/S1570_2.fq.gz
s1566,/Users/shohei-noda/git/proj_wakayama_omi_pedigree_analysis/data/fastqs/s1566_1.fq.gz,/Users/shohei-noda/git/proj_wakayama_omi_pedigree_analysis/data/fastqs/s1566_2.fq.gz
s1577,/Users/shohei-noda/git/proj_wakayama_omi_pedigree_analysis/data/fastqs/s1577_1.fq.gz,/Users/shohei-noda/git/proj_wakayama_omi_pedigree_analysis/data/fastqs/s1577_2.fq.gz
S1598,/Users/shohei-noda/git/proj_wakayama_omi_pedigree_analysis/data/fastqs/S1598_1.fq.gz,/Users/shohei-noda/git/proj_wakayama_omi_pedigree_analysis/data/fastqs/S1598_2.fq.gz
s1560,/Users/shohei-noda/git/proj_wakayama_omi_pedigree_analysis/data/fastqs/s1560_1.fq.gz,/Users/shohei-noda/git/proj_wakayama_omi_pedigree_analysis/data/fastqs/s1560_2.fq.gz
s1596,/Users/shohei-noda/git/proj_wakayama_omi_pedigree_analysis/data/fastqs/s1596_1.fq.gz,/Users/shohei-noda/git/proj_wakayama_omi_pedigree_analysis/data/fastqs/s1596_2.fq.gz
s1565,/Users/shohei-noda/git/proj_wakayama_omi_pedigree_analysis/data/fastqs/s1565_1.fq.gz,/Users/shohei-noda/git/proj_wakayama_omi_pedigree_analysis/data/fastqs/s1565_2.fq.gz
S1579,/Users/shohei-noda/git/proj_wakayama_omi_pedigree_analysis/data/fastqs/S1579_1.fq.gz,/Users/shohei-noda/git/proj_wakayama_omi_pedigree_analysis/data/fastqs/S1579_2.fq.gz
s1599,/Users/shohei-noda/git/proj_wakayama_omi_pedigree_analysis/data/fastqs/s1599_1.fq.gz,/Users/shohei-noda/git/proj_wakayama_omi_pedigree_analysis/data/fastqs/s1599_2.fq.gz
s1575,/Users/shohei-noda/git/proj_wakayama_omi_pedigree_analysis/data/fastqs/s1575_1.fq.gz,/Users/shohei-noda/git/proj_wakayama_omi_pedigree_analysis/data/fastqs/s1575_2.fq.gz
s1582,/Users/shohei-noda/git/proj_wakayama_omi_pedigree_analysis/data/fastqs/s1582_1.fq.gz,/Users/shohei-noda/git/proj_wakayama_omi_pedigree_analysis/data/fastqs/s1582_2.fq.gz
s1594,/Users/shohei-noda/git/proj_wakayama_omi_pedigree_analysis/data/fastqs/s1594_1.fq.gz,/Users/shohei-noda/git/proj_wakayama_omi_pedigree_analysis/data/fastqs/s1594_2.fq.gz
s1591,/Users/shohei-noda/git/proj_wakayama_omi_pedigree_analysis/data/fastqs/s1591_1.fq.gz,/Users/shohei-noda/git/proj_wakayama_omi_pedigree_analysis/data/fastqs/s1591_2.fq.gz
s1563,/Users/shohei-noda/git/proj_wakayama_omi_pedigree_analysis/data/fastqs/s1563_1.fq.gz,/Users/shohei-noda/git/proj_wakayama_omi_pedigree_analysis/data/fastqs/s1563_2.fq.gz
s1588,/Users/shohei-noda/git/proj_wakayama_omi_pedigree_analysis/data/fastqs/s1588_1.fq.gz,/Users/shohei-noda/git/proj_wakayama_omi_pedigree_analysis/data/fastqs/s1588_2.fq.gz
s1578,/Users/shohei-noda/git/proj_wakayama_omi_pedigree_analysis/data/fastqs/s1578_1.fq.gz,/Users/shohei-noda/git/proj_wakayama_omi_pedigree_analysis/data/fastqs/s1578_2.fq.gz
s1597,/Users/shohei-noda/git/proj_wakayama_omi_pedigree_analysis/data/fastqs/s1597_1.fq.gz,/Users/shohei-noda/git/proj_wakayama_omi_pedigree_analysis/data/fastqs/s1597_2.fq.gz
s1595,/Users/shohei-noda/git/proj_wakayama_omi_pedigree_analysis/data/fastqs/s1595_1.fq.gz,/Users/shohei-noda/git/proj_wakayama_omi_pedigree_analysis/data/fastqs/s1595_2.fq.gz
s1571,/Users/shohei-noda/git/proj_wakayama_omi_pedigree_analysis/data/fastqs/s1571_1.fq.gz,/Users/shohei-noda/git/proj_wakayama_omi_pedigree_analysis/data/fastqs/s1571_2.fq.gz
s1581,/Users/shohei-noda/git/proj_wakayama_omi_pedigree_analysis/data/fastqs/s1581_1.fq.gz,/Users/shohei-noda/git/proj_wakayama_omi_pedigree_analysis/data/fastqs/s1581_2.fq.gz
s1572,/Users/shohei-noda/git/proj_wakayama_omi_pedigree_analysis/data/fastqs/s1572_1.fq.gz,/Users/shohei-noda/git/proj_wakayama_omi_pedigree_analysis/data/fastqs/s1572_2.fq.gz
s1580,/Users/shohei-noda/git/proj_wakayama_omi_pedigree_analysis/data/fastqs/s1580_1.fq.gz,/Users/shohei-noda/git/proj_wakayama_omi_pedigree_analysis/data/fastqs/s1580_2.fq.gz
s1564,/Users/shohei-noda/git/proj_wakayama_omi_pedigree_analysis/data/fastqs/s1564_1.fq.gz,/Users/shohei-noda/git/proj_wakayama_omi_pedigree_analysis/data/fastqs/s1564_2.fq.gz
s1589,/Users/shohei-noda/git/proj_wakayama_omi_pedigree_analysis/data/fastqs/s1589_1.fq.gz,/Users/shohei-noda/git/proj_wakayama_omi_pedigree_analysis/data/fastqs/s1589_2.fq.gz
s1585,/Users/shohei-noda/git/proj_wakayama_omi_pedigree_analysis/data/fastqs/s1585_1.fq.gz,/Users/shohei-noda/git/proj_wakayama_omi_pedigree_analysis/data/fastqs/s1585_2.fq.gz
s1583,/Users/shohei-noda/git/proj_wakayama_omi_pedigree_analysis/data/fastqs/s1583_1.fq.gz,/Users/shohei-noda/git/proj_wakayama_omi_pedigree_analysis/data/fastqs/s1583_2.fq.gz
s1587,/Users/shohei-noda/git/proj_wakayama_omi_pedigree_analysis/data/fastqs/s1587_1.fq.gz,/Users/shohei-noda/git/proj_wakayama_omi_pedigree_analysis/data/fastqs/s1587_2.fq.gz
s1592,/Users/shohei-noda/git/proj_wakayama_omi_pedigree_analysis/data/fastqs/s1592_1.fq.gz,/Users/shohei-noda/git/proj_wakayama_omi_pedigree_analysis/data/fastqs/s1592_2.fq.gz
s1554,/Users/shohei-noda/git/proj_wakayama_omi_pedigree_analysis/data/fastqs/s1554_1.fq.gz,/Users/shohei-noda/git/proj_wakayama_omi_pedigree_analysis/data/fastqs/s1554_2.fq.gz
s1574,/Users/shohei-noda/git/proj_wakayama_omi_pedigree_analysis/data/fastqs/s1574_1.fq.gz,/Users/shohei-noda/git/proj_wakayama_omi_pedigree_analysis/data/fastqs/s1574_2.fq.gz
s1590,/Users/shohei-noda/git/proj_wakayama_omi_pedigree_analysis/data/fastqs/s1590_1.fq.gz,/Users/shohei-noda/git/proj_wakayama_omi_pedigree_analysis/data/fastqs/s1590_2.fq.gz
s1562,/Users/shohei-noda/git/proj_wakayama_omi_pedigree_analysis/data/fastqs/s1562_1.fq.gz,/Users/shohei-noda/git/proj_wakayama_omi_pedigree_analysis/data/fastqs/s1562_2.fq.gz
s1568,/Users/shohei-noda/git/proj_wakayama_omi_pedigree_analysis/data/fastqs/s1568_1.fq.gz,/Users/shohei-noda/git/proj_wakayama_omi_pedigree_analysis/data/fastqs/s1568_2.fq.gz
s1586,/Users/shohei-noda/git/proj_wakayama_omi_pedigree_analysis/data/fastqs/s1586_1.fq.gz,/Users/shohei-noda/git/proj_wakayama_omi_pedigree_analysis/data/fastqs/s1586_2.fq.gz
s1584,/Users/shohei-noda/git/proj_wakayama_omi_pedigree_analysis/data/fastqs/s1584_1.fq.gz,/Users/shohei-noda/git/proj_wakayama_omi_pedigree_analysis/data/fastqs/s1584_2.fq.gz
s1573,/Users/shohei-noda/git/proj_wakayama_omi_pedigree_analysis/data/fastqs/s1573_1.fq.gz,/Users/shohei-noda/git/proj_wakayama_omi_pedigree_analysis/data/fastqs/s1573_2.fq.gz
s1559,/Users/shohei-noda/git/proj_wakayama_omi_pedigree_analysis/data/fastqs/s1559_1.fq.gz,/Users/shohei-noda/git/proj_wakayama_omi_pedigree_analysis/data/fastqs/s1559_2.fq.gz
s1576,/Users/shohei-noda/git/proj_wakayama_omi_pedigree_analysis/data/fastqs/s1576_1.fq.gz,/Users/shohei-noda/git/proj_wakayama_omi_pedigree_analysis/data/fastqs/s1576_2.fq.gz
s1600,/Users/shohei-noda/git/proj_wakayama_omi_pedigree_analysis/data/fastqs/s1600_1.fq.gz,/Users/shohei-noda/git/proj_wakayama_omi_pedigree_analysis/data/fastqs/s1600_2.fq.gz
s1567,/Users/shohei-noda/git/proj_wakayama_omi_pedigree_analysis/data/fastqs/s1567_1.fq.gz,/Users/shohei-noda/git/proj_wakayama_omi_pedigree_analysis/data/fastqs/s1567_2.fq.gz
S1551,/Users/shohei-noda/git/proj_wakayama_omi_pedigree_analysis/data/fastqs/S1551_1.fq.gz,/Users/shohei-noda/git/proj_wakayama_omi_pedigree_analysis/data/fastqs/S1551_2.fq.gz
S1569,/Users/shohei-noda/git/proj_wakayama_omi_pedigree_analysis/data/fastqs/S1569_1.fq.gz,/Users/shohei-noda/git/proj_wakayama_omi_pedigree_analysis/data/fastqs/S1569_2.fq.gz
s1644,/Users/shohei-noda/git/proj_wakayama_omi_pedigree_analysis/data/fastqs/s1644_1.fq.gz,/Users/shohei-noda/git/proj_wakayama_omi_pedigree_analysis/data/fastqs/s1644_2.fq.gz
s1610,/Users/shohei-noda/git/proj_wakayama_omi_pedigree_analysis/data/fastqs/s1610_1.fq.gz,/Users/shohei-noda/git/proj_wakayama_omi_pedigree_analysis/data/fastqs/s1610_2.fq.gz
s1626,/Users/shohei-noda/git/proj_wakayama_omi_pedigree_analysis/data/fastqs/s1626_1.fq.gz,/Users/shohei-noda/git/proj_wakayama_omi_pedigree_analysis/data/fastqs/s1626_2.fq.gz
s1631,/Users/shohei-noda/git/proj_wakayama_omi_pedigree_analysis/data/fastqs/s1631_1.fq.gz,/Users/shohei-noda/git/proj_wakayama_omi_pedigree_analysis/data/fastqs/s1631_2.fq.gz
S1616,/Users/shohei-noda/git/proj_wakayama_omi_pedigree_analysis/data/fastqs/S1616_1.fq.gz,/Users/shohei-noda/git/proj_wakayama_omi_pedigree_analysis/data/fastqs/S1616_2.fq.gz
s1611,/Users/shohei-noda/git/proj_wakayama_omi_pedigree_analysis/data/fastqs/s1611_1.fq.gz,/Users/shohei-noda/git/proj_wakayama_omi_pedigree_analysis/data/fastqs/s1611_2.fq.gz
S1613,/Users/shohei-noda/git/proj_wakayama_omi_pedigree_analysis/data/fastqs/S1613_1.fq.gz,/Users/shohei-noda/git/proj_wakayama_omi_pedigree_analysis/data/fastqs/S1613_2.fq.gz
s1642,/Users/shohei-noda/git/proj_wakayama_omi_pedigree_analysis/data/fastqs/s1642_1.fq.gz,/Users/shohei-noda/git/proj_wakayama_omi_pedigree_analysis/data/fastqs/s1642_2.fq.gz
s1624,/Users/shohei-noda/git/proj_wakayama_omi_pedigree_analysis/data/fastqs/s1624_1.fq.gz,/Users/shohei-noda/git/proj_wakayama_omi_pedigree_analysis/data/fastqs/s1624_2.fq.gz
s1646,/Users/shohei-noda/git/proj_wakayama_omi_pedigree_analysis/data/fastqs/s1646_1.fq.gz,/Users/shohei-noda/git/proj_wakayama_omi_pedigree_analysis/data/fastqs/s1646_2.fq.gz
s1639,/Users/shohei-noda/git/proj_wakayama_omi_pedigree_analysis/data/fastqs/s1639_1.fq.gz,/Users/shohei-noda/git/proj_wakayama_omi_pedigree_analysis/data/fastqs/s1639_2.fq.gz
S1641,/Users/shohei-noda/git/proj_wakayama_omi_pedigree_analysis/data/fastqs/S1641_1.fq.gz,/Users/shohei-noda/git/proj_wakayama_omi_pedigree_analysis/data/fastqs/S1641_2.fq.gz
S1778,/Users/shohei-noda/git/proj_wakayama_omi_pedigree_analysis/data/fastqs/S1778_1.fq.gz,/Users/shohei-noda/git/proj_wakayama_omi_pedigree_analysis/data/fastqs/S1778_2.fq.gz
s1608,/Users/shohei-noda/git/proj_wakayama_omi_pedigree_analysis/data/fastqs/s1608_1.fq.gz,/Users/shohei-noda/git/proj_wakayama_omi_pedigree_analysis/data/fastqs/s1608_2.fq.gz
s1619,/Users/shohei-noda/git/proj_wakayama_omi_pedigree_analysis/data/fastqs/s1619_1.fq.gz,/Users/shohei-noda/git/proj_wakayama_omi_pedigree_analysis/data/fastqs/s1619_2.fq.gz
s1628,/Users/shohei-noda/git/proj_wakayama_omi_pedigree_analysis/data/fastqs/s1628_1.fq.gz,/Users/shohei-noda/git/proj_wakayama_omi_pedigree_analysis/data/fastqs/s1628_2.fq.gz
S1643,/Users/shohei-noda/git/proj_wakayama_omi_pedigree_analysis/data/fastqs/S1643_1.fq.gz,/Users/shohei-noda/git/proj_wakayama_omi_pedigree_analysis/data/fastqs/S1643_2.fq.gz
s1637,/Users/shohei-noda/git/proj_wakayama_omi_pedigree_analysis/data/fastqs/s1637_1.fq.gz,/Users/shohei-noda/git/proj_wakayama_omi_pedigree_analysis/data/fastqs/s1637_2.fq.gz
S1622,/Users/shohei-noda/git/proj_wakayama_omi_pedigree_analysis/data/fastqs/S1622_1.fq.gz,/Users/shohei-noda/git/proj_wakayama_omi_pedigree_analysis/data/fastqs/S1622_2.fq.gz
s1615,/Users/shohei-noda/git/proj_wakayama_omi_pedigree_analysis/data/fastqs/s1615_1.fq.gz,/Users/shohei-noda/git/proj_wakayama_omi_pedigree_analysis/data/fastqs/s1615_2.fq.gz
s1605,/Users/shohei-noda/git/proj_wakayama_omi_pedigree_analysis/data/fastqs/s1605_1.fq.gz,/Users/shohei-noda/git/proj_wakayama_omi_pedigree_analysis/data/fastqs/s1605_2.fq.gz
s1607,/Users/shohei-noda/git/proj_wakayama_omi_pedigree_analysis/data/fastqs/s1607_1.fq.gz,/Users/shohei-noda/git/proj_wakayama_omi_pedigree_analysis/data/fastqs/s1607_2.fq.gz
S1603,/Users/shohei-noda/git/proj_wakayama_omi_pedigree_analysis/data/fastqs/S1603_1.fq.gz,/Users/shohei-noda/git/proj_wakayama_omi_pedigree_analysis/data/fastqs/S1603_2.fq.gz
s1648,/Users/shohei-noda/git/proj_wakayama_omi_pedigree_analysis/data/fastqs/s1648_1.fq.gz,/Users/shohei-noda/git/proj_wakayama_omi_pedigree_analysis/data/fastqs/s1648_2.fq.gz
s1606,/Users/shohei-noda/git/proj_wakayama_omi_pedigree_analysis/data/fastqs/s1606_1.fq.gz,/Users/shohei-noda/git/proj_wakayama_omi_pedigree_analysis/data/fastqs/s1606_2.fq.gz
s1614,/Users/shohei-noda/git/proj_wakayama_omi_pedigree_analysis/data/fastqs/s1614_1.fq.gz,/Users/shohei-noda/git/proj_wakayama_omi_pedigree_analysis/data/fastqs/s1614_2.fq.gz
s1618,/Users/shohei-noda/git/proj_wakayama_omi_pedigree_analysis/data/fastqs/s1618_1.fq.gz,/Users/shohei-noda/git/proj_wakayama_omi_pedigree_analysis/data/fastqs/s1618_2.fq.gz
s1650,/Users/shohei-noda/git/proj_wakayama_omi_pedigree_analysis/data/fastqs/s1650_1.fq.gz,/Users/shohei-noda/git/proj_wakayama_omi_pedigree_analysis/data/fastqs/s1650_2.fq.gz
s1630,/Users/shohei-noda/git/proj_wakayama_omi_pedigree_analysis/data/fastqs/s1630_1.fq.gz,/Users/shohei-noda/git/proj_wakayama_omi_pedigree_analysis/data/fastqs/s1630_2.fq.gz
S3369,/Users/shohei-noda/git/proj_wakayama_omi_pedigree_analysis/data/fastqs/S3369_1.fq.gz,/Users/shohei-noda/git/proj_wakayama_omi_pedigree_analysis/data/fastqs/S3369_2.fq.gz
s1609,/Users/shohei-noda/git/proj_wakayama_omi_pedigree_analysis/data/fastqs/s1609_1.fq.gz,/Users/shohei-noda/git/proj_wakayama_omi_pedigree_analysis/data/fastqs/s1609_2.fq.gz
s1638,/Users/shohei-noda/git/proj_wakayama_omi_pedigree_analysis/data/fastqs/s1638_1.fq.gz,/Users/shohei-noda/git/proj_wakayama_omi_pedigree_analysis/data/fastqs/s1638_2.fq.gz
s1617,/Users/shohei-noda/git/proj_wakayama_omi_pedigree_analysis/data/fastqs/s1617_1.fq.gz,/Users/shohei-noda/git/proj_wakayama_omi_pedigree_analysis/data/fastqs/s1617_2.fq.gz
s1635,/Users/shohei-noda/git/proj_wakayama_omi_pedigree_analysis/data/fastqs/s1635_1.fq.gz,/Users/shohei-noda/git/proj_wakayama_omi_pedigree_analysis/data/fastqs/s1635_2.fq.gz
s1634,/Users/shohei-noda/git/proj_wakayama_omi_pedigree_analysis/data/fastqs/s1634_1.fq.gz,/Users/shohei-noda/git/proj_wakayama_omi_pedigree_analysis/data/fastqs/s1634_2.fq.gz
s1602,/Users/shohei-noda/git/proj_wakayama_omi_pedigree_analysis/data/fastqs/s1602_1.fq.gz,/Users/shohei-noda/git/proj_wakayama_omi_pedigree_analysis/data/fastqs/s1602_2.fq.gz
s1625,/Users/shohei-noda/git/proj_wakayama_omi_pedigree_analysis/data/fastqs/s1625_1.fq.gz,/Users/shohei-noda/git/proj_wakayama_omi_pedigree_analysis/data/fastqs/s1625_2.fq.gz
s1647,/Users/shohei-noda/git/proj_wakayama_omi_pedigree_analysis/data/fastqs/s1647_1.fq.gz,/Users/shohei-noda/git/proj_wakayama_omi_pedigree_analysis/data/fastqs/s1647_2.fq.gz
s1668,/Users/shohei-noda/git/proj_wakayama_omi_pedigree_analysis/data/fastqs/s1668_1.fq.gz,/Users/shohei-noda/git/proj_wakayama_omi_pedigree_analysis/data/fastqs/s1668_2.fq.gz
s1680,/Users/shohei-noda/git/proj_wakayama_omi_pedigree_analysis/data/fastqs/s1680_1.fq.gz,/Users/shohei-noda/git/proj_wakayama_omi_pedigree_analysis/data/fastqs/s1680_2.fq.gz
s1661,/Users/shohei-noda/git/proj_wakayama_omi_pedigree_analysis/data/fastqs/s1661_1.fq.gz,/Users/shohei-noda/git/proj_wakayama_omi_pedigree_analysis/data/fastqs/s1661_2.fq.gz
s1698,/Users/shohei-noda/git/proj_wakayama_omi_pedigree_analysis/data/fastqs/s1698_1.fq.gz,/Users/shohei-noda/git/proj_wakayama_omi_pedigree_analysis/data/fastqs/s1698_2.fq.gz
s1662,/Users/shohei-noda/git/proj_wakayama_omi_pedigree_analysis/data/fastqs/s1662_1.fq.gz,/Users/shohei-noda/git/proj_wakayama_omi_pedigree_analysis/data/fastqs/s1662_2.fq.gz
s1673,/Users/shohei-noda/git/proj_wakayama_omi_pedigree_analysis/data/fastqs/s1673_1.fq.gz,/Users/shohei-noda/git/proj_wakayama_omi_pedigree_analysis/data/fastqs/s1673_2.fq.gz
s1663,/Users/shohei-noda/git/proj_wakayama_omi_pedigree_analysis/data/fastqs/s1663_1.fq.gz,/Users/shohei-noda/git/proj_wakayama_omi_pedigree_analysis/data/fastqs/s1663_2.fq.gz
s1666,/Users/shohei-noda/git/proj_wakayama_omi_pedigree_analysis/data/fastqs/s1666_1.fq.gz,/Users/shohei-noda/git/proj_wakayama_omi_pedigree_analysis/data/fastqs/s1666_2.fq.gz
s1669,/Users/shohei-noda/git/proj_wakayama_omi_pedigree_analysis/data/fastqs/s1669_1.fq.gz,/Users/shohei-noda/git/proj_wakayama_omi_pedigree_analysis/data/fastqs/s1669_2.fq.gz
s1682,/Users/shohei-noda/git/proj_wakayama_omi_pedigree_analysis/data/fastqs/s1682_1.fq.gz,/Users/shohei-noda/git/proj_wakayama_omi_pedigree_analysis/data/fastqs/s1682_2.fq.gz
s1665,/Users/shohei-noda/git/proj_wakayama_omi_pedigree_analysis/data/fastqs/s1665_1.fq.gz,/Users/shohei-noda/git/proj_wakayama_omi_pedigree_analysis/data/fastqs/s1665_2.fq.gz
s1695,/Users/shohei-noda/git/proj_wakayama_omi_pedigree_analysis/data/fastqs/s1695_1.fq.gz,/Users/shohei-noda/git/proj_wakayama_omi_pedigree_analysis/data/fastqs/s1695_2.fq.gz
s1693,/Users/shohei-noda/git/proj_wakayama_omi_pedigree_analysis/data/fastqs/s1693_1.fq.gz,/Users/shohei-noda/git/proj_wakayama_omi_pedigree_analysis/data/fastqs/s1693_2.fq.gz
s1667,/Users/shohei-noda/git/proj_wakayama_omi_pedigree_analysis/data/fastqs/s1667_1.fq.gz,/Users/shohei-noda/git/proj_wakayama_omi_pedigree_analysis/data/fastqs/s1667_2.fq.gz
s1658,/Users/shohei-noda/git/proj_wakayama_omi_pedigree_analysis/data/fastqs/s1658_1.fq.gz,/Users/shohei-noda/git/proj_wakayama_omi_pedigree_analysis/data/fastqs/s1658_2.fq.gz
s1670,/Users/shohei-noda/git/proj_wakayama_omi_pedigree_analysis/data/fastqs/s1670_1.fq.gz,/Users/shohei-noda/git/proj_wakayama_omi_pedigree_analysis/data/fastqs/s1670_2.fq.gz
s1653,/Users/shohei-noda/git/proj_wakayama_omi_pedigree_analysis/data/fastqs/s1653_1.fq.gz,/Users/shohei-noda/git/proj_wakayama_omi_pedigree_analysis/data/fastqs/s1653_2.fq.gz
s1691,/Users/shohei-noda/git/proj_wakayama_omi_pedigree_analysis/data/fastqs/s1691_1.fq.gz,/Users/shohei-noda/git/proj_wakayama_omi_pedigree_analysis/data/fastqs/s1691_2.fq.gz
s1685,/Users/shohei-noda/git/proj_wakayama_omi_pedigree_analysis/data/fastqs/s1685_1.fq.gz,/Users/shohei-noda/git/proj_wakayama_omi_pedigree_analysis/data/fastqs/s1685_2.fq.gz
s1672,/Users/shohei-noda/git/proj_wakayama_omi_pedigree_analysis/data/fastqs/s1672_1.fq.gz,/Users/shohei-noda/git/proj_wakayama_omi_pedigree_analysis/data/fastqs/s1672_2.fq.gz
s1690,/Users/shohei-noda/git/proj_wakayama_omi_pedigree_analysis/data/fastqs/s1690_1.fq.gz,/Users/shohei-noda/git/proj_wakayama_omi_pedigree_analysis/data/fastqs/s1690_2.fq.gz
s1686,/Users/shohei-noda/git/proj_wakayama_omi_pedigree_analysis/data/fastqs/s1686_1.fq.gz,/Users/shohei-noda/git/proj_wakayama_omi_pedigree_analysis/data/fastqs/s1686_2.fq.gz
s1689,/Users/shohei-noda/git/proj_wakayama_omi_pedigree_analysis/data/fastqs/s1689_1.fq.gz,/Users/shohei-noda/git/proj_wakayama_omi_pedigree_analysis/data/fastqs/s1689_2.fq.gz
s1674,/Users/shohei-noda/git/proj_wakayama_omi_pedigree_analysis/data/fastqs/s1674_1.fq.gz,/Users/shohei-noda/git/proj_wakayama_omi_pedigree_analysis/data/fastqs/s1674_2.fq.gz
s1676,/Users/shohei-noda/git/proj_wakayama_omi_pedigree_analysis/data/fastqs/s1676_1.fq.gz,/Users/shohei-noda/git/proj_wakayama_omi_pedigree_analysis/data/fastqs/s1676_2.fq.gz
s1679,/Users/shohei-noda/git/proj_wakayama_omi_pedigree_analysis/data/fastqs/s1679_1.fq.gz,/Users/shohei-noda/git/proj_wakayama_omi_pedigree_analysis/data/fastqs/s1679_2.fq.gz
s1678,/Users/shohei-noda/git/proj_wakayama_omi_pedigree_analysis/data/fastqs/s1678_1.fq.gz,/Users/shohei-noda/git/proj_wakayama_omi_pedigree_analysis/data/fastqs/s1678_2.fq.gz
s1604,/Users/shohei-noda/git/proj_wakayama_omi_pedigree_analysis/data/fastqs/s1604_1.fq.gz,/Users/shohei-noda/git/proj_wakayama_omi_pedigree_analysis/data/fastqs/s1604_2.fq.gz
s1692,/Users/shohei-noda/git/proj_wakayama_omi_pedigree_analysis/data/fastqs/s1692_1.fq.gz,/Users/shohei-noda/git/proj_wakayama_omi_pedigree_analysis/data/fastqs/s1692_2.fq.gz
s1651,/Users/shohei-noda/git/proj_wakayama_omi_pedigree_analysis/data/fastqs/s1651_1.fq.gz,/Users/shohei-noda/git/proj_wakayama_omi_pedigree_analysis/data/fastqs/s1651_2.fq.gz
s1697,/Users/shohei-noda/git/proj_wakayama_omi_pedigree_analysis/data/fastqs/s1697_1.fq.gz,/Users/shohei-noda/git/proj_wakayama_omi_pedigree_analysis/data/fastqs/s1697_2.fq.gz
s1696,/Users/shohei-noda/git/proj_wakayama_omi_pedigree_analysis/data/fastqs/s1696_1.fq.gz,/Users/shohei-noda/git/proj_wakayama_omi_pedigree_analysis/data/fastqs/s1696_2.fq.gz
s1699,/Users/shohei-noda/git/proj_wakayama_omi_pedigree_analysis/data/fastqs/s1699_1.fq.gz,/Users/shohei-noda/git/proj_wakayama_omi_pedigree_analysis/data/fastqs/s1699_2.fq.gz
s1654,/Users/shohei-noda/git/proj_wakayama_omi_pedigree_analysis/data/fastqs/s1654_1.fq.gz,/Users/shohei-noda/git/proj_wakayama_omi_pedigree_analysis/data/fastqs/s1654_2.fq.gz
S1684,/Users/shohei-noda/git/proj_wakayama_omi_pedigree_analysis/data/fastqs/S1684_1.fq.gz,/Users/shohei-noda/git/proj_wakayama_omi_pedigree_analysis/data/fastqs/S1684_2.fq.gz
s1677,/Users/shohei-noda/git/proj_wakayama_omi_pedigree_analysis/data/fastqs/s1677_1.fq.gz,/Users/shohei-noda/git/proj_wakayama_omi_pedigree_analysis/data/fastqs/s1677_2.fq.gz
s1700,/Users/shohei-noda/git/proj_wakayama_omi_pedigree_analysis/data/fastqs/s1700_1.fq.gz,/Users/shohei-noda/git/proj_wakayama_omi_pedigree_analysis/data/fastqs/s1700_2.fq.gz
s1657,/Users/shohei-noda/git/proj_wakayama_omi_pedigree_analysis/data/fastqs/s1657_1.fq.gz,/Users/shohei-noda/git/proj_wakayama_omi_pedigree_analysis/data/fastqs/s1657_2.fq.gz
s1655,/Users/shohei-noda/git/proj_wakayama_omi_pedigree_analysis/data/fastqs/s1655_1.fq.gz,/Users/shohei-noda/git/proj_wakayama_omi_pedigree_analysis/data/fastqs/s1655_2.fq.gz
s1688,/Users/shohei-noda/git/proj_wakayama_omi_pedigree_analysis/data/fastqs/s1688_1.fq.gz,/Users/shohei-noda/git/proj_wakayama_omi_pedigree_analysis/data/fastqs/s1688_2.fq.gz
s1683,/Users/shohei-noda/git/proj_wakayama_omi_pedigree_analysis/data/fastqs/s1683_1.fq.gz,/Users/shohei-noda/git/proj_wakayama_omi_pedigree_analysis/data/fastqs/s1683_2.fq.gz
s1664,/Users/shohei-noda/git/proj_wakayama_omi_pedigree_analysis/data/fastqs/s1664_1.fq.gz,/Users/shohei-noda/git/proj_wakayama_omi_pedigree_analysis/data/fastqs/s1664_2.fq.gz
s1742,/Users/shohei-noda/git/proj_wakayama_omi_pedigree_analysis/data/fastqs/s1742_1.fq.gz,/Users/shohei-noda/git/proj_wakayama_omi_pedigree_analysis/data/fastqs/s1742_2.fq.gz
s1733,/Users/shohei-noda/git/proj_wakayama_omi_pedigree_analysis/data/fastqs/s1733_1.fq.gz,/Users/shohei-noda/git/proj_wakayama_omi_pedigree_analysis/data/fastqs/s1733_2.fq.gz
s1737,/Users/shohei-noda/git/proj_wakayama_omi_pedigree_analysis/data/fastqs/s1737_1.fq.gz,/Users/shohei-noda/git/proj_wakayama_omi_pedigree_analysis/data/fastqs/s1737_2.fq.gz
s1725,/Users/shohei-noda/git/proj_wakayama_omi_pedigree_analysis/data/fastqs/s1725_1.fq.gz,/Users/shohei-noda/git/proj_wakayama_omi_pedigree_analysis/data/fastqs/s1725_2.fq.gz
s1701,/Users/shohei-noda/git/proj_wakayama_omi_pedigree_analysis/data/fastqs/s1701_1.fq.gz,/Users/shohei-noda/git/proj_wakayama_omi_pedigree_analysis/data/fastqs/s1701_2.fq.gz
s1722,/Users/shohei-noda/git/proj_wakayama_omi_pedigree_analysis/data/fastqs/s1722_1.fq.gz,/Users/shohei-noda/git/proj_wakayama_omi_pedigree_analysis/data/fastqs/s1722_2.fq.gz
s1709,/Users/shohei-noda/git/proj_wakayama_omi_pedigree_analysis/data/fastqs/s1709_1.fq.gz,/Users/shohei-noda/git/proj_wakayama_omi_pedigree_analysis/data/fastqs/s1709_2.fq.gz
S3374,/Users/shohei-noda/git/proj_wakayama_omi_pedigree_analysis/data/fastqs/S3374_1.fq.gz,/Users/shohei-noda/git/proj_wakayama_omi_pedigree_analysis/data/fastqs/S3374_2.fq.gz
s1731,/Users/shohei-noda/git/proj_wakayama_omi_pedigree_analysis/data/fastqs/s1731_1.fq.gz,/Users/shohei-noda/git/proj_wakayama_omi_pedigree_analysis/data/fastqs/s1731_2.fq.gz
s1745,/Users/shohei-noda/git/proj_wakayama_omi_pedigree_analysis/data/fastqs/s1745_1.fq.gz,/Users/shohei-noda/git/proj_wakayama_omi_pedigree_analysis/data/fastqs/s1745_2.fq.gz
s1720,/Users/shohei-noda/git/proj_wakayama_omi_pedigree_analysis/data/fastqs/s1720_1.fq.gz,/Users/shohei-noda/git/proj_wakayama_omi_pedigree_analysis/data/fastqs/s1720_2.fq.gz
s1740,/Users/shohei-noda/git/proj_wakayama_omi_pedigree_analysis/data/fastqs/s1740_1.fq.gz,/Users/shohei-noda/git/proj_wakayama_omi_pedigree_analysis/data/fastqs/s1740_2.fq.gz
s1726,/Users/shohei-noda/git/proj_wakayama_omi_pedigree_analysis/data/fastqs/s1726_1.fq.gz,/Users/shohei-noda/git/proj_wakayama_omi_pedigree_analysis/data/fastqs/s1726_2.fq.gz
s1730,/Users/shohei-noda/git/proj_wakayama_omi_pedigree_analysis/data/fastqs/s1730_1.fq.gz,/Users/shohei-noda/git/proj_wakayama_omi_pedigree_analysis/data/fastqs/s1730_2.fq.gz
s1739,/Users/shohei-noda/git/proj_wakayama_omi_pedigree_analysis/data/fastqs/s1739_1.fq.gz,/Users/shohei-noda/git/proj_wakayama_omi_pedigree_analysis/data/fastqs/s1739_2.fq.gz
S3846,/Users/shohei-noda/git/proj_wakayama_omi_pedigree_analysis/data/fastqs/S3846_1.fq.gz,/Users/shohei-noda/git/proj_wakayama_omi_pedigree_analysis/data/fastqs/S3846_2.fq.gz
s1741,/Users/shohei-noda/git/proj_wakayama_omi_pedigree_analysis/data/fastqs/s1741_1.fq.gz,/Users/shohei-noda/git/proj_wakayama_omi_pedigree_analysis/data/fastqs/s1741_2.fq.gz
s1711,/Users/shohei-noda/git/proj_wakayama_omi_pedigree_analysis/data/fastqs/s1711_1.fq.gz,/Users/shohei-noda/git/proj_wakayama_omi_pedigree_analysis/data/fastqs/s1711_2.fq.gz
S3848,/Users/shohei-noda/git/proj_wakayama_omi_pedigree_analysis/data/fastqs/S3848_1.fq.gz,/Users/shohei-noda/git/proj_wakayama_omi_pedigree_analysis/data/fastqs/S3848_2.fq.gz
s1732,/Users/shohei-noda/git/proj_wakayama_omi_pedigree_analysis/data/fastqs/s1732_1.fq.gz,/Users/shohei-noda/git/proj_wakayama_omi_pedigree_analysis/data/fastqs/s1732_2.fq.gz
s1716,/Users/shohei-noda/git/proj_wakayama_omi_pedigree_analysis/data/fastqs/s1716_1.fq.gz,/Users/shohei-noda/git/proj_wakayama_omi_pedigree_analysis/data/fastqs/s1716_2.fq.gz
s1749,/Users/shohei-noda/git/proj_wakayama_omi_pedigree_analysis/data/fastqs/s1749_1.fq.gz,/Users/shohei-noda/git/proj_wakayama_omi_pedigree_analysis/data/fastqs/s1749_2.fq.gz
s1746,/Users/shohei-noda/git/proj_wakayama_omi_pedigree_analysis/data/fastqs/s1746_1.fq.gz,/Users/shohei-noda/git/proj_wakayama_omi_pedigree_analysis/data/fastqs/s1746_2.fq.gz
s1710,/Users/shohei-noda/git/proj_wakayama_omi_pedigree_analysis/data/fastqs/s1710_1.fq.gz,/Users/shohei-noda/git/proj_wakayama_omi_pedigree_analysis/data/fastqs/s1710_2.fq.gz
s1723_01,/Users/shohei-noda/git/proj_wakayama_omi_pedigree_analysis/data/fastqs/s1723_01_1.fq.gz,/Users/shohei-noda/git/proj_wakayama_omi_pedigree_analysis/data/fastqs/s1723_01_2.fq.gz
s1715,/Users/shohei-noda/git/proj_wakayama_omi_pedigree_analysis/data/fastqs/s1715_1.fq.gz,/Users/shohei-noda/git/proj_wakayama_omi_pedigree_analysis/data/fastqs/s1715_2.fq.gz
s1744,/Users/shohei-noda/git/proj_wakayama_omi_pedigree_analysis/data/fastqs/s1744_1.fq.gz,/Users/shohei-noda/git/proj_wakayama_omi_pedigree_analysis/data/fastqs/s1744_2.fq.gz
s1727,/Users/shohei-noda/git/proj_wakayama_omi_pedigree_analysis/data/fastqs/s1727_1.fq.gz,/Users/shohei-noda/git/proj_wakayama_omi_pedigree_analysis/data/fastqs/s1727_2.fq.gz
s1713,/Users/shohei-noda/git/proj_wakayama_omi_pedigree_analysis/data/fastqs/s1713_1.fq.gz,/Users/shohei-noda/git/proj_wakayama_omi_pedigree_analysis/data/fastqs/s1713_2.fq.gz
s1719,/Users/shohei-noda/git/proj_wakayama_omi_pedigree_analysis/data/fastqs/s1719_1.fq.gz,/Users/shohei-noda/git/proj_wakayama_omi_pedigree_analysis/data/fastqs/s1719_2.fq.gz
s1703,/Users/shohei-noda/git/proj_wakayama_omi_pedigree_analysis/data/fastqs/s1703_1.fq.gz,/Users/shohei-noda/git/proj_wakayama_omi_pedigree_analysis/data/fastqs/s1703_2.fq.gz
s1718,/Users/shohei-noda/git/proj_wakayama_omi_pedigree_analysis/data/fastqs/s1718_1.fq.gz,/Users/shohei-noda/git/proj_wakayama_omi_pedigree_analysis/data/fastqs/s1718_2.fq.gz
s1743,/Users/shohei-noda/git/proj_wakayama_omi_pedigree_analysis/data/fastqs/s1743_1.fq.gz,/Users/shohei-noda/git/proj_wakayama_omi_pedigree_analysis/data/fastqs/s1743_2.fq.gz
s1714,/Users/shohei-noda/git/proj_wakayama_omi_pedigree_analysis/data/fastqs/s1714_1.fq.gz,/Users/shohei-noda/git/proj_wakayama_omi_pedigree_analysis/data/fastqs/s1714_2.fq.gz
s1738,/Users/shohei-noda/git/proj_wakayama_omi_pedigree_analysis/data/fastqs/s1738_1.fq.gz,/Users/shohei-noda/git/proj_wakayama_omi_pedigree_analysis/data/fastqs/s1738_2.fq.gz
S1736,/Users/shohei-noda/git/proj_wakayama_omi_pedigree_analysis/data/fastqs/S1736_1.fq.gz,/Users/shohei-noda/git/proj_wakayama_omi_pedigree_analysis/data/fastqs/S1736_2.fq.gz
s1735,/Users/shohei-noda/git/proj_wakayama_omi_pedigree_analysis/data/fastqs/s1735_1.fq.gz,/Users/shohei-noda/git/proj_wakayama_omi_pedigree_analysis/data/fastqs/s1735_2.fq.gz
S1705,/Users/shohei-noda/git/proj_wakayama_omi_pedigree_analysis/data/fastqs/S1705_1.fq.gz,/Users/shohei-noda/git/proj_wakayama_omi_pedigree_analysis/data/fastqs/S1705_2.fq.gz
s1747,/Users/shohei-noda/git/proj_wakayama_omi_pedigree_analysis/data/fastqs/s1747_1.fq.gz,/Users/shohei-noda/git/proj_wakayama_omi_pedigree_analysis/data/fastqs/s1747_2.fq.gz
s1776,/Users/shohei-noda/git/proj_wakayama_omi_pedigree_analysis/data/fastqs/s1776_1.fq.gz,/Users/shohei-noda/git/proj_wakayama_omi_pedigree_analysis/data/fastqs/s1776_2.fq.gz
S1791,/Users/shohei-noda/git/proj_wakayama_omi_pedigree_analysis/data/fastqs/S1791_1.fq.gz,/Users/shohei-noda/git/proj_wakayama_omi_pedigree_analysis/data/fastqs/S1791_2.fq.gz
s1796,/Users/shohei-noda/git/proj_wakayama_omi_pedigree_analysis/data/fastqs/s1796_1.fq.gz,/Users/shohei-noda/git/proj_wakayama_omi_pedigree_analysis/data/fastqs/s1796_2.fq.gz
s1761,/Users/shohei-noda/git/proj_wakayama_omi_pedigree_analysis/data/fastqs/s1761_1.fq.gz,/Users/shohei-noda/git/proj_wakayama_omi_pedigree_analysis/data/fastqs/s1761_2.fq.gz
s1752,/Users/shohei-noda/git/proj_wakayama_omi_pedigree_analysis/data/fastqs/s1752_1.fq.gz,/Users/shohei-noda/git/proj_wakayama_omi_pedigree_analysis/data/fastqs/s1752_2.fq.gz
s1774,/Users/shohei-noda/git/proj_wakayama_omi_pedigree_analysis/data/fastqs/s1774_1.fq.gz,/Users/shohei-noda/git/proj_wakayama_omi_pedigree_analysis/data/fastqs/s1774_2.fq.gz
S3853,/Users/shohei-noda/git/proj_wakayama_omi_pedigree_analysis/data/fastqs/S3853_1.fq.gz,/Users/shohei-noda/git/proj_wakayama_omi_pedigree_analysis/data/fastqs/S3853_2.fq.gz
s1786,/Users/shohei-noda/git/proj_wakayama_omi_pedigree_analysis/data/fastqs/s1786_1.fq.gz,/Users/shohei-noda/git/proj_wakayama_omi_pedigree_analysis/data/fastqs/s1786_2.fq.gz
s1780,/Users/shohei-noda/git/proj_wakayama_omi_pedigree_analysis/data/fastqs/s1780_1.fq.gz,/Users/shohei-noda/git/proj_wakayama_omi_pedigree_analysis/data/fastqs/s1780_2.fq.gz
s1751,/Users/shohei-noda/git/proj_wakayama_omi_pedigree_analysis/data/fastqs/s1751_1.fq.gz,/Users/shohei-noda/git/proj_wakayama_omi_pedigree_analysis/data/fastqs/s1751_2.fq.gz
s1758,/Users/shohei-noda/git/proj_wakayama_omi_pedigree_analysis/data/fastqs/s1758_1.fq.gz,/Users/shohei-noda/git/proj_wakayama_omi_pedigree_analysis/data/fastqs/s1758_2.fq.gz
s1772,/Users/shohei-noda/git/proj_wakayama_omi_pedigree_analysis/data/fastqs/s1772_1.fq.gz,/Users/shohei-noda/git/proj_wakayama_omi_pedigree_analysis/data/fastqs/s1772_2.fq.gz
s1755,/Users/shohei-noda/git/proj_wakayama_omi_pedigree_analysis/data/fastqs/s1755_1.fq.gz,/Users/shohei-noda/git/proj_wakayama_omi_pedigree_analysis/data/fastqs/s1755_2.fq.gz
s1756,/Users/shohei-noda/git/proj_wakayama_omi_pedigree_analysis/data/fastqs/s1756_1.fq.gz,/Users/shohei-noda/git/proj_wakayama_omi_pedigree_analysis/data/fastqs/s1756_2.fq.gz
s1768,/Users/shohei-noda/git/proj_wakayama_omi_pedigree_analysis/data/fastqs/s1768_1.fq.gz,/Users/shohei-noda/git/proj_wakayama_omi_pedigree_analysis/data/fastqs/s1768_2.fq.gz
s1793,/Users/shohei-noda/git/proj_wakayama_omi_pedigree_analysis/data/fastqs/s1793_1.fq.gz,/Users/shohei-noda/git/proj_wakayama_omi_pedigree_analysis/data/fastqs/s1793_2.fq.gz
s1764,/Users/shohei-noda/git/proj_wakayama_omi_pedigree_analysis/data/fastqs/s1764_1.fq.gz,/Users/shohei-noda/git/proj_wakayama_omi_pedigree_analysis/data/fastqs/s1764_2.fq.gz
s1766,/Users/shohei-noda/git/proj_wakayama_omi_pedigree_analysis/data/fastqs/s1766_1.fq.gz,/Users/shohei-noda/git/proj_wakayama_omi_pedigree_analysis/data/fastqs/s1766_2.fq.gz
s1765,/Users/shohei-noda/git/proj_wakayama_omi_pedigree_analysis/data/fastqs/s1765_1.fq.gz,/Users/shohei-noda/git/proj_wakayama_omi_pedigree_analysis/data/fastqs/s1765_2.fq.gz
s1784,/Users/shohei-noda/git/proj_wakayama_omi_pedigree_analysis/data/fastqs/s1784_1.fq.gz,/Users/shohei-noda/git/proj_wakayama_omi_pedigree_analysis/data/fastqs/s1784_2.fq.gz
s1783,/Users/shohei-noda/git/proj_wakayama_omi_pedigree_analysis/data/fastqs/s1783_1.fq.gz,/Users/shohei-noda/git/proj_wakayama_omi_pedigree_analysis/data/fastqs/s1783_2.fq.gz
s1797,/Users/shohei-noda/git/proj_wakayama_omi_pedigree_analysis/data/fastqs/s1797_1.fq.gz,/Users/shohei-noda/git/proj_wakayama_omi_pedigree_analysis/data/fastqs/s1797_2.fq.gz
s1799,/Users/shohei-noda/git/proj_wakayama_omi_pedigree_analysis/data/fastqs/s1799_1.fq.gz,/Users/shohei-noda/git/proj_wakayama_omi_pedigree_analysis/data/fastqs/s1799_2.fq.gz
s1789,/Users/shohei-noda/git/proj_wakayama_omi_pedigree_analysis/data/fastqs/s1789_1.fq.gz,/Users/shohei-noda/git/proj_wakayama_omi_pedigree_analysis/data/fastqs/s1789_2.fq.gz
s1754,/Users/shohei-noda/git/proj_wakayama_omi_pedigree_analysis/data/fastqs/s1754_1.fq.gz,/Users/shohei-noda/git/proj_wakayama_omi_pedigree_analysis/data/fastqs/s1754_2.fq.gz
s1788,/Users/shohei-noda/git/proj_wakayama_omi_pedigree_analysis/data/fastqs/s1788_1.fq.gz,/Users/shohei-noda/git/proj_wakayama_omi_pedigree_analysis/data/fastqs/s1788_2.fq.gz
s1798,/Users/shohei-noda/git/proj_wakayama_omi_pedigree_analysis/data/fastqs/s1798_1.fq.gz,/Users/shohei-noda/git/proj_wakayama_omi_pedigree_analysis/data/fastqs/s1798_2.fq.gz
s1771,/Users/shohei-noda/git/proj_wakayama_omi_pedigree_analysis/data/fastqs/s1771_1.fq.gz,/Users/shohei-noda/git/proj_wakayama_omi_pedigree_analysis/data/fastqs/s1771_2.fq.gz
s1782,/Users/shohei-noda/git/proj_wakayama_omi_pedigree_analysis/data/fastqs/s1782_1.fq.gz,/Users/shohei-noda/git/proj_wakayama_omi_pedigree_analysis/data/fastqs/s1782_2.fq.gz
S1762,/Users/shohei-noda/git/proj_wakayama_omi_pedigree_analysis/data/fastqs/S1762_1.fq.gz,/Users/shohei-noda/git/proj_wakayama_omi_pedigree_analysis/data/fastqs/S1762_2.fq.gz
s1785,/Users/shohei-noda/git/proj_wakayama_omi_pedigree_analysis/data/fastqs/s1785_1.fq.gz,/Users/shohei-noda/git/proj_wakayama_omi_pedigree_analysis/data/fastqs/s1785_2.fq.gz
s1787,/Users/shohei-noda/git/proj_wakayama_omi_pedigree_analysis/data/fastqs/s1787_1.fq.gz,/Users/shohei-noda/git/proj_wakayama_omi_pedigree_analysis/data/fastqs/s1787_2.fq.gz
s1792,/Users/shohei-noda/git/proj_wakayama_omi_pedigree_analysis/data/fastqs/s1792_1.fq.gz,/Users/shohei-noda/git/proj_wakayama_omi_pedigree_analysis/data/fastqs/s1792_2.fq.gz
s1806,/Users/shohei-noda/git/proj_wakayama_omi_pedigree_analysis/data/fastqs/s1806_1.fq.gz,/Users/shohei-noda/git/proj_wakayama_omi_pedigree_analysis/data/fastqs/s1806_2.fq.gz
s1802,/Users/shohei-noda/git/proj_wakayama_omi_pedigree_analysis/data/fastqs/s1802_1.fq.gz,/Users/shohei-noda/git/proj_wakayama_omi_pedigree_analysis/data/fastqs/s1802_2.fq.gz
s1807,/Users/shohei-noda/git/proj_wakayama_omi_pedigree_analysis/data/fastqs/s1807_1.fq.gz,/Users/shohei-noda/git/proj_wakayama_omi_pedigree_analysis/data/fastqs/s1807_2.fq.gz
S2018,/Users/shohei-noda/git/proj_wakayama_omi_pedigree_analysis/data/fastqs/S2018_1.fq.gz,/Users/shohei-noda/git/proj_wakayama_omi_pedigree_analysis/data/fastqs/S2018_2.fq.gz
s2019,/Users/shohei-noda/git/proj_wakayama_omi_pedigree_analysis/data/fastqs/s2019_1.fq.gz,/Users/shohei-noda/git/proj_wakayama_omi_pedigree_analysis/data/fastqs/s2019_2.fq.gz
S2020,/Users/shohei-noda/git/proj_wakayama_omi_pedigree_analysis/data/fastqs/S2020_1.fq.gz,/Users/shohei-noda/git/proj_wakayama_omi_pedigree_analysis/data/fastqs/S2020_2.fq.gz
S2022,/Users/shohei-noda/git/proj_wakayama_omi_pedigree_analysis/data/fastqs/S2022_1.fq.gz,/Users/shohei-noda/git/proj_wakayama_omi_pedigree_analysis/data/fastqs/S2022_2.fq.gz
s2005,/Users/shohei-noda/git/proj_wakayama_omi_pedigree_analysis/data/fastqs/s2005_1.fq.gz,/Users/shohei-noda/git/proj_wakayama_omi_pedigree_analysis/data/fastqs/s2005_2.fq.gz
s2010,/Users/shohei-noda/git/proj_wakayama_omi_pedigree_analysis/data/fastqs/s2010_1.fq.gz,/Users/shohei-noda/git/proj_wakayama_omi_pedigree_analysis/data/fastqs/s2010_2.fq.gz
s2021,/Users/shohei-noda/git/proj_wakayama_omi_pedigree_analysis/data/fastqs/s2021_1.fq.gz,/Users/shohei-noda/git/proj_wakayama_omi_pedigree_analysis/data/fastqs/s2021_2.fq.gz
s2009,/Users/shohei-noda/git/proj_wakayama_omi_pedigree_analysis/data/fastqs/s2009_1.fq.gz,/Users/shohei-noda/git/proj_wakayama_omi_pedigree_analysis/data/fastqs/s2009_2.fq.gz
s2001,/Users/shohei-noda/git/proj_wakayama_omi_pedigree_analysis/data/fastqs/s2001_1.fq.gz,/Users/shohei-noda/git/proj_wakayama_omi_pedigree_analysis/data/fastqs/s2001_2.fq.gz
S2016,/Users/shohei-noda/git/proj_wakayama_omi_pedigree_analysis/data/fastqs/S2016_1.fq.gz,/Users/shohei-noda/git/proj_wakayama_omi_pedigree_analysis/data/fastqs/S2016_2.fq.gz
s2024,/Users/shohei-noda/git/proj_wakayama_omi_pedigree_analysis/data/fastqs/s2024_1.fq.gz,/Users/shohei-noda/git/proj_wakayama_omi_pedigree_analysis/data/fastqs/s2024_2.fq.gz
s2014,/Users/shohei-noda/git/proj_wakayama_omi_pedigree_analysis/data/fastqs/s2014_1.fq.gz,/Users/shohei-noda/git/proj_wakayama_omi_pedigree_analysis/data/fastqs/s2014_2.fq.gz
s2006,/Users/shohei-noda/git/proj_wakayama_omi_pedigree_analysis/data/fastqs/s2006_1.fq.gz,/Users/shohei-noda/git/proj_wakayama_omi_pedigree_analysis/data/fastqs/s2006_2.fq.gz
S2003,/Users/shohei-noda/git/proj_wakayama_omi_pedigree_analysis/data/fastqs/S2003_1.fq.gz,/Users/shohei-noda/git/proj_wakayama_omi_pedigree_analysis/data/fastqs/S2003_2.fq.gz
S2035,/Users/shohei-noda/git/proj_wakayama_omi_pedigree_analysis/data/fastqs/S2035_1.fq.gz,/Users/shohei-noda/git/proj_wakayama_omi_pedigree_analysis/data/fastqs/S2035_2.fq.gz
s2047,/Users/shohei-noda/git/proj_wakayama_omi_pedigree_analysis/data/fastqs/s2047_1.fq.gz,/Users/shohei-noda/git/proj_wakayama_omi_pedigree_analysis/data/fastqs/s2047_2.fq.gz
S2050,/Users/shohei-noda/git/proj_wakayama_omi_pedigree_analysis/data/fastqs/S2050_1.fq.gz,/Users/shohei-noda/git/proj_wakayama_omi_pedigree_analysis/data/fastqs/S2050_2.fq.gz
s2049,/Users/shohei-noda/git/proj_wakayama_omi_pedigree_analysis/data/fastqs/s2049_1.fq.gz,/Users/shohei-noda/git/proj_wakayama_omi_pedigree_analysis/data/fastqs/s2049_2.fq.gz
s2028,/Users/shohei-noda/git/proj_wakayama_omi_pedigree_analysis/data/fastqs/s2028_1.fq.gz,/Users/shohei-noda/git/proj_wakayama_omi_pedigree_analysis/data/fastqs/s2028_2.fq.gz
s2032,/Users/shohei-noda/git/proj_wakayama_omi_pedigree_analysis/data/fastqs/s2032_1.fq.gz,/Users/shohei-noda/git/proj_wakayama_omi_pedigree_analysis/data/fastqs/s2032_2.fq.gz
s2038,/Users/shohei-noda/git/proj_wakayama_omi_pedigree_analysis/data/fastqs/s2038_1.fq.gz,/Users/shohei-noda/git/proj_wakayama_omi_pedigree_analysis/data/fastqs/s2038_2.fq.gz
S3275,/Users/shohei-noda/git/proj_wakayama_omi_pedigree_analysis/data/fastqs/S3275_1.fq.gz,/Users/shohei-noda/git/proj_wakayama_omi_pedigree_analysis/data/fastqs/S3275_2.fq.gz
S3277,/Users/shohei-noda/git/proj_wakayama_omi_pedigree_analysis/data/fastqs/S3277_1.fq.gz,/Users/shohei-noda/git/proj_wakayama_omi_pedigree_analysis/data/fastqs/S3277_2.fq.gz
S3257,/Users/shohei-noda/git/proj_wakayama_omi_pedigree_analysis/data/fastqs/S3257_1.fq.gz,/Users/shohei-noda/git/proj_wakayama_omi_pedigree_analysis/data/fastqs/S3257_2.fq.gz
s3279,/Users/shohei-noda/git/proj_wakayama_omi_pedigree_analysis/data/fastqs/s3279_1.fq.gz,/Users/shohei-noda/git/proj_wakayama_omi_pedigree_analysis/data/fastqs/s3279_2.fq.gz
S3296,/Users/shohei-noda/git/proj_wakayama_omi_pedigree_analysis/data/fastqs/S3296_1.fq.gz,/Users/shohei-noda/git/proj_wakayama_omi_pedigree_analysis/data/fastqs/S3296_2.fq.gz
s3270,/Users/shohei-noda/git/proj_wakayama_omi_pedigree_analysis/data/fastqs/s3270_1.fq.gz,/Users/shohei-noda/git/proj_wakayama_omi_pedigree_analysis/data/fastqs/s3270_2.fq.gz
s3288,/Users/shohei-noda/git/proj_wakayama_omi_pedigree_analysis/data/fastqs/s3288_1.fq.gz,/Users/shohei-noda/git/proj_wakayama_omi_pedigree_analysis/data/fastqs/s3288_2.fq.gz
s3274,/Users/shohei-noda/git/proj_wakayama_omi_pedigree_analysis/data/fastqs/s3274_1.fq.gz,/Users/shohei-noda/git/proj_wakayama_omi_pedigree_analysis/data/fastqs/s3274_2.fq.gz
S3269,/Users/shohei-noda/git/proj_wakayama_omi_pedigree_analysis/data/fastqs/S3269_1.fq.gz,/Users/shohei-noda/git/proj_wakayama_omi_pedigree_analysis/data/fastqs/S3269_2.fq.gz
s3255,/Users/shohei-noda/git/proj_wakayama_omi_pedigree_analysis/data/fastqs/s3255_1.fq.gz,/Users/shohei-noda/git/proj_wakayama_omi_pedigree_analysis/data/fastqs/s3255_2.fq.gz
S3262,/Users/shohei-noda/git/proj_wakayama_omi_pedigree_analysis/data/fastqs/S3262_1.fq.gz,/Users/shohei-noda/git/proj_wakayama_omi_pedigree_analysis/data/fastqs/S3262_2.fq.gz
s3252,/Users/shohei-noda/git/proj_wakayama_omi_pedigree_analysis/data/fastqs/s3252_1.fq.gz,/Users/shohei-noda/git/proj_wakayama_omi_pedigree_analysis/data/fastqs/s3252_2.fq.gz
S3295,/Users/shohei-noda/git/proj_wakayama_omi_pedigree_analysis/data/fastqs/S3295_1.fq.gz,/Users/shohei-noda/git/proj_wakayama_omi_pedigree_analysis/data/fastqs/S3295_2.fq.gz
s3286,/Users/shohei-noda/git/proj_wakayama_omi_pedigree_analysis/data/fastqs/s3286_1.fq.gz,/Users/shohei-noda/git/proj_wakayama_omi_pedigree_analysis/data/fastqs/s3286_2.fq.gz
s3263,/Users/shohei-noda/git/proj_wakayama_omi_pedigree_analysis/data/fastqs/s3263_1.fq.gz,/Users/shohei-noda/git/proj_wakayama_omi_pedigree_analysis/data/fastqs/s3263_2.fq.gz
s3261,/Users/shohei-noda/git/proj_wakayama_omi_pedigree_analysis/data/fastqs/s3261_1.fq.gz,/Users/shohei-noda/git/proj_wakayama_omi_pedigree_analysis/data/fastqs/s3261_2.fq.gz
s3253,/Users/shohei-noda/git/proj_wakayama_omi_pedigree_analysis/data/fastqs/s3253_1.fq.gz,/Users/shohei-noda/git/proj_wakayama_omi_pedigree_analysis/data/fastqs/s3253_2.fq.gz
S3300,/Users/shohei-noda/git/proj_wakayama_omi_pedigree_analysis/data/fastqs/S3300_1.fq.gz,/Users/shohei-noda/git/proj_wakayama_omi_pedigree_analysis/data/fastqs/S3300_2.fq.gz
s3251,/Users/shohei-noda/git/proj_wakayama_omi_pedigree_analysis/data/fastqs/s3251_1.fq.gz,/Users/shohei-noda/git/proj_wakayama_omi_pedigree_analysis/data/fastqs/s3251_2.fq.gz
s3267,/Users/shohei-noda/git/proj_wakayama_omi_pedigree_analysis/data/fastqs/s3267_1.fq.gz,/Users/shohei-noda/git/proj_wakayama_omi_pedigree_analysis/data/fastqs/s3267_2.fq.gz
s3289,/Users/shohei-noda/git/proj_wakayama_omi_pedigree_analysis/data/fastqs/s3289_1.fq.gz,/Users/shohei-noda/git/proj_wakayama_omi_pedigree_analysis/data/fastqs/s3289_2.fq.gz
s3299,/Users/shohei-noda/git/proj_wakayama_omi_pedigree_analysis/data/fastqs/s3299_1.fq.gz,/Users/shohei-noda/git/proj_wakayama_omi_pedigree_analysis/data/fastqs/s3299_2.fq.gz
s3254,/Users/shohei-noda/git/proj_wakayama_omi_pedigree_analysis/data/fastqs/s3254_1.fq.gz,/Users/shohei-noda/git/proj_wakayama_omi_pedigree_analysis/data/fastqs/s3254_2.fq.gz
S3283,/Users/shohei-noda/git/proj_wakayama_omi_pedigree_analysis/data/fastqs/S3283_1.fq.gz,/Users/shohei-noda/git/proj_wakayama_omi_pedigree_analysis/data/fastqs/S3283_2.fq.gz
s3273,/Users/shohei-noda/git/proj_wakayama_omi_pedigree_analysis/data/fastqs/s3273_1.fq.gz,/Users/shohei-noda/git/proj_wakayama_omi_pedigree_analysis/data/fastqs/s3273_2.fq.gz
s3266,/Users/shohei-noda/git/proj_wakayama_omi_pedigree_analysis/data/fastqs/s3266_1.fq.gz,/Users/shohei-noda/git/proj_wakayama_omi_pedigree_analysis/data/fastqs/s3266_2.fq.gz
s3258,/Users/shohei-noda/git/proj_wakayama_omi_pedigree_analysis/data/fastqs/s3258_1.fq.gz,/Users/shohei-noda/git/proj_wakayama_omi_pedigree_analysis/data/fastqs/s3258_2.fq.gz
s3278,/Users/shohei-noda/git/proj_wakayama_omi_pedigree_analysis/data/fastqs/s3278_1.fq.gz,/Users/shohei-noda/git/proj_wakayama_omi_pedigree_analysis/data/fastqs/s3278_2.fq.gz
s3272,/Users/shohei-noda/git/proj_wakayama_omi_pedigree_analysis/data/fastqs/s3272_1.fq.gz,/Users/shohei-noda/git/proj_wakayama_omi_pedigree_analysis/data/fastqs/s3272_2.fq.gz
s3298,/Users/shohei-noda/git/proj_wakayama_omi_pedigree_analysis/data/fastqs/s3298_1.fq.gz,/Users/shohei-noda/git/proj_wakayama_omi_pedigree_analysis/data/fastqs/s3298_2.fq.gz
s3280,/Users/shohei-noda/git/proj_wakayama_omi_pedigree_analysis/data/fastqs/s3280_1.fq.gz,/Users/shohei-noda/git/proj_wakayama_omi_pedigree_analysis/data/fastqs/s3280_2.fq.gz
s3294,/Users/shohei-noda/git/proj_wakayama_omi_pedigree_analysis/data/fastqs/s3294_1.fq.gz,/Users/shohei-noda/git/proj_wakayama_omi_pedigree_analysis/data/fastqs/s3294_2.fq.gz
s3271,/Users/shohei-noda/git/proj_wakayama_omi_pedigree_analysis/data/fastqs/s3271_1.fq.gz,/Users/shohei-noda/git/proj_wakayama_omi_pedigree_analysis/data/fastqs/s3271_2.fq.gz
s3282,/Users/shohei-noda/git/proj_wakayama_omi_pedigree_analysis/data/fastqs/s3282_1.fq.gz,/Users/shohei-noda/git/proj_wakayama_omi_pedigree_analysis/data/fastqs/s3282_2.fq.gz
s3284,/Users/shohei-noda/git/proj_wakayama_omi_pedigree_analysis/data/fastqs/s3284_1.fq.gz,/Users/shohei-noda/git/proj_wakayama_omi_pedigree_analysis/data/fastqs/s3284_2.fq.gz
s3281,/Users/shohei-noda/git/proj_wakayama_omi_pedigree_analysis/data/fastqs/s3281_1.fq.gz,/Users/shohei-noda/git/proj_wakayama_omi_pedigree_analysis/data/fastqs/s3281_2.fq.gz
s3290,/Users/shohei-noda/git/proj_wakayama_omi_pedigree_analysis/data/fastqs/s3290_1.fq.gz,/Users/shohei-noda/git/proj_wakayama_omi_pedigree_analysis/data/fastqs/s3290_2.fq.gz
s3330,/Users/shohei-noda/git/proj_wakayama_omi_pedigree_analysis/data/fastqs/s3330_1.fq.gz,/Users/shohei-noda/git/proj_wakayama_omi_pedigree_analysis/data/fastqs/s3330_2.fq.gz
s3317,/Users/shohei-noda/git/proj_wakayama_omi_pedigree_analysis/data/fastqs/s3317_1.fq.gz,/Users/shohei-noda/git/proj_wakayama_omi_pedigree_analysis/data/fastqs/s3317_2.fq.gz
S3316,/Users/shohei-noda/git/proj_wakayama_omi_pedigree_analysis/data/fastqs/S3316_1.fq.gz,/Users/shohei-noda/git/proj_wakayama_omi_pedigree_analysis/data/fastqs/S3316_2.fq.gz
s3322,/Users/shohei-noda/git/proj_wakayama_omi_pedigree_analysis/data/fastqs/s3322_1.fq.gz,/Users/shohei-noda/git/proj_wakayama_omi_pedigree_analysis/data/fastqs/s3322_2.fq.gz
s3324,/Users/shohei-noda/git/proj_wakayama_omi_pedigree_analysis/data/fastqs/s3324_1.fq.gz,/Users/shohei-noda/git/proj_wakayama_omi_pedigree_analysis/data/fastqs/s3324_2.fq.gz
s3312,/Users/shohei-noda/git/proj_wakayama_omi_pedigree_analysis/data/fastqs/s3312_1.fq.gz,/Users/shohei-noda/git/proj_wakayama_omi_pedigree_analysis/data/fastqs/s3312_2.fq.gz
s3320,/Users/shohei-noda/git/proj_wakayama_omi_pedigree_analysis/data/fastqs/s3320_1.fq.gz,/Users/shohei-noda/git/proj_wakayama_omi_pedigree_analysis/data/fastqs/s3320_2.fq.gz
s3309,/Users/shohei-noda/git/proj_wakayama_omi_pedigree_analysis/data/fastqs/s3309_1.fq.gz,/Users/shohei-noda/git/proj_wakayama_omi_pedigree_analysis/data/fastqs/s3309_2.fq.gz
s3319,/Users/shohei-noda/git/proj_wakayama_omi_pedigree_analysis/data/fastqs/s3319_1.fq.gz,/Users/shohei-noda/git/proj_wakayama_omi_pedigree_analysis/data/fastqs/s3319_2.fq.gz
s3303,/Users/shohei-noda/git/proj_wakayama_omi_pedigree_analysis/data/fastqs/s3303_1.fq.gz,/Users/shohei-noda/git/proj_wakayama_omi_pedigree_analysis/data/fastqs/s3303_2.fq.gz
s3328,/Users/shohei-noda/git/proj_wakayama_omi_pedigree_analysis/data/fastqs/s3328_1.fq.gz,/Users/shohei-noda/git/proj_wakayama_omi_pedigree_analysis/data/fastqs/s3328_2.fq.gz
s3304,/Users/shohei-noda/git/proj_wakayama_omi_pedigree_analysis/data/fastqs/s3304_1.fq.gz,/Users/shohei-noda/git/proj_wakayama_omi_pedigree_analysis/data/fastqs/s3304_2.fq.gz
s3326,/Users/shohei-noda/git/proj_wakayama_omi_pedigree_analysis/data/fastqs/s3326_1.fq.gz,/Users/shohei-noda/git/proj_wakayama_omi_pedigree_analysis/data/fastqs/s3326_2.fq.gz
s3345,/Users/shohei-noda/git/proj_wakayama_omi_pedigree_analysis/data/fastqs/s3345_1.fq.gz,/Users/shohei-noda/git/proj_wakayama_omi_pedigree_analysis/data/fastqs/s3345_2.fq.gz
s3329,/Users/shohei-noda/git/proj_wakayama_omi_pedigree_analysis/data/fastqs/s3329_1.fq.gz,/Users/shohei-noda/git/proj_wakayama_omi_pedigree_analysis/data/fastqs/s3329_2.fq.gz
s3318,/Users/shohei-noda/git/proj_wakayama_omi_pedigree_analysis/data/fastqs/s3318_1.fq.gz,/Users/shohei-noda/git/proj_wakayama_omi_pedigree_analysis/data/fastqs/s3318_2.fq.gz
s3350,/Users/shohei-noda/git/proj_wakayama_omi_pedigree_analysis/data/fastqs/s3350_1.fq.gz,/Users/shohei-noda/git/proj_wakayama_omi_pedigree_analysis/data/fastqs/s3350_2.fq.gz
s3349,/Users/shohei-noda/git/proj_wakayama_omi_pedigree_analysis/data/fastqs/s3349_1.fq.gz,/Users/shohei-noda/git/proj_wakayama_omi_pedigree_analysis/data/fastqs/s3349_2.fq.gz
s3308,/Users/shohei-noda/git/proj_wakayama_omi_pedigree_analysis/data/fastqs/s3308_1.fq.gz,/Users/shohei-noda/git/proj_wakayama_omi_pedigree_analysis/data/fastqs/s3308_2.fq.gz
s3310,/Users/shohei-noda/git/proj_wakayama_omi_pedigree_analysis/data/fastqs/s3310_1.fq.gz,/Users/shohei-noda/git/proj_wakayama_omi_pedigree_analysis/data/fastqs/s3310_2.fq.gz
s3315,/Users/shohei-noda/git/proj_wakayama_omi_pedigree_analysis/data/fastqs/s3315_1.fq.gz,/Users/shohei-noda/git/proj_wakayama_omi_pedigree_analysis/data/fastqs/s3315_2.fq.gz
s3307,/Users/shohei-noda/git/proj_wakayama_omi_pedigree_analysis/data/fastqs/s3307_1.fq.gz,/Users/shohei-noda/git/proj_wakayama_omi_pedigree_analysis/data/fastqs/s3307_2.fq.gz
s3380,/Users/shohei-noda/git/proj_wakayama_omi_pedigree_analysis/data/fastqs/s3380_1.fq.gz,/Users/shohei-noda/git/proj_wakayama_omi_pedigree_analysis/data/fastqs/s3380_2.fq.gz
S3870,/Users/shohei-noda/git/proj_wakayama_omi_pedigree_analysis/data/fastqs/S3870_1.fq.gz,/Users/shohei-noda/git/proj_wakayama_omi_pedigree_analysis/data/fastqs/S3870_2.fq.gz
s3372,/Users/shohei-noda/git/proj_wakayama_omi_pedigree_analysis/data/fastqs/s3372_1.fq.gz,/Users/shohei-noda/git/proj_wakayama_omi_pedigree_analysis/data/fastqs/s3372_2.fq.gz
s3396,/Users/shohei-noda/git/proj_wakayama_omi_pedigree_analysis/data/fastqs/s3396_1.fq.gz,/Users/shohei-noda/git/proj_wakayama_omi_pedigree_analysis/data/fastqs/s3396_2.fq.gz
s3378,/Users/shohei-noda/git/proj_wakayama_omi_pedigree_analysis/data/fastqs/s3378_1.fq.gz,/Users/shohei-noda/git/proj_wakayama_omi_pedigree_analysis/data/fastqs/s3378_2.fq.gz
s3398,/Users/shohei-noda/git/proj_wakayama_omi_pedigree_analysis/data/fastqs/s3398_1.fq.gz,/Users/shohei-noda/git/proj_wakayama_omi_pedigree_analysis/data/fastqs/s3398_2.fq.gz
s3388,/Users/shohei-noda/git/proj_wakayama_omi_pedigree_analysis/data/fastqs/s3388_1.fq.gz,/Users/shohei-noda/git/proj_wakayama_omi_pedigree_analysis/data/fastqs/s3388_2.fq.gz
s3393,/Users/shohei-noda/git/proj_wakayama_omi_pedigree_analysis/data/fastqs/s3393_1.fq.gz,/Users/shohei-noda/git/proj_wakayama_omi_pedigree_analysis/data/fastqs/s3393_2.fq.gz
S3400,/Users/shohei-noda/git/proj_wakayama_omi_pedigree_analysis/data/fastqs/S3400_1.fq.gz,/Users/shohei-noda/git/proj_wakayama_omi_pedigree_analysis/data/fastqs/S3400_2.fq.gz
S3880,/Users/shohei-noda/git/proj_wakayama_omi_pedigree_analysis/data/fastqs/S3880_1.fq.gz,/Users/shohei-noda/git/proj_wakayama_omi_pedigree_analysis/data/fastqs/S3880_2.fq.gz
s3368,/Users/shohei-noda/git/proj_wakayama_omi_pedigree_analysis/data/fastqs/s3368_1.fq.gz,/Users/shohei-noda/git/proj_wakayama_omi_pedigree_analysis/data/fastqs/s3368_2.fq.gz
s3356,/Users/shohei-noda/git/proj_wakayama_omi_pedigree_analysis/data/fastqs/s3356_1.fq.gz,/Users/shohei-noda/git/proj_wakayama_omi_pedigree_analysis/data/fastqs/s3356_2.fq.gz
s3386,/Users/shohei-noda/git/proj_wakayama_omi_pedigree_analysis/data/fastqs/s3386_1.fq.gz,/Users/shohei-noda/git/proj_wakayama_omi_pedigree_analysis/data/fastqs/s3386_2.fq.gz
s3390,/Users/shohei-noda/git/proj_wakayama_omi_pedigree_analysis/data/fastqs/s3390_1.fq.gz,/Users/shohei-noda/git/proj_wakayama_omi_pedigree_analysis/data/fastqs/s3390_2.fq.gz
s3361,/Users/shohei-noda/git/proj_wakayama_omi_pedigree_analysis/data/fastqs/s3361_1.fq.gz,/Users/shohei-noda/git/proj_wakayama_omi_pedigree_analysis/data/fastqs/s3361_2.fq.gz
s3381,/Users/shohei-noda/git/proj_wakayama_omi_pedigree_analysis/data/fastqs/s3381_1.fq.gz,/Users/shohei-noda/git/proj_wakayama_omi_pedigree_analysis/data/fastqs/s3381_2.fq.gz
s3379,/Users/shohei-noda/git/proj_wakayama_omi_pedigree_analysis/data/fastqs/s3379_1.fq.gz,/Users/shohei-noda/git/proj_wakayama_omi_pedigree_analysis/data/fastqs/s3379_2.fq.gz
s3367,/Users/shohei-noda/git/proj_wakayama_omi_pedigree_analysis/data/fastqs/s3367_1.fq.gz,/Users/shohei-noda/git/proj_wakayama_omi_pedigree_analysis/data/fastqs/s3367_2.fq.gz
S3395,/Users/shohei-noda/git/proj_wakayama_omi_pedigree_analysis/data/fastqs/S3395_1.fq.gz,/Users/shohei-noda/git/proj_wakayama_omi_pedigree_analysis/data/fastqs/S3395_2.fq.gz
s3359,/Users/shohei-noda/git/proj_wakayama_omi_pedigree_analysis/data/fastqs/s3359_1.fq.gz,/Users/shohei-noda/git/proj_wakayama_omi_pedigree_analysis/data/fastqs/s3359_2.fq.gz
s3387,/Users/shohei-noda/git/proj_wakayama_omi_pedigree_analysis/data/fastqs/s3387_1.fq.gz,/Users/shohei-noda/git/proj_wakayama_omi_pedigree_analysis/data/fastqs/s3387_2.fq.gz
s3384,/Users/shohei-noda/git/proj_wakayama_omi_pedigree_analysis/data/fastqs/s3384_1.fq.gz,/Users/shohei-noda/git/proj_wakayama_omi_pedigree_analysis/data/fastqs/s3384_2.fq.gz
s3397,/Users/shohei-noda/git/proj_wakayama_omi_pedigree_analysis/data/fastqs/s3397_1.fq.gz,/Users/shohei-noda/git/proj_wakayama_omi_pedigree_analysis/data/fastqs/s3397_2.fq.gz
s3399,/Users/shohei-noda/git/proj_wakayama_omi_pedigree_analysis/data/fastqs/s3399_1.fq.gz,/Users/shohei-noda/git/proj_wakayama_omi_pedigree_analysis/data/fastqs/s3399_2.fq.gz
s3371,/Users/shohei-noda/git/proj_wakayama_omi_pedigree_analysis/data/fastqs/s3371_1.fq.gz,/Users/shohei-noda/git/proj_wakayama_omi_pedigree_analysis/data/fastqs/s3371_2.fq.gz
s3351,/Users/shohei-noda/git/proj_wakayama_omi_pedigree_analysis/data/fastqs/s3351_1.fq.gz,/Users/shohei-noda/git/proj_wakayama_omi_pedigree_analysis/data/fastqs/s3351_2.fq.gz
s3392,/Users/shohei-noda/git/proj_wakayama_omi_pedigree_analysis/data/fastqs/s3392_1.fq.gz,/Users/shohei-noda/git/proj_wakayama_omi_pedigree_analysis/data/fastqs/s3392_2.fq.gz
s3383,/Users/shohei-noda/git/proj_wakayama_omi_pedigree_analysis/data/fastqs/s3383_1.fq.gz,/Users/shohei-noda/git/proj_wakayama_omi_pedigree_analysis/data/fastqs/s3383_2.fq.gz
s3354,/Users/shohei-noda/git/proj_wakayama_omi_pedigree_analysis/data/fastqs/s3354_1.fq.gz,/Users/shohei-noda/git/proj_wakayama_omi_pedigree_analysis/data/fastqs/s3354_2.fq.gz
s3391,/Users/shohei-noda/git/proj_wakayama_omi_pedigree_analysis/data/fastqs/s3391_1.fq.gz,/Users/shohei-noda/git/proj_wakayama_omi_pedigree_analysis/data/fastqs/s3391_2.fq.gz
s3377,/Users/shohei-noda/git/proj_wakayama_omi_pedigree_analysis/data/fastqs/s3377_1.fq.gz,/Users/shohei-noda/git/proj_wakayama_omi_pedigree_analysis/data/fastqs/s3377_2.fq.gz
s3352,/Users/shohei-noda/git/proj_wakayama_omi_pedigree_analysis/data/fastqs/s3352_1.fq.gz,/Users/shohei-noda/git/proj_wakayama_omi_pedigree_analysis/data/fastqs/s3352_2.fq.gz
s3353,/Users/shohei-noda/git/proj_wakayama_omi_pedigree_analysis/data/fastqs/s3353_1.fq.gz,/Users/shohei-noda/git/proj_wakayama_omi_pedigree_analysis/data/fastqs/s3353_2.fq.gz
s3362,/Users/shohei-noda/git/proj_wakayama_omi_pedigree_analysis/data/fastqs/s3362_1.fq.gz,/Users/shohei-noda/git/proj_wakayama_omi_pedigree_analysis/data/fastqs/s3362_2.fq.gz
s3358,/Users/shohei-noda/git/proj_wakayama_omi_pedigree_analysis/data/fastqs/s3358_1.fq.gz,/Users/shohei-noda/git/proj_wakayama_omi_pedigree_analysis/data/fastqs/s3358_2.fq.gz
s3394,/Users/shohei-noda/git/proj_wakayama_omi_pedigree_analysis/data/fastqs/s3394_1.fq.gz,/Users/shohei-noda/git/proj_wakayama_omi_pedigree_analysis/data/fastqs/s3394_2.fq.gz
s3360,/Users/shohei-noda/git/proj_wakayama_omi_pedigree_analysis/data/fastqs/s3360_1.fq.gz,/Users/shohei-noda/git/proj_wakayama_omi_pedigree_analysis/data/fastqs/s3360_2.fq.gz
s3389,/Users/shohei-noda/git/proj_wakayama_omi_pedigree_analysis/data/fastqs/s3389_1.fq.gz,/Users/shohei-noda/git/proj_wakayama_omi_pedigree_analysis/data/fastqs/s3389_2.fq.gz
s3376,/Users/shohei-noda/git/proj_wakayama_omi_pedigree_analysis/data/fastqs/s3376_1.fq.gz,/Users/shohei-noda/git/proj_wakayama_omi_pedigree_analysis/data/fastqs/s3376_2.fq.gz
s3382,/Users/shohei-noda/git/proj_wakayama_omi_pedigree_analysis/data/fastqs/s3382_1.fq.gz,/Users/shohei-noda/git/proj_wakayama_omi_pedigree_analysis/data/fastqs/s3382_2.fq.gz
s3370,/Users/shohei-noda/git/proj_wakayama_omi_pedigree_analysis/data/fastqs/s3370_1.fq.gz,/Users/shohei-noda/git/proj_wakayama_omi_pedigree_analysis/data/fastqs/s3370_2.fq.gz
s3355,/Users/shohei-noda/git/proj_wakayama_omi_pedigree_analysis/data/fastqs/s3355_1.fq.gz,/Users/shohei-noda/git/proj_wakayama_omi_pedigree_analysis/data/fastqs/s3355_2.fq.gz
s3357,/Users/shohei-noda/git/proj_wakayama_omi_pedigree_analysis/data/fastqs/s3357_1.fq.gz,/Users/shohei-noda/git/proj_wakayama_omi_pedigree_analysis/data/fastqs/s3357_2.fq.gz
S3496,/Users/shohei-noda/git/proj_wakayama_omi_pedigree_analysis/data/fastqs/S3496_1.fq.gz,/Users/shohei-noda/git/proj_wakayama_omi_pedigree_analysis/data/fastqs/S3496_2.fq.gz
S3478,/Users/shohei-noda/git/proj_wakayama_omi_pedigree_analysis/data/fastqs/S3478_1.fq.gz,/Users/shohei-noda/git/proj_wakayama_omi_pedigree_analysis/data/fastqs/S3478_2.fq.gz
S3473,/Users/shohei-noda/git/proj_wakayama_omi_pedigree_analysis/data/fastqs/S3473_1.fq.gz,/Users/shohei-noda/git/proj_wakayama_omi_pedigree_analysis/data/fastqs/S3473_2.fq.gz
S3456,/Users/shohei-noda/git/proj_wakayama_omi_pedigree_analysis/data/fastqs/S3456_1.fq.gz,/Users/shohei-noda/git/proj_wakayama_omi_pedigree_analysis/data/fastqs/S3456_2.fq.gz
S3470,/Users/shohei-noda/git/proj_wakayama_omi_pedigree_analysis/data/fastqs/S3470_1.fq.gz,/Users/shohei-noda/git/proj_wakayama_omi_pedigree_analysis/data/fastqs/S3470_2.fq.gz
S3481,/Users/shohei-noda/git/proj_wakayama_omi_pedigree_analysis/data/fastqs/S3481_1.fq.gz,/Users/shohei-noda/git/proj_wakayama_omi_pedigree_analysis/data/fastqs/S3481_2.fq.gz
S3472,/Users/shohei-noda/git/proj_wakayama_omi_pedigree_analysis/data/fastqs/S3472_1.fq.gz,/Users/shohei-noda/git/proj_wakayama_omi_pedigree_analysis/data/fastqs/S3472_2.fq.gz
S3455,/Users/shohei-noda/git/proj_wakayama_omi_pedigree_analysis/data/fastqs/S3455_1.fq.gz,/Users/shohei-noda/git/proj_wakayama_omi_pedigree_analysis/data/fastqs/S3455_2.fq.gz
S3468,/Users/shohei-noda/git/proj_wakayama_omi_pedigree_analysis/data/fastqs/S3468_1.fq.gz,/Users/shohei-noda/git/proj_wakayama_omi_pedigree_analysis/data/fastqs/S3468_2.fq.gz
S3459,/Users/shohei-noda/git/proj_wakayama_omi_pedigree_analysis/data/fastqs/S3459_1.fq.gz,/Users/shohei-noda/git/proj_wakayama_omi_pedigree_analysis/data/fastqs/S3459_2.fq.gz
S3493,/Users/shohei-noda/git/proj_wakayama_omi_pedigree_analysis/data/fastqs/S3493_1.fq.gz,/Users/shohei-noda/git/proj_wakayama_omi_pedigree_analysis/data/fastqs/S3493_2.fq.gz
S3491,/Users/shohei-noda/git/proj_wakayama_omi_pedigree_analysis/data/fastqs/S3491_1.fq.gz,/Users/shohei-noda/git/proj_wakayama_omi_pedigree_analysis/data/fastqs/S3491_2.fq.gz
S3484,/Users/shohei-noda/git/proj_wakayama_omi_pedigree_analysis/data/fastqs/S3484_1.fq.gz,/Users/shohei-noda/git/proj_wakayama_omi_pedigree_analysis/data/fastqs/S3484_2.fq.gz
S3463,/Users/shohei-noda/git/proj_wakayama_omi_pedigree_analysis/data/fastqs/S3463_1.fq.gz,/Users/shohei-noda/git/proj_wakayama_omi_pedigree_analysis/data/fastqs/S3463_2.fq.gz
S3500,/Users/shohei-noda/git/proj_wakayama_omi_pedigree_analysis/data/fastqs/S3500_1.fq.gz,/Users/shohei-noda/git/proj_wakayama_omi_pedigree_analysis/data/fastqs/S3500_2.fq.gz
S3477,/Users/shohei-noda/git/proj_wakayama_omi_pedigree_analysis/data/fastqs/S3477_1.fq.gz,/Users/shohei-noda/git/proj_wakayama_omi_pedigree_analysis/data/fastqs/S3477_2.fq.gz
S3453,/Users/shohei-noda/git/proj_wakayama_omi_pedigree_analysis/data/fastqs/S3453_1.fq.gz,/Users/shohei-noda/git/proj_wakayama_omi_pedigree_analysis/data/fastqs/S3453_2.fq.gz
S3497,/Users/shohei-noda/git/proj_wakayama_omi_pedigree_analysis/data/fastqs/S3497_1.fq.gz,/Users/shohei-noda/git/proj_wakayama_omi_pedigree_analysis/data/fastqs/S3497_2.fq.gz
S3451,/Users/shohei-noda/git/proj_wakayama_omi_pedigree_analysis/data/fastqs/S3451_1.fq.gz,/Users/shohei-noda/git/proj_wakayama_omi_pedigree_analysis/data/fastqs/S3451_2.fq.gz
S3460,/Users/shohei-noda/git/proj_wakayama_omi_pedigree_analysis/data/fastqs/S3460_1.fq.gz,/Users/shohei-noda/git/proj_wakayama_omi_pedigree_analysis/data/fastqs/S3460_2.fq.gz
S3476,/Users/shohei-noda/git/proj_wakayama_omi_pedigree_analysis/data/fastqs/S3476_1.fq.gz,/Users/shohei-noda/git/proj_wakayama_omi_pedigree_analysis/data/fastqs/S3476_2.fq.gz
S3492,/Users/shohei-noda/git/proj_wakayama_omi_pedigree_analysis/data/fastqs/S3492_1.fq.gz,/Users/shohei-noda/git/proj_wakayama_omi_pedigree_analysis/data/fastqs/S3492_2.fq.gz
S3457,/Users/shohei-noda/git/proj_wakayama_omi_pedigree_analysis/data/fastqs/S3457_1.fq.gz,/Users/shohei-noda/git/proj_wakayama_omi_pedigree_analysis/data/fastqs/S3457_2.fq.gz
S3494,/Users/shohei-noda/git/proj_wakayama_omi_pedigree_analysis/data/fastqs/S3494_1.fq.gz,/Users/shohei-noda/git/proj_wakayama_omi_pedigree_analysis/data/fastqs/S3494_2.fq.gz
S3480,/Users/shohei-noda/git/proj_wakayama_omi_pedigree_analysis/data/fastqs/S3480_1.fq.gz,/Users/shohei-noda/git/proj_wakayama_omi_pedigree_analysis/data/fastqs/S3480_2.fq.gz
S3488,/Users/shohei-noda/git/proj_wakayama_omi_pedigree_analysis/data/fastqs/S3488_1.fq.gz,/Users/shohei-noda/git/proj_wakayama_omi_pedigree_analysis/data/fastqs/S3488_2.fq.gz
S3489,/Users/shohei-noda/git/proj_wakayama_omi_pedigree_analysis/data/fastqs/S3489_1.fq.gz,/Users/shohei-noda/git/proj_wakayama_omi_pedigree_analysis/data/fastqs/S3489_2.fq.gz
S3499,/Users/shohei-noda/git/proj_wakayama_omi_pedigree_analysis/data/fastqs/S3499_1.fq.gz,/Users/shohei-noda/git/proj_wakayama_omi_pedigree_analysis/data/fastqs/S3499_2.fq.gz
S3483,/Users/shohei-noda/git/proj_wakayama_omi_pedigree_analysis/data/fastqs/S3483_1.fq.gz,/Users/shohei-noda/git/proj_wakayama_omi_pedigree_analysis/data/fastqs/S3483_2.fq.gz
S3471,/Users/shohei-noda/git/proj_wakayama_omi_pedigree_analysis/data/fastqs/S3471_1.fq.gz,/Users/shohei-noda/git/proj_wakayama_omi_pedigree_analysis/data/fastqs/S3471_2.fq.gz
S3458,/Users/shohei-noda/git/proj_wakayama_omi_pedigree_analysis/data/fastqs/S3458_1.fq.gz,/Users/shohei-noda/git/proj_wakayama_omi_pedigree_analysis/data/fastqs/S3458_2.fq.gz
S3465,/Users/shohei-noda/git/proj_wakayama_omi_pedigree_analysis/data/fastqs/S3465_1.fq.gz,/Users/shohei-noda/git/proj_wakayama_omi_pedigree_analysis/data/fastqs/S3465_2.fq.gz
S3474,/Users/shohei-noda/git/proj_wakayama_omi_pedigree_analysis/data/fastqs/S3474_1.fq.gz,/Users/shohei-noda/git/proj_wakayama_omi_pedigree_analysis/data/fastqs/S3474_2.fq.gz
S3475,/Users/shohei-noda/git/proj_wakayama_omi_pedigree_analysis/data/fastqs/S3475_1.fq.gz,/Users/shohei-noda/git/proj_wakayama_omi_pedigree_analysis/data/fastqs/S3475_2.fq.gz
S3464,/Users/shohei-noda/git/proj_wakayama_omi_pedigree_analysis/data/fastqs/S3464_1.fq.gz,/Users/shohei-noda/git/proj_wakayama_omi_pedigree_analysis/data/fastqs/S3464_2.fq.gz
S3487,/Users/shohei-noda/git/proj_wakayama_omi_pedigree_analysis/data/fastqs/S3487_1.fq.gz,/Users/shohei-noda/git/proj_wakayama_omi_pedigree_analysis/data/fastqs/S3487_2.fq.gz
S3462,/Users/shohei-noda/git/proj_wakayama_omi_pedigree_analysis/data/fastqs/S3462_1.fq.gz,/Users/shohei-noda/git/proj_wakayama_omi_pedigree_analysis/data/fastqs/S3462_2.fq.gz
S3452,/Users/shohei-noda/git/proj_wakayama_omi_pedigree_analysis/data/fastqs/S3452_1.fq.gz,/Users/shohei-noda/git/proj_wakayama_omi_pedigree_analysis/data/fastqs/S3452_2.fq.gz
S3466,/Users/shohei-noda/git/proj_wakayama_omi_pedigree_analysis/data/fastqs/S3466_1.fq.gz,/Users/shohei-noda/git/proj_wakayama_omi_pedigree_analysis/data/fastqs/S3466_2.fq.gz
S3482,/Users/shohei-noda/git/proj_wakayama_omi_pedigree_analysis/data/fastqs/S3482_1.fq.gz,/Users/shohei-noda/git/proj_wakayama_omi_pedigree_analysis/data/fastqs/S3482_2.fq.gz
S3469,/Users/shohei-noda/git/proj_wakayama_omi_pedigree_analysis/data/fastqs/S3469_1.fq.gz,/Users/shohei-noda/git/proj_wakayama_omi_pedigree_analysis/data/fastqs/S3469_2.fq.gz
S3498,/Users/shohei-noda/git/proj_wakayama_omi_pedigree_analysis/data/fastqs/S3498_1.fq.gz,/Users/shohei-noda/git/proj_wakayama_omi_pedigree_analysis/data/fastqs/S3498_2.fq.gz
S3486,/Users/shohei-noda/git/proj_wakayama_omi_pedigree_analysis/data/fastqs/S3486_1.fq.gz,/Users/shohei-noda/git/proj_wakayama_omi_pedigree_analysis/data/fastqs/S3486_2.fq.gz
S3485,/Users/shohei-noda/git/proj_wakayama_omi_pedigree_analysis/data/fastqs/S3485_1.fq.gz,/Users/shohei-noda/git/proj_wakayama_omi_pedigree_analysis/data/fastqs/S3485_2.fq.gz
S3479,/Users/shohei-noda/git/proj_wakayama_omi_pedigree_analysis/data/fastqs/S3479_1.fq.gz,/Users/shohei-noda/git/proj_wakayama_omi_pedigree_analysis/data/fastqs/S3479_2.fq.gz
S3507,/Users/shohei-noda/git/proj_wakayama_omi_pedigree_analysis/data/fastqs/S3507_1.fq.gz,/Users/shohei-noda/git/proj_wakayama_omi_pedigree_analysis/data/fastqs/S3507_2.fq.gz
S3530,/Users/shohei-noda/git/proj_wakayama_omi_pedigree_analysis/data/fastqs/S3530_1.fq.gz,/Users/shohei-noda/git/proj_wakayama_omi_pedigree_analysis/data/fastqs/S3530_2.fq.gz
S3502,/Users/shohei-noda/git/proj_wakayama_omi_pedigree_analysis/data/fastqs/S3502_1.fq.gz,/Users/shohei-noda/git/proj_wakayama_omi_pedigree_analysis/data/fastqs/S3502_2.fq.gz
S3506,/Users/shohei-noda/git/proj_wakayama_omi_pedigree_analysis/data/fastqs/S3506_1.fq.gz,/Users/shohei-noda/git/proj_wakayama_omi_pedigree_analysis/data/fastqs/S3506_2.fq.gz
S3508,/Users/shohei-noda/git/proj_wakayama_omi_pedigree_analysis/data/fastqs/S3508_1.fq.gz,/Users/shohei-noda/git/proj_wakayama_omi_pedigree_analysis/data/fastqs/S3508_2.fq.gz
S3511,/Users/shohei-noda/git/proj_wakayama_omi_pedigree_analysis/data/fastqs/S3511_1.fq.gz,/Users/shohei-noda/git/proj_wakayama_omi_pedigree_analysis/data/fastqs/S3511_2.fq.gz
S3520,/Users/shohei-noda/git/proj_wakayama_omi_pedigree_analysis/data/fastqs/S3520_1.fq.gz,/Users/shohei-noda/git/proj_wakayama_omi_pedigree_analysis/data/fastqs/S3520_2.fq.gz
S3512,/Users/shohei-noda/git/proj_wakayama_omi_pedigree_analysis/data/fastqs/S3512_1.fq.gz,/Users/shohei-noda/git/proj_wakayama_omi_pedigree_analysis/data/fastqs/S3512_2.fq.gz
S3519,/Users/shohei-noda/git/proj_wakayama_omi_pedigree_analysis/data/fastqs/S3519_1.fq.gz,/Users/shohei-noda/git/proj_wakayama_omi_pedigree_analysis/data/fastqs/S3519_2.fq.gz
S3504,/Users/shohei-noda/git/proj_wakayama_omi_pedigree_analysis/data/fastqs/S3504_1.fq.gz,/Users/shohei-noda/git/proj_wakayama_omi_pedigree_analysis/data/fastqs/S3504_2.fq.gz
S3532,/Users/shohei-noda/git/proj_wakayama_omi_pedigree_analysis/data/fastqs/S3532_1.fq.gz,/Users/shohei-noda/git/proj_wakayama_omi_pedigree_analysis/data/fastqs/S3532_2.fq.gz
S3529,/Users/shohei-noda/git/proj_wakayama_omi_pedigree_analysis/data/fastqs/S3529_1.fq.gz,/Users/shohei-noda/git/proj_wakayama_omi_pedigree_analysis/data/fastqs/S3529_2.fq.gz
S3528,/Users/shohei-noda/git/proj_wakayama_omi_pedigree_analysis/data/fastqs/S3528_1.fq.gz,/Users/shohei-noda/git/proj_wakayama_omi_pedigree_analysis/data/fastqs/S3528_2.fq.gz
S3527,/Users/shohei-noda/git/proj_wakayama_omi_pedigree_analysis/data/fastqs/S3527_1.fq.gz,/Users/shohei-noda/git/proj_wakayama_omi_pedigree_analysis/data/fastqs/S3527_2.fq.gz
S3513,/Users/shohei-noda/git/proj_wakayama_omi_pedigree_analysis/data/fastqs/S3513_1.fq.gz,/Users/shohei-noda/git/proj_wakayama_omi_pedigree_analysis/data/fastqs/S3513_2.fq.gz
S3515,/Users/shohei-noda/git/proj_wakayama_omi_pedigree_analysis/data/fastqs/S3515_1.fq.gz,/Users/shohei-noda/git/proj_wakayama_omi_pedigree_analysis/data/fastqs/S3515_2.fq.gz
S3501,/Users/shohei-noda/git/proj_wakayama_omi_pedigree_analysis/data/fastqs/S3501_1.fq.gz,/Users/shohei-noda/git/proj_wakayama_omi_pedigree_analysis/data/fastqs/S3501_2.fq.gz
S3503,/Users/shohei-noda/git/proj_wakayama_omi_pedigree_analysis/data/fastqs/S3503_1.fq.gz,/Users/shohei-noda/git/proj_wakayama_omi_pedigree_analysis/data/fastqs/S3503_2.fq.gz
S3523,/Users/shohei-noda/git/proj_wakayama_omi_pedigree_analysis/data/fastqs/S3523_1.fq.gz,/Users/shohei-noda/git/proj_wakayama_omi_pedigree_analysis/data/fastqs/S3523_2.fq.gz
S3505,/Users/shohei-noda/git/proj_wakayama_omi_pedigree_analysis/data/fastqs/S3505_1.fq.gz,/Users/shohei-noda/git/proj_wakayama_omi_pedigree_analysis/data/fastqs/S3505_2.fq.gz
S3526,/Users/shohei-noda/git/proj_wakayama_omi_pedigree_analysis/data/fastqs/S3526_1.fq.gz,/Users/shohei-noda/git/proj_wakayama_omi_pedigree_analysis/data/fastqs/S3526_2.fq.gz
S3531,/Users/shohei-noda/git/proj_wakayama_omi_pedigree_analysis/data/fastqs/S3531_1.fq.gz,/Users/shohei-noda/git/proj_wakayama_omi_pedigree_analysis/data/fastqs/S3531_2.fq.gz
S3517,/Users/shohei-noda/git/proj_wakayama_omi_pedigree_analysis/data/fastqs/S3517_1.fq.gz,/Users/shohei-noda/git/proj_wakayama_omi_pedigree_analysis/data/fastqs/S3517_2.fq.gz
S3522,/Users/shohei-noda/git/proj_wakayama_omi_pedigree_analysis/data/fastqs/S3522_1.fq.gz,/Users/shohei-noda/git/proj_wakayama_omi_pedigree_analysis/data/fastqs/S3522_2.fq.gz
S3514,/Users/shohei-noda/git/proj_wakayama_omi_pedigree_analysis/data/fastqs/S3514_1.fq.gz,/Users/shohei-noda/git/proj_wakayama_omi_pedigree_analysis/data/fastqs/S3514_2.fq.gz
S3510,/Users/shohei-noda/git/proj_wakayama_omi_pedigree_analysis/data/fastqs/S3510_1.fq.gz,/Users/shohei-noda/git/proj_wakayama_omi_pedigree_analysis/data/fastqs/S3510_2.fq.gz
S3516,/Users/shohei-noda/git/proj_wakayama_omi_pedigree_analysis/data/fastqs/S3516_1.fq.gz,/Users/shohei-noda/git/proj_wakayama_omi_pedigree_analysis/data/fastqs/S3516_2.fq.gz
S3574,/Users/shohei-noda/git/proj_wakayama_omi_pedigree_analysis/data/fastqs/S3574_1.fq.gz,/Users/shohei-noda/git/proj_wakayama_omi_pedigree_analysis/data/fastqs/S3574_2.fq.gz
S3563,/Users/shohei-noda/git/proj_wakayama_omi_pedigree_analysis/data/fastqs/S3563_1.fq.gz,/Users/shohei-noda/git/proj_wakayama_omi_pedigree_analysis/data/fastqs/S3563_2.fq.gz
S3572,/Users/shohei-noda/git/proj_wakayama_omi_pedigree_analysis/data/fastqs/S3572_1.fq.gz,/Users/shohei-noda/git/proj_wakayama_omi_pedigree_analysis/data/fastqs/S3572_2.fq.gz
S3556,/Users/shohei-noda/git/proj_wakayama_omi_pedigree_analysis/data/fastqs/S3556_1.fq.gz,/Users/shohei-noda/git/proj_wakayama_omi_pedigree_analysis/data/fastqs/S3556_2.fq.gz
S3581,/Users/shohei-noda/git/proj_wakayama_omi_pedigree_analysis/data/fastqs/S3581_1.fq.gz,/Users/shohei-noda/git/proj_wakayama_omi_pedigree_analysis/data/fastqs/S3581_2.fq.gz
S3449,/Users/shohei-noda/git/proj_wakayama_omi_pedigree_analysis/data/fastqs/S3449_1.fq.gz,/Users/shohei-noda/git/proj_wakayama_omi_pedigree_analysis/data/fastqs/S3449_2.fq.gz
s3438,/Users/shohei-noda/git/proj_wakayama_omi_pedigree_analysis/data/fastqs/s3438_1.fq.gz,/Users/shohei-noda/git/proj_wakayama_omi_pedigree_analysis/data/fastqs/s3438_2.fq.gz
S3467,/Users/shohei-noda/git/proj_wakayama_omi_pedigree_analysis/data/fastqs/S3467_1.fq.gz,/Users/shohei-noda/git/proj_wakayama_omi_pedigree_analysis/data/fastqs/S3467_2.fq.gz
s3426,/Users/shohei-noda/git/proj_wakayama_omi_pedigree_analysis/data/fastqs/s3426_1.fq.gz,/Users/shohei-noda/git/proj_wakayama_omi_pedigree_analysis/data/fastqs/s3426_2.fq.gz
s3428,/Users/shohei-noda/git/proj_wakayama_omi_pedigree_analysis/data/fastqs/s3428_1.fq.gz,/Users/shohei-noda/git/proj_wakayama_omi_pedigree_analysis/data/fastqs/s3428_2.fq.gz
s3411,/Users/shohei-noda/git/proj_wakayama_omi_pedigree_analysis/data/fastqs/s3411_1.fq.gz,/Users/shohei-noda/git/proj_wakayama_omi_pedigree_analysis/data/fastqs/s3411_2.fq.gz
s3423,/Users/shohei-noda/git/proj_wakayama_omi_pedigree_analysis/data/fastqs/s3423_1.fq.gz,/Users/shohei-noda/git/proj_wakayama_omi_pedigree_analysis/data/fastqs/s3423_2.fq.gz
s3448,/Users/shohei-noda/git/proj_wakayama_omi_pedigree_analysis/data/fastqs/s3448_1.fq.gz,/Users/shohei-noda/git/proj_wakayama_omi_pedigree_analysis/data/fastqs/s3448_2.fq.gz
S3410,/Users/shohei-noda/git/proj_wakayama_omi_pedigree_analysis/data/fastqs/S3410_1.fq.gz,/Users/shohei-noda/git/proj_wakayama_omi_pedigree_analysis/data/fastqs/S3410_2.fq.gz
s3445,/Users/shohei-noda/git/proj_wakayama_omi_pedigree_analysis/data/fastqs/s3445_1.fq.gz,/Users/shohei-noda/git/proj_wakayama_omi_pedigree_analysis/data/fastqs/s3445_2.fq.gz
s3441,/Users/shohei-noda/git/proj_wakayama_omi_pedigree_analysis/data/fastqs/s3441_1.fq.gz,/Users/shohei-noda/git/proj_wakayama_omi_pedigree_analysis/data/fastqs/s3441_2.fq.gz
s3417,/Users/shohei-noda/git/proj_wakayama_omi_pedigree_analysis/data/fastqs/s3417_1.fq.gz,/Users/shohei-noda/git/proj_wakayama_omi_pedigree_analysis/data/fastqs/s3417_2.fq.gz
s3406,/Users/shohei-noda/git/proj_wakayama_omi_pedigree_analysis/data/fastqs/s3406_1.fq.gz,/Users/shohei-noda/git/proj_wakayama_omi_pedigree_analysis/data/fastqs/s3406_2.fq.gz
s3432,/Users/shohei-noda/git/proj_wakayama_omi_pedigree_analysis/data/fastqs/s3432_1.fq.gz,/Users/shohei-noda/git/proj_wakayama_omi_pedigree_analysis/data/fastqs/s3432_2.fq.gz
s3412,/Users/shohei-noda/git/proj_wakayama_omi_pedigree_analysis/data/fastqs/s3412_1.fq.gz,/Users/shohei-noda/git/proj_wakayama_omi_pedigree_analysis/data/fastqs/s3412_2.fq.gz
s3409,/Users/shohei-noda/git/proj_wakayama_omi_pedigree_analysis/data/fastqs/s3409_1.fq.gz,/Users/shohei-noda/git/proj_wakayama_omi_pedigree_analysis/data/fastqs/s3409_2.fq.gz
s3413,/Users/shohei-noda/git/proj_wakayama_omi_pedigree_analysis/data/fastqs/s3413_1.fq.gz,/Users/shohei-noda/git/proj_wakayama_omi_pedigree_analysis/data/fastqs/s3413_2.fq.gz
s3430,/Users/shohei-noda/git/proj_wakayama_omi_pedigree_analysis/data/fastqs/s3430_1.fq.gz,/Users/shohei-noda/git/proj_wakayama_omi_pedigree_analysis/data/fastqs/s3430_2.fq.gz
s3446,/Users/shohei-noda/git/proj_wakayama_omi_pedigree_analysis/data/fastqs/s3446_1.fq.gz,/Users/shohei-noda/git/proj_wakayama_omi_pedigree_analysis/data/fastqs/s3446_2.fq.gz
s3433,/Users/shohei-noda/git/proj_wakayama_omi_pedigree_analysis/data/fastqs/s3433_1.fq.gz,/Users/shohei-noda/git/proj_wakayama_omi_pedigree_analysis/data/fastqs/s3433_2.fq.gz
S3450,/Users/shohei-noda/git/proj_wakayama_omi_pedigree_analysis/data/fastqs/S3450_1.fq.gz,/Users/shohei-noda/git/proj_wakayama_omi_pedigree_analysis/data/fastqs/S3450_2.fq.gz
s3429,/Users/shohei-noda/git/proj_wakayama_omi_pedigree_analysis/data/fastqs/s3429_1.fq.gz,/Users/shohei-noda/git/proj_wakayama_omi_pedigree_analysis/data/fastqs/s3429_2.fq.gz
s3405,/Users/shohei-noda/git/proj_wakayama_omi_pedigree_analysis/data/fastqs/s3405_1.fq.gz,/Users/shohei-noda/git/proj_wakayama_omi_pedigree_analysis/data/fastqs/s3405_2.fq.gz
s3439,/Users/shohei-noda/git/proj_wakayama_omi_pedigree_analysis/data/fastqs/s3439_1.fq.gz,/Users/shohei-noda/git/proj_wakayama_omi_pedigree_analysis/data/fastqs/s3439_2.fq.gz
s3421,/Users/shohei-noda/git/proj_wakayama_omi_pedigree_analysis/data/fastqs/s3421_1.fq.gz,/Users/shohei-noda/git/proj_wakayama_omi_pedigree_analysis/data/fastqs/s3421_2.fq.gz
s3431,/Users/shohei-noda/git/proj_wakayama_omi_pedigree_analysis/data/fastqs/s3431_1.fq.gz,/Users/shohei-noda/git/proj_wakayama_omi_pedigree_analysis/data/fastqs/s3431_2.fq.gz
s3419,/Users/shohei-noda/git/proj_wakayama_omi_pedigree_analysis/data/fastqs/s3419_1.fq.gz,/Users/shohei-noda/git/proj_wakayama_omi_pedigree_analysis/data/fastqs/s3419_2.fq.gz
s3435,/Users/shohei-noda/git/proj_wakayama_omi_pedigree_analysis/data/fastqs/s3435_1.fq.gz,/Users/shohei-noda/git/proj_wakayama_omi_pedigree_analysis/data/fastqs/s3435_2.fq.gz
s3425,/Users/shohei-noda/git/proj_wakayama_omi_pedigree_analysis/data/fastqs/s3425_1.fq.gz,/Users/shohei-noda/git/proj_wakayama_omi_pedigree_analysis/data/fastqs/s3425_2.fq.gz
s3437,/Users/shohei-noda/git/proj_wakayama_omi_pedigree_analysis/data/fastqs/s3437_1.fq.gz,/Users/shohei-noda/git/proj_wakayama_omi_pedigree_analysis/data/fastqs/s3437_2.fq.gz
s3414,/Users/shohei-noda/git/proj_wakayama_omi_pedigree_analysis/data/fastqs/s3414_1.fq.gz,/Users/shohei-noda/git/proj_wakayama_omi_pedigree_analysis/data/fastqs/s3414_2.fq.gz
s3442,/Users/shohei-noda/git/proj_wakayama_omi_pedigree_analysis/data/fastqs/s3442_1.fq.gz,/Users/shohei-noda/git/proj_wakayama_omi_pedigree_analysis/data/fastqs/s3442_2.fq.gz
s3422,/Users/shohei-noda/git/proj_wakayama_omi_pedigree_analysis/data/fastqs/s3422_1.fq.gz,/Users/shohei-noda/git/proj_wakayama_omi_pedigree_analysis/data/fastqs/s3422_2.fq.gz
s3408,/Users/shohei-noda/git/proj_wakayama_omi_pedigree_analysis/data/fastqs/s3408_1.fq.gz,/Users/shohei-noda/git/proj_wakayama_omi_pedigree_analysis/data/fastqs/s3408_2.fq.gz
s3447,/Users/shohei-noda/git/proj_wakayama_omi_pedigree_analysis/data/fastqs/s3447_1.fq.gz,/Users/shohei-noda/git/proj_wakayama_omi_pedigree_analysis/data/fastqs/s3447_2.fq.gz
s3416,/Users/shohei-noda/git/proj_wakayama_omi_pedigree_analysis/data/fastqs/s3416_1.fq.gz,/Users/shohei-noda/git/proj_wakayama_omi_pedigree_analysis/data/fastqs/s3416_2.fq.gz
s3402,/Users/shohei-noda/git/proj_wakayama_omi_pedigree_analysis/data/fastqs/s3402_1.fq.gz,/Users/shohei-noda/git/proj_wakayama_omi_pedigree_analysis/data/fastqs/s3402_2.fq.gz
s3401,/Users/shohei-noda/git/proj_wakayama_omi_pedigree_analysis/data/fastqs/s3401_1.fq.gz,/Users/shohei-noda/git/proj_wakayama_omi_pedigree_analysis/data/fastqs/s3401_2.fq.gz
s3436,/Users/shohei-noda/git/proj_wakayama_omi_pedigree_analysis/data/fastqs/s3436_1.fq.gz,/Users/shohei-noda/git/proj_wakayama_omi_pedigree_analysis/data/fastqs/s3436_2.fq.gz
s3427,/Users/shohei-noda/git/proj_wakayama_omi_pedigree_analysis/data/fastqs/s3427_1.fq.gz,/Users/shohei-noda/git/proj_wakayama_omi_pedigree_analysis/data/fastqs/s3427_2.fq.gz
s3415,/Users/shohei-noda/git/proj_wakayama_omi_pedigree_analysis/data/fastqs/s3415_1.fq.gz,/Users/shohei-noda/git/proj_wakayama_omi_pedigree_analysis/data/fastqs/s3415_2.fq.gz
s3424,/Users/shohei-noda/git/proj_wakayama_omi_pedigree_analysis/data/fastqs/s3424_1.fq.gz,/Users/shohei-noda/git/proj_wakayama_omi_pedigree_analysis/data/fastqs/s3424_2.fq.gz
S3418,/Users/shohei-noda/git/proj_wakayama_omi_pedigree_analysis/data/fastqs/S3418_1.fq.gz,/Users/shohei-noda/git/proj_wakayama_omi_pedigree_analysis/data/fastqs/S3418_2.fq.gz
s3407,/Users/shohei-noda/git/proj_wakayama_omi_pedigree_analysis/data/fastqs/s3407_1.fq.gz,/Users/shohei-noda/git/proj_wakayama_omi_pedigree_analysis/data/fastqs/s3407_2.fq.gz
s3440,/Users/shohei-noda/git/proj_wakayama_omi_pedigree_analysis/data/fastqs/s3440_1.fq.gz,/Users/shohei-noda/git/proj_wakayama_omi_pedigree_analysis/data/fastqs/s3440_2.fq.gz
s3443,/Users/shohei-noda/git/proj_wakayama_omi_pedigree_analysis/data/fastqs/s3443_1.fq.gz,/Users/shohei-noda/git/proj_wakayama_omi_pedigree_analysis/data/fastqs/s3443_2.fq.gz
s3403,/Users/shohei-noda/git/proj_wakayama_omi_pedigree_analysis/data/fastqs/s3403_1.fq.gz,/Users/shohei-noda/git/proj_wakayama_omi_pedigree_analysis/data/fastqs/s3403_2.fq.gz
s3404,/Users/shohei-noda/git/proj_wakayama_omi_pedigree_analysis/data/fastqs/s3404_1.fq.gz,/Users/shohei-noda/git/proj_wakayama_omi_pedigree_analysis/data/fastqs/s3404_2.fq.gz
s3434,/Users/shohei-noda/git/proj_wakayama_omi_pedigree_analysis/data/fastqs/s3434_1.fq.gz,/Users/shohei-noda/git/proj_wakayama_omi_pedigree_analysis/data/fastqs/s3434_2.fq.gz
s3444,/Users/shohei-noda/git/proj_wakayama_omi_pedigree_analysis/data/fastqs/s3444_1.fq.gz,/Users/shohei-noda/git/proj_wakayama_omi_pedigree_analysis/data/fastqs/s3444_2.fq.gz
s2063,/Users/shohei-noda/git/proj_wakayama_omi_pedigree_analysis/data/fastqs/s2063_1.fq.gz,/Users/shohei-noda/git/proj_wakayama_omi_pedigree_analysis/data/fastqs/s2063_2.fq.gz
s2069,/Users/shohei-noda/git/proj_wakayama_omi_pedigree_analysis/data/fastqs/s2069_1.fq.gz,/Users/shohei-noda/git/proj_wakayama_omi_pedigree_analysis/data/fastqs/s2069_2.fq.gz
s2094,/Users/shohei-noda/git/proj_wakayama_omi_pedigree_analysis/data/fastqs/s2094_1.fq.gz,/Users/shohei-noda/git/proj_wakayama_omi_pedigree_analysis/data/fastqs/s2094_2.fq.gz
s2036,/Users/shohei-noda/git/proj_wakayama_omi_pedigree_analysis/data/fastqs/s2036_1.fq.gz,/Users/shohei-noda/git/proj_wakayama_omi_pedigree_analysis/data/fastqs/s2036_2.fq.gz
s2037,/Users/shohei-noda/git/proj_wakayama_omi_pedigree_analysis/data/fastqs/s2037_1.fq.gz,/Users/shohei-noda/git/proj_wakayama_omi_pedigree_analysis/data/fastqs/s2037_2.fq.gz
s2100,/Users/shohei-noda/git/proj_wakayama_omi_pedigree_analysis/data/fastqs/s2100_1.fq.gz,/Users/shohei-noda/git/proj_wakayama_omi_pedigree_analysis/data/fastqs/s2100_2.fq.gz
s2090,/Users/shohei-noda/git/proj_wakayama_omi_pedigree_analysis/data/fastqs/s2090_1.fq.gz,/Users/shohei-noda/git/proj_wakayama_omi_pedigree_analysis/data/fastqs/s2090_2.fq.gz
s2095,/Users/shohei-noda/git/proj_wakayama_omi_pedigree_analysis/data/fastqs/s2095_1.fq.gz,/Users/shohei-noda/git/proj_wakayama_omi_pedigree_analysis/data/fastqs/s2095_2.fq.gz
s2040,/Users/shohei-noda/git/proj_wakayama_omi_pedigree_analysis/data/fastqs/s2040_1.fq.gz,/Users/shohei-noda/git/proj_wakayama_omi_pedigree_analysis/data/fastqs/s2040_2.fq.gz
s2088,/Users/shohei-noda/git/proj_wakayama_omi_pedigree_analysis/data/fastqs/s2088_1.fq.gz,/Users/shohei-noda/git/proj_wakayama_omi_pedigree_analysis/data/fastqs/s2088_2.fq.gz
s2039,/Users/shohei-noda/git/proj_wakayama_omi_pedigree_analysis/data/fastqs/s2039_1.fq.gz,/Users/shohei-noda/git/proj_wakayama_omi_pedigree_analysis/data/fastqs/s2039_2.fq.gz
s2064,/Users/shohei-noda/git/proj_wakayama_omi_pedigree_analysis/data/fastqs/s2064_1.fq.gz,/Users/shohei-noda/git/proj_wakayama_omi_pedigree_analysis/data/fastqs/s2064_2.fq.gz
s2027,/Users/shohei-noda/git/proj_wakayama_omi_pedigree_analysis/data/fastqs/s2027_1.fq.gz,/Users/shohei-noda/git/proj_wakayama_omi_pedigree_analysis/data/fastqs/s2027_2.fq.gz
s2078,/Users/shohei-noda/git/proj_wakayama_omi_pedigree_analysis/data/fastqs/s2078_1.fq.gz,/Users/shohei-noda/git/proj_wakayama_omi_pedigree_analysis/data/fastqs/s2078_2.fq.gz
s2029,/Users/shohei-noda/git/proj_wakayama_omi_pedigree_analysis/data/fastqs/s2029_1.fq.gz,/Users/shohei-noda/git/proj_wakayama_omi_pedigree_analysis/data/fastqs/s2029_2.fq.gz
s2065,/Users/shohei-noda/git/proj_wakayama_omi_pedigree_analysis/data/fastqs/s2065_1.fq.gz,/Users/shohei-noda/git/proj_wakayama_omi_pedigree_analysis/data/fastqs/s2065_2.fq.gz
s2073,/Users/shohei-noda/git/proj_wakayama_omi_pedigree_analysis/data/fastqs/s2073_1.fq.gz,/Users/shohei-noda/git/proj_wakayama_omi_pedigree_analysis/data/fastqs/s2073_2.fq.gz
s2070,/Users/shohei-noda/git/proj_wakayama_omi_pedigree_analysis/data/fastqs/s2070_1.fq.gz,/Users/shohei-noda/git/proj_wakayama_omi_pedigree_analysis/data/fastqs/s2070_2.fq.gz
S2077,/Users/shohei-noda/git/proj_wakayama_omi_pedigree_analysis/data/fastqs/S2077_1.fq.gz,/Users/shohei-noda/git/proj_wakayama_omi_pedigree_analysis/data/fastqs/S2077_2.fq.gz
s2096,/Users/shohei-noda/git/proj_wakayama_omi_pedigree_analysis/data/fastqs/s2096_1.fq.gz,/Users/shohei-noda/git/proj_wakayama_omi_pedigree_analysis/data/fastqs/s2096_2.fq.gz
S2083,/Users/shohei-noda/git/proj_wakayama_omi_pedigree_analysis/data/fastqs/S2083_1.fq.gz,/Users/shohei-noda/git/proj_wakayama_omi_pedigree_analysis/data/fastqs/S2083_2.fq.gz
S2034,/Users/shohei-noda/git/proj_wakayama_omi_pedigree_analysis/data/fastqs/S2034_1.fq.gz,/Users/shohei-noda/git/proj_wakayama_omi_pedigree_analysis/data/fastqs/S2034_2.fq.gz
s2087,/Users/shohei-noda/git/proj_wakayama_omi_pedigree_analysis/data/fastqs/s2087_1.fq.gz,/Users/shohei-noda/git/proj_wakayama_omi_pedigree_analysis/data/fastqs/s2087_2.fq.gz
s2071,/Users/shohei-noda/git/proj_wakayama_omi_pedigree_analysis/data/fastqs/s2071_1.fq.gz,/Users/shohei-noda/git/proj_wakayama_omi_pedigree_analysis/data/fastqs/s2071_2.fq.gz
s2048,/Users/shohei-noda/git/proj_wakayama_omi_pedigree_analysis/data/fastqs/s2048_1.fq.gz,/Users/shohei-noda/git/proj_wakayama_omi_pedigree_analysis/data/fastqs/s2048_2.fq.gz
s2031,/Users/shohei-noda/git/proj_wakayama_omi_pedigree_analysis/data/fastqs/s2031_1.fq.gz,/Users/shohei-noda/git/proj_wakayama_omi_pedigree_analysis/data/fastqs/s2031_2.fq.gz
S3809,/Users/shohei-noda/git/proj_wakayama_omi_pedigree_analysis/data/fastqs/S3809_1.fq.gz,/Users/shohei-noda/git/proj_wakayama_omi_pedigree_analysis/data/fastqs/S3809_2.fq.gz
S3830,/Users/shohei-noda/git/proj_wakayama_omi_pedigree_analysis/data/fastqs/S3830_1.fq.gz,/Users/shohei-noda/git/proj_wakayama_omi_pedigree_analysis/data/fastqs/S3830_2.fq.gz
S3836,/Users/shohei-noda/git/proj_wakayama_omi_pedigree_analysis/data/fastqs/S3836_1.fq.gz,/Users/shohei-noda/git/proj_wakayama_omi_pedigree_analysis/data/fastqs/S3836_2.fq.gz
S3821,/Users/shohei-noda/git/proj_wakayama_omi_pedigree_analysis/data/fastqs/S3821_1.fq.gz,/Users/shohei-noda/git/proj_wakayama_omi_pedigree_analysis/data/fastqs/S3821_2.fq.gz
S3803,/Users/shohei-noda/git/proj_wakayama_omi_pedigree_analysis/data/fastqs/S3803_1.fq.gz,/Users/shohei-noda/git/proj_wakayama_omi_pedigree_analysis/data/fastqs/S3803_2.fq.gz
S3823,/Users/shohei-noda/git/proj_wakayama_omi_pedigree_analysis/data/fastqs/S3823_1.fq.gz,/Users/shohei-noda/git/proj_wakayama_omi_pedigree_analysis/data/fastqs/S3823_2.fq.gz
S3837,/Users/shohei-noda/git/proj_wakayama_omi_pedigree_analysis/data/fastqs/S3837_1.fq.gz,/Users/shohei-noda/git/proj_wakayama_omi_pedigree_analysis/data/fastqs/S3837_2.fq.gz
S3826,/Users/shohei-noda/git/proj_wakayama_omi_pedigree_analysis/data/fastqs/S3826_1.fq.gz,/Users/shohei-noda/git/proj_wakayama_omi_pedigree_analysis/data/fastqs/S3826_2.fq.gz
S3831,/Users/shohei-noda/git/proj_wakayama_omi_pedigree_analysis/data/fastqs/S3831_1.fq.gz,/Users/shohei-noda/git/proj_wakayama_omi_pedigree_analysis/data/fastqs/S3831_2.fq.gz
S3832,/Users/shohei-noda/git/proj_wakayama_omi_pedigree_analysis/data/fastqs/S3832_1.fq.gz,/Users/shohei-noda/git/proj_wakayama_omi_pedigree_analysis/data/fastqs/S3832_2.fq.gz
S3807,/Users/shohei-noda/git/proj_wakayama_omi_pedigree_analysis/data/fastqs/S3807_1.fq.gz,/Users/shohei-noda/git/proj_wakayama_omi_pedigree_analysis/data/fastqs/S3807_2.fq.gz
S3827,/Users/shohei-noda/git/proj_wakayama_omi_pedigree_analysis/data/fastqs/S3827_1.fq.gz,/Users/shohei-noda/git/proj_wakayama_omi_pedigree_analysis/data/fastqs/S3827_2.fq.gz
S3828,/Users/shohei-noda/git/proj_wakayama_omi_pedigree_analysis/data/fastqs/S3828_1.fq.gz,/Users/shohei-noda/git/proj_wakayama_omi_pedigree_analysis/data/fastqs/S3828_2.fq.gz
S3838,/Users/shohei-noda/git/proj_wakayama_omi_pedigree_analysis/data/fastqs/S3838_1.fq.gz,/Users/shohei-noda/git/proj_wakayama_omi_pedigree_analysis/data/fastqs/S3838_2.fq.gz
S3817,/Users/shohei-noda/git/proj_wakayama_omi_pedigree_analysis/data/fastqs/S3817_1.fq.gz,/Users/shohei-noda/git/proj_wakayama_omi_pedigree_analysis/data/fastqs/S3817_2.fq.gz
S3845,/Users/shohei-noda/git/proj_wakayama_omi_pedigree_analysis/data/fastqs/S3845_1.fq.gz,/Users/shohei-noda/git/proj_wakayama_omi_pedigree_analysis/data/fastqs/S3845_2.fq.gz
S3816,/Users/shohei-noda/git/proj_wakayama_omi_pedigree_analysis/data/fastqs/S3816_1.fq.gz,/Users/shohei-noda/git/proj_wakayama_omi_pedigree_analysis/data/fastqs/S3816_2.fq.gz
S3834,/Users/shohei-noda/git/proj_wakayama_omi_pedigree_analysis/data/fastqs/S3834_1.fq.gz,/Users/shohei-noda/git/proj_wakayama_omi_pedigree_analysis/data/fastqs/S3834_2.fq.gz
S3840,/Users/shohei-noda/git/proj_wakayama_omi_pedigree_analysis/data/fastqs/S3840_1.fq.gz,/Users/shohei-noda/git/proj_wakayama_omi_pedigree_analysis/data/fastqs/S3840_2.fq.gz
S3833,/Users/shohei-noda/git/proj_wakayama_omi_pedigree_analysis/data/fastqs/S3833_1.fq.gz,/Users/shohei-noda/git/proj_wakayama_omi_pedigree_analysis/data/fastqs/S3833_2.fq.gz
S3839,/Users/shohei-noda/git/proj_wakayama_omi_pedigree_analysis/data/fastqs/S3839_1.fq.gz,/Users/shohei-noda/git/proj_wakayama_omi_pedigree_analysis/data/fastqs/S3839_2.fq.gz
S3844,/Users/shohei-noda/git/proj_wakayama_omi_pedigree_analysis/data/fastqs/S3844_1.fq.gz,/Users/shohei-noda/git/proj_wakayama_omi_pedigree_analysis/data/fastqs/S3844_2.fq.gz
S3847,/Users/shohei-noda/git/proj_wakayama_omi_pedigree_analysis/data/fastqs/S3847_1.fq.gz,/Users/shohei-noda/git/proj_wakayama_omi_pedigree_analysis/data/fastqs/S3847_2.fq.gz
S3894,/Users/shohei-noda/git/proj_wakayama_omi_pedigree_analysis/data/fastqs/S3894_1.fq.gz,/Users/shohei-noda/git/proj_wakayama_omi_pedigree_analysis/data/fastqs/S3894_2.fq.gz
S3842,/Users/shohei-noda/git/proj_wakayama_omi_pedigree_analysis/data/fastqs/S3842_1.fq.gz,/Users/shohei-noda/git/proj_wakayama_omi_pedigree_analysis/data/fastqs/S3842_2.fq.gz
S3849,/Users/shohei-noda/git/proj_wakayama_omi_pedigree_analysis/data/fastqs/S3849_1.fq.gz,/Users/shohei-noda/git/proj_wakayama_omi_pedigree_analysis/data/fastqs/S3849_2.fq.gz
S3843,/Users/shohei-noda/git/proj_wakayama_omi_pedigree_analysis/data/fastqs/S3843_1.fq.gz,/Users/shohei-noda/git/proj_wakayama_omi_pedigree_analysis/data/fastqs/S3843_2.fq.gz
S3841,/Users/shohei-noda/git/proj_wakayama_omi_pedigree_analysis/data/fastqs/S3841_1.fq.gz,/Users/shohei-noda/git/proj_wakayama_omi_pedigree_analysis/data/fastqs/S3841_2.fq.gz
S3904,/Users/shohei-noda/git/proj_wakayama_omi_pedigree_analysis/data/fastqs/S3904_1.fq.gz,/Users/shohei-noda/git/proj_wakayama_omi_pedigree_analysis/data/fastqs/S3904_2.fq.gz
S3850,/Users/shohei-noda/git/proj_wakayama_omi_pedigree_analysis/data/fastqs/S3850_1.fq.gz,/Users/shohei-noda/git/proj_wakayama_omi_pedigree_analysis/data/fastqs/S3850_2.fq.gz
S3835,/Users/shohei-noda/git/proj_wakayama_omi_pedigree_analysis/data/fastqs/S3835_1.fq.gz,/Users/shohei-noda/git/proj_wakayama_omi_pedigree_analysis/data/fastqs/S3835_2.fq.gz
S3829,/Users/shohei-noda/git/proj_wakayama_omi_pedigree_analysis/data/fastqs/S3829_1.fq.gz,/Users/shohei-noda/git/proj_wakayama_omi_pedigree_analysis/data/fastqs/S3829_2.fq.gz
S3882,/Users/shohei-noda/git/proj_wakayama_omi_pedigree_analysis/data/fastqs/S3882_1.fq.gz,/Users/shohei-noda/git/proj_wakayama_omi_pedigree_analysis/data/fastqs/S3882_2.fq.gz
S3884,/Users/shohei-noda/git/proj_wakayama_omi_pedigree_analysis/data/fastqs/S3884_1.fq.gz,/Users/shohei-noda/git/proj_wakayama_omi_pedigree_analysis/data/fastqs/S3884_2.fq.gz
S3891,/Users/shohei-noda/git/proj_wakayama_omi_pedigree_analysis/data/fastqs/S3891_1.fq.gz,/Users/shohei-noda/git/proj_wakayama_omi_pedigree_analysis/data/fastqs/S3891_2.fq.gz
S3897,/Users/shohei-noda/git/proj_wakayama_omi_pedigree_analysis/data/fastqs/S3897_1.fq.gz,/Users/shohei-noda/git/proj_wakayama_omi_pedigree_analysis/data/fastqs/S3897_2.fq.gz
S3878,/Users/shohei-noda/git/proj_wakayama_omi_pedigree_analysis/data/fastqs/S3878_1.fq.gz,/Users/shohei-noda/git/proj_wakayama_omi_pedigree_analysis/data/fastqs/S3878_2.fq.gz
S3886,/Users/shohei-noda/git/proj_wakayama_omi_pedigree_analysis/data/fastqs/S3886_1.fq.gz,/Users/shohei-noda/git/proj_wakayama_omi_pedigree_analysis/data/fastqs/S3886_2.fq.gz
S3885,/Users/shohei-noda/git/proj_wakayama_omi_pedigree_analysis/data/fastqs/S3885_1.fq.gz,/Users/shohei-noda/git/proj_wakayama_omi_pedigree_analysis/data/fastqs/S3885_2.fq.gz
S3873,/Users/shohei-noda/git/proj_wakayama_omi_pedigree_analysis/data/fastqs/S3873_1.fq.gz,/Users/shohei-noda/git/proj_wakayama_omi_pedigree_analysis/data/fastqs/S3873_2.fq.gz
S3889,/Users/shohei-noda/git/proj_wakayama_omi_pedigree_analysis/data/fastqs/S3889_1.fq.gz,/Users/shohei-noda/git/proj_wakayama_omi_pedigree_analysis/data/fastqs/S3889_2.fq.gz
S3890,/Users/shohei-noda/git/proj_wakayama_omi_pedigree_analysis/data/fastqs/S3890_1.fq.gz,/Users/shohei-noda/git/proj_wakayama_omi_pedigree_analysis/data/fastqs/S3890_2.fq.gz
S3872,/Users/shohei-noda/git/proj_wakayama_omi_pedigree_analysis/data/fastqs/S3872_1.fq.gz,/Users/shohei-noda/git/proj_wakayama_omi_pedigree_analysis/data/fastqs/S3872_2.fq.gz
S3879,/Users/shohei-noda/git/proj_wakayama_omi_pedigree_analysis/data/fastqs/S3879_1.fq.gz,/Users/shohei-noda/git/proj_wakayama_omi_pedigree_analysis/data/fastqs/S3879_2.fq.gz
S3909,/Users/shohei-noda/git/proj_wakayama_omi_pedigree_analysis/data/fastqs/S3909_1.fq.gz,/Users/shohei-noda/git/proj_wakayama_omi_pedigree_analysis/data/fastqs/S3909_2.fq.gz
S3917,/Users/shohei-noda/git/proj_wakayama_omi_pedigree_analysis/data/fastqs/S3917_1.fq.gz,/Users/shohei-noda/git/proj_wakayama_omi_pedigree_analysis/data/fastqs/S3917_2.fq.gz
S3883,/Users/shohei-noda/git/proj_wakayama_omi_pedigree_analysis/data/fastqs/S3883_1.fq.gz,/Users/shohei-noda/git/proj_wakayama_omi_pedigree_analysis/data/fastqs/S3883_2.fq.gz
S3893,/Users/shohei-noda/git/proj_wakayama_omi_pedigree_analysis/data/fastqs/S3893_1.fq.gz,/Users/shohei-noda/git/proj_wakayama_omi_pedigree_analysis/data/fastqs/S3893_2.fq.gz
S3860,/Users/shohei-noda/git/proj_wakayama_omi_pedigree_analysis/data/fastqs/S3860_1.fq.gz,/Users/shohei-noda/git/proj_wakayama_omi_pedigree_analysis/data/fastqs/S3860_2.fq.gz
S3855,/Users/shohei-noda/git/proj_wakayama_omi_pedigree_analysis/data/fastqs/S3855_1.fq.gz,/Users/shohei-noda/git/proj_wakayama_omi_pedigree_analysis/data/fastqs/S3855_2.fq.gz
S3858,/Users/shohei-noda/git/proj_wakayama_omi_pedigree_analysis/data/fastqs/S3858_1.fq.gz,/Users/shohei-noda/git/proj_wakayama_omi_pedigree_analysis/data/fastqs/S3858_2.fq.gz
S3865,/Users/shohei-noda/git/proj_wakayama_omi_pedigree_analysis/data/fastqs/S3865_1.fq.gz,/Users/shohei-noda/git/proj_wakayama_omi_pedigree_analysis/data/fastqs/S3865_2.fq.gz
S3887,/Users/shohei-noda/git/proj_wakayama_omi_pedigree_analysis/data/fastqs/S3887_1.fq.gz,/Users/shohei-noda/git/proj_wakayama_omi_pedigree_analysis/data/fastqs/S3887_2.fq.gz
s3959,/Users/shohei-noda/git/proj_wakayama_omi_pedigree_analysis/data/fastqs/s3959_1.fq.gz,/Users/shohei-noda/git/proj_wakayama_omi_pedigree_analysis/data/fastqs/s3959_2.fq.gz
S3881,/Users/shohei-noda/git/proj_wakayama_omi_pedigree_analysis/data/fastqs/S3881_1.fq.gz,/Users/shohei-noda/git/proj_wakayama_omi_pedigree_analysis/data/fastqs/S3881_2.fq.gz
S3864,/Users/shohei-noda/git/proj_wakayama_omi_pedigree_analysis/data/fastqs/S3864_1.fq.gz,/Users/shohei-noda/git/proj_wakayama_omi_pedigree_analysis/data/fastqs/S3864_2.fq.gz
S3863,/Users/shohei-noda/git/proj_wakayama_omi_pedigree_analysis/data/fastqs/S3863_1.fq.gz,/Users/shohei-noda/git/proj_wakayama_omi_pedigree_analysis/data/fastqs/S3863_2.fq.gz
S3877,/Users/shohei-noda/git/proj_wakayama_omi_pedigree_analysis/data/fastqs/S3877_1.fq.gz,/Users/shohei-noda/git/proj_wakayama_omi_pedigree_analysis/data/fastqs/S3877_2.fq.gz
S3867,/Users/shohei-noda/git/proj_wakayama_omi_pedigree_analysis/data/fastqs/S3867_1.fq.gz,/Users/shohei-noda/git/proj_wakayama_omi_pedigree_analysis/data/fastqs/S3867_2.fq.gz
S3888,/Users/shohei-noda/git/proj_wakayama_omi_pedigree_analysis/data/fastqs/S3888_1.fq.gz,/Users/shohei-noda/git/proj_wakayama_omi_pedigree_analysis/data/fastqs/S3888_2.fq.gz
S3861,/Users/shohei-noda/git/proj_wakayama_omi_pedigree_analysis/data/fastqs/S3861_1.fq.gz,/Users/shohei-noda/git/proj_wakayama_omi_pedigree_analysis/data/fastqs/S3861_2.fq.gz
S3856,/Users/shohei-noda/git/proj_wakayama_omi_pedigree_analysis/data/fastqs/S3856_1.fq.gz,/Users/shohei-noda/git/proj_wakayama_omi_pedigree_analysis/data/fastqs/S3856_2.fq.gz
S3862,/Users/shohei-noda/git/proj_wakayama_omi_pedigree_analysis/data/fastqs/S3862_1.fq.gz,/Users/shohei-noda/git/proj_wakayama_omi_pedigree_analysis/data/fastqs/S3862_2.fq.gz
S3874,/Users/shohei-noda/git/proj_wakayama_omi_pedigree_analysis/data/fastqs/S3874_1.fq.gz,/Users/shohei-noda/git/proj_wakayama_omi_pedigree_analysis/data/fastqs/S3874_2.fq.gz
S3869,/Users/shohei-noda/git/proj_wakayama_omi_pedigree_analysis/data/fastqs/S3869_1.fq.gz,/Users/shohei-noda/git/proj_wakayama_omi_pedigree_analysis/data/fastqs/S3869_2.fq.gz
S3871,/Users/shohei-noda/git/proj_wakayama_omi_pedigree_analysis/data/fastqs/S3871_1.fq.gz,/Users/shohei-noda/git/proj_wakayama_omi_pedigree_analysis/data/fastqs/S3871_2.fq.gz
S3875,/Users/shohei-noda/git/proj_wakayama_omi_pedigree_analysis/data/fastqs/S3875_1.fq.gz,/Users/shohei-noda/git/proj_wakayama_omi_pedigree_analysis/data/fastqs/S3875_2.fq.gz
S3900,/Users/shohei-noda/git/proj_wakayama_omi_pedigree_analysis/data/fastqs/S3900_1.fq.gz,/Users/shohei-noda/git/proj_wakayama_omi_pedigree_analysis/data/fastqs/S3900_2.fq.gz
S3866,/Users/shohei-noda/git/proj_wakayama_omi_pedigree_analysis/data/fastqs/S3866_1.fq.gz,/Users/shohei-noda/git/proj_wakayama_omi_pedigree_analysis/data/fastqs/S3866_2.fq.gz
S3898,/Users/shohei-noda/git/proj_wakayama_omi_pedigree_analysis/data/fastqs/S3898_1.fq.gz,/Users/shohei-noda/git/proj_wakayama_omi_pedigree_analysis/data/fastqs/S3898_2.fq.gz
s3962,/Users/shohei-noda/git/proj_wakayama_omi_pedigree_analysis/data/fastqs/s3962_1.fq.gz,/Users/shohei-noda/git/proj_wakayama_omi_pedigree_analysis/data/fastqs/s3962_2.fq.gz
S3895,/Users/shohei-noda/git/proj_wakayama_omi_pedigree_analysis/data/fastqs/S3895_1.fq.gz,/Users/shohei-noda/git/proj_wakayama_omi_pedigree_analysis/data/fastqs/S3895_2.fq.gz
S3868,/Users/shohei-noda/git/proj_wakayama_omi_pedigree_analysis/data/fastqs/S3868_1.fq.gz,/Users/shohei-noda/git/proj_wakayama_omi_pedigree_analysis/data/fastqs/S3868_2.fq.gz
S3876,/Users/shohei-noda/git/proj_wakayama_omi_pedigree_analysis/data/fastqs/S3876_1.fq.gz,/Users/shohei-noda/git/proj_wakayama_omi_pedigree_analysis/data/fastqs/S3876_2.fq.gz
S3892,/Users/shohei-noda/git/proj_wakayama_omi_pedigree_analysis/data/fastqs/S3892_1.fq.gz,/Users/shohei-noda/git/proj_wakayama_omi_pedigree_analysis/data/fastqs/S3892_2.fq.gz
S3859,/Users/shohei-noda/git/proj_wakayama_omi_pedigree_analysis/data/fastqs/S3859_1.fq.gz,/Users/shohei-noda/git/proj_wakayama_omi_pedigree_analysis/data/fastqs/S3859_2.fq.gz
S3857,/Users/shohei-noda/git/proj_wakayama_omi_pedigree_analysis/data/fastqs/S3857_1.fq.gz,/Users/shohei-noda/git/proj_wakayama_omi_pedigree_analysis/data/fastqs/S3857_2.fq.gz
S3852,/Users/shohei-noda/git/proj_wakayama_omi_pedigree_analysis/data/fastqs/S3852_1.fq.gz,/Users/shohei-noda/git/proj_wakayama_omi_pedigree_analysis/data/fastqs/S3852_2.fq.gz
S3896,/Users/shohei-noda/git/proj_wakayama_omi_pedigree_analysis/data/fastqs/S3896_1.fq.gz,/Users/shohei-noda/git/proj_wakayama_omi_pedigree_analysis/data/fastqs/S3896_2.fq.gz
S3854,/Users/shohei-noda/git/proj_wakayama_omi_pedigree_analysis/data/fastqs/S3854_1.fq.gz,/Users/shohei-noda/git/proj_wakayama_omi_pedigree_analysis/data/fastqs/S3854_2.fq.gz
S3936,/Users/shohei-noda/git/proj_wakayama_omi_pedigree_analysis/data/fastqs/S3936_1.fq.gz,/Users/shohei-noda/git/proj_wakayama_omi_pedigree_analysis/data/fastqs/S3936_2.fq.gz
S3851,/Users/shohei-noda/git/proj_wakayama_omi_pedigree_analysis/data/fastqs/S3851_1.fq.gz,/Users/shohei-noda/git/proj_wakayama_omi_pedigree_analysis/data/fastqs/S3851_2.fq.gz
S3903,/Users/shohei-noda/git/proj_wakayama_omi_pedigree_analysis/data/fastqs/S3903_1.fq.gz,/Users/shohei-noda/git/proj_wakayama_omi_pedigree_analysis/data/fastqs/S3903_2.fq.gz
S3908,/Users/shohei-noda/git/proj_wakayama_omi_pedigree_analysis/data/fastqs/S3908_1.fq.gz,/Users/shohei-noda/git/proj_wakayama_omi_pedigree_analysis/data/fastqs/S3908_2.fq.gz
S3937,/Users/shohei-noda/git/proj_wakayama_omi_pedigree_analysis/data/fastqs/S3937_1.fq.gz,/Users/shohei-noda/git/proj_wakayama_omi_pedigree_analysis/data/fastqs/S3937_2.fq.gz
S3940,/Users/shohei-noda/git/proj_wakayama_omi_pedigree_analysis/data/fastqs/S3940_1.fq.gz,/Users/shohei-noda/git/proj_wakayama_omi_pedigree_analysis/data/fastqs/S3940_2.fq.gz
S3930,/Users/shohei-noda/git/proj_wakayama_omi_pedigree_analysis/data/fastqs/S3930_1.fq.gz,/Users/shohei-noda/git/proj_wakayama_omi_pedigree_analysis/data/fastqs/S3930_2.fq.gz
S3944,/Users/shohei-noda/git/proj_wakayama_omi_pedigree_analysis/data/fastqs/S3944_1.fq.gz,/Users/shohei-noda/git/proj_wakayama_omi_pedigree_analysis/data/fastqs/S3944_2.fq.gz
S3907,/Users/shohei-noda/git/proj_wakayama_omi_pedigree_analysis/data/fastqs/S3907_1.fq.gz,/Users/shohei-noda/git/proj_wakayama_omi_pedigree_analysis/data/fastqs/S3907_2.fq.gz
S3906,/Users/shohei-noda/git/proj_wakayama_omi_pedigree_analysis/data/fastqs/S3906_1.fq.gz,/Users/shohei-noda/git/proj_wakayama_omi_pedigree_analysis/data/fastqs/S3906_2.fq.gz
S3927,/Users/shohei-noda/git/proj_wakayama_omi_pedigree_analysis/data/fastqs/S3927_1.fq.gz,/Users/shohei-noda/git/proj_wakayama_omi_pedigree_analysis/data/fastqs/S3927_2.fq.gz
S3902,/Users/shohei-noda/git/proj_wakayama_omi_pedigree_analysis/data/fastqs/S3902_1.fq.gz,/Users/shohei-noda/git/proj_wakayama_omi_pedigree_analysis/data/fastqs/S3902_2.fq.gz
S3933,/Users/shohei-noda/git/proj_wakayama_omi_pedigree_analysis/data/fastqs/S3933_1.fq.gz,/Users/shohei-noda/git/proj_wakayama_omi_pedigree_analysis/data/fastqs/S3933_2.fq.gz
S3918,/Users/shohei-noda/git/proj_wakayama_omi_pedigree_analysis/data/fastqs/S3918_1.fq.gz,/Users/shohei-noda/git/proj_wakayama_omi_pedigree_analysis/data/fastqs/S3918_2.fq.gz
S3950,/Users/shohei-noda/git/proj_wakayama_omi_pedigree_analysis/data/fastqs/S3950_1.fq.gz,/Users/shohei-noda/git/proj_wakayama_omi_pedigree_analysis/data/fastqs/S3950_2.fq.gz
s3963,/Users/shohei-noda/git/proj_wakayama_omi_pedigree_analysis/data/fastqs/s3963_1.fq.gz,/Users/shohei-noda/git/proj_wakayama_omi_pedigree_analysis/data/fastqs/s3963_2.fq.gz
S3920,/Users/shohei-noda/git/proj_wakayama_omi_pedigree_analysis/data/fastqs/S3920_1.fq.gz,/Users/shohei-noda/git/proj_wakayama_omi_pedigree_analysis/data/fastqs/S3920_2.fq.gz
S3911,/Users/shohei-noda/git/proj_wakayama_omi_pedigree_analysis/data/fastqs/S3911_1.fq.gz,/Users/shohei-noda/git/proj_wakayama_omi_pedigree_analysis/data/fastqs/S3911_2.fq.gz
S3945,/Users/shohei-noda/git/proj_wakayama_omi_pedigree_analysis/data/fastqs/S3945_1.fq.gz,/Users/shohei-noda/git/proj_wakayama_omi_pedigree_analysis/data/fastqs/S3945_2.fq.gz
S3916,/Users/shohei-noda/git/proj_wakayama_omi_pedigree_analysis/data/fastqs/S3916_1.fq.gz,/Users/shohei-noda/git/proj_wakayama_omi_pedigree_analysis/data/fastqs/S3916_2.fq.gz
s3974,/Users/shohei-noda/git/proj_wakayama_omi_pedigree_analysis/data/fastqs/s3974_1.fq.gz,/Users/shohei-noda/git/proj_wakayama_omi_pedigree_analysis/data/fastqs/s3974_2.fq.gz
S3921,/Users/shohei-noda/git/proj_wakayama_omi_pedigree_analysis/data/fastqs/S3921_1.fq.gz,/Users/shohei-noda/git/proj_wakayama_omi_pedigree_analysis/data/fastqs/S3921_2.fq.gz
S3938,/Users/shohei-noda/git/proj_wakayama_omi_pedigree_analysis/data/fastqs/S3938_1.fq.gz,/Users/shohei-noda/git/proj_wakayama_omi_pedigree_analysis/data/fastqs/S3938_2.fq.gz
S3905,/Users/shohei-noda/git/proj_wakayama_omi_pedigree_analysis/data/fastqs/S3905_1.fq.gz,/Users/shohei-noda/git/proj_wakayama_omi_pedigree_analysis/data/fastqs/S3905_2.fq.gz
S3934,/Users/shohei-noda/git/proj_wakayama_omi_pedigree_analysis/data/fastqs/S3934_1.fq.gz,/Users/shohei-noda/git/proj_wakayama_omi_pedigree_analysis/data/fastqs/S3934_2.fq.gz
S3913,/Users/shohei-noda/git/proj_wakayama_omi_pedigree_analysis/data/fastqs/S3913_1.fq.gz,/Users/shohei-noda/git/proj_wakayama_omi_pedigree_analysis/data/fastqs/S3913_2.fq.gz
S3914,/Users/shohei-noda/git/proj_wakayama_omi_pedigree_analysis/data/fastqs/S3914_1.fq.gz,/Users/shohei-noda/git/proj_wakayama_omi_pedigree_analysis/data/fastqs/S3914_2.fq.gz
S3901,/Users/shohei-noda/git/proj_wakayama_omi_pedigree_analysis/data/fastqs/S3901_1.fq.gz,/Users/shohei-noda/git/proj_wakayama_omi_pedigree_analysis/data/fastqs/S3901_2.fq.gz
S3922,/Users/shohei-noda/git/proj_wakayama_omi_pedigree_analysis/data/fastqs/S3922_1.fq.gz,/Users/shohei-noda/git/proj_wakayama_omi_pedigree_analysis/data/fastqs/S3922_2.fq.gz
S3915,/Users/shohei-noda/git/proj_wakayama_omi_pedigree_analysis/data/fastqs/S3915_1.fq.gz,/Users/shohei-noda/git/proj_wakayama_omi_pedigree_analysis/data/fastqs/S3915_2.fq.gz
S3943,/Users/shohei-noda/git/proj_wakayama_omi_pedigree_analysis/data/fastqs/S3943_1.fq.gz,/Users/shohei-noda/git/proj_wakayama_omi_pedigree_analysis/data/fastqs/S3943_2.fq.gz
S3948,/Users/shohei-noda/git/proj_wakayama_omi_pedigree_analysis/data/fastqs/S3948_1.fq.gz,/Users/shohei-noda/git/proj_wakayama_omi_pedigree_analysis/data/fastqs/S3948_2.fq.gz
S3939,/Users/shohei-noda/git/proj_wakayama_omi_pedigree_analysis/data/fastqs/S3939_1.fq.gz,/Users/shohei-noda/git/proj_wakayama_omi_pedigree_analysis/data/fastqs/S3939_2.fq.gz
S3931,/Users/shohei-noda/git/proj_wakayama_omi_pedigree_analysis/data/fastqs/S3931_1.fq.gz,/Users/shohei-noda/git/proj_wakayama_omi_pedigree_analysis/data/fastqs/S3931_2.fq.gz
S3923,/Users/shohei-noda/git/proj_wakayama_omi_pedigree_analysis/data/fastqs/S3923_1.fq.gz,/Users/shohei-noda/git/proj_wakayama_omi_pedigree_analysis/data/fastqs/S3923_2.fq.gz
S3935,/Users/shohei-noda/git/proj_wakayama_omi_pedigree_analysis/data/fastqs/S3935_1.fq.gz,/Users/shohei-noda/git/proj_wakayama_omi_pedigree_analysis/data/fastqs/S3935_2.fq.gz
S3942,/Users/shohei-noda/git/proj_wakayama_omi_pedigree_analysis/data/fastqs/S3942_1.fq.gz,/Users/shohei-noda/git/proj_wakayama_omi_pedigree_analysis/data/fastqs/S3942_2.fq.gz
S3946,/Users/shohei-noda/git/proj_wakayama_omi_pedigree_analysis/data/fastqs/S3946_1.fq.gz,/Users/shohei-noda/git/proj_wakayama_omi_pedigree_analysis/data/fastqs/S3946_2.fq.gz
S3947,/Users/shohei-noda/git/proj_wakayama_omi_pedigree_analysis/data/fastqs/S3947_1.fq.gz,/Users/shohei-noda/git/proj_wakayama_omi_pedigree_analysis/data/fastqs/S3947_2.fq.gz
S3926,/Users/shohei-noda/git/proj_wakayama_omi_pedigree_analysis/data/fastqs/S3926_1.fq.gz,/Users/shohei-noda/git/proj_wakayama_omi_pedigree_analysis/data/fastqs/S3926_2.fq.gz
S3912,/Users/shohei-noda/git/proj_wakayama_omi_pedigree_analysis/data/fastqs/S3912_1.fq.gz,/Users/shohei-noda/git/proj_wakayama_omi_pedigree_analysis/data/fastqs/S3912_2.fq.gz
S3919,/Users/shohei-noda/git/proj_wakayama_omi_pedigree_analysis/data/fastqs/S3919_1.fq.gz,/Users/shohei-noda/git/proj_wakayama_omi_pedigree_analysis/data/fastqs/S3919_2.fq.gz
S3932,/Users/shohei-noda/git/proj_wakayama_omi_pedigree_analysis/data/fastqs/S3932_1.fq.gz,/Users/shohei-noda/git/proj_wakayama_omi_pedigree_analysis/data/fastqs/S3932_2.fq.gz
S3925,/Users/shohei-noda/git/proj_wakayama_omi_pedigree_analysis/data/fastqs/S3925_1.fq.gz,/Users/shohei-noda/git/proj_wakayama_omi_pedigree_analysis/data/fastqs/S3925_2.fq.gz
s3986,/Users/shohei-noda/git/proj_wakayama_omi_pedigree_analysis/data/fastqs/s3986_1.fq.gz,/Users/shohei-noda/git/proj_wakayama_omi_pedigree_analysis/data/fastqs/s3986_2.fq.gz
S3941,/Users/shohei-noda/git/proj_wakayama_omi_pedigree_analysis/data/fastqs/S3941_1.fq.gz,/Users/shohei-noda/git/proj_wakayama_omi_pedigree_analysis/data/fastqs/S3941_2.fq.gz
S3965,/Users/shohei-noda/git/proj_wakayama_omi_pedigree_analysis/data/fastqs/S3965_1.fq.gz,/Users/shohei-noda/git/proj_wakayama_omi_pedigree_analysis/data/fastqs/S3965_2.fq.gz
S3961,/Users/shohei-noda/git/proj_wakayama_omi_pedigree_analysis/data/fastqs/S3961_1.fq.gz,/Users/shohei-noda/git/proj_wakayama_omi_pedigree_analysis/data/fastqs/S3961_2.fq.gz
S3928,/Users/shohei-noda/git/proj_wakayama_omi_pedigree_analysis/data/fastqs/S3928_1.fq.gz,/Users/shohei-noda/git/proj_wakayama_omi_pedigree_analysis/data/fastqs/S3928_2.fq.gz
S3910,/Users/shohei-noda/git/proj_wakayama_omi_pedigree_analysis/data/fastqs/S3910_1.fq.gz,/Users/shohei-noda/git/proj_wakayama_omi_pedigree_analysis/data/fastqs/S3910_2.fq.gz
S3969,/Users/shohei-noda/git/proj_wakayama_omi_pedigree_analysis/data/fastqs/S3969_1.fq.gz,/Users/shohei-noda/git/proj_wakayama_omi_pedigree_analysis/data/fastqs/S3969_2.fq.gz
S3924,/Users/shohei-noda/git/proj_wakayama_omi_pedigree_analysis/data/fastqs/S3924_1.fq.gz,/Users/shohei-noda/git/proj_wakayama_omi_pedigree_analysis/data/fastqs/S3924_2.fq.gz
S3964,/Users/shohei-noda/git/proj_wakayama_omi_pedigree_analysis/data/fastqs/S3964_1.fq.gz,/Users/shohei-noda/git/proj_wakayama_omi_pedigree_analysis/data/fastqs/S3964_2.fq.gz
S3929,/Users/shohei-noda/git/proj_wakayama_omi_pedigree_analysis/data/fastqs/S3929_1.fq.gz,/Users/shohei-noda/git/proj_wakayama_omi_pedigree_analysis/data/fastqs/S3929_2.fq.gz
S3956,/Users/shohei-noda/git/proj_wakayama_omi_pedigree_analysis/data/fastqs/S3956_1.fq.gz,/Users/shohei-noda/git/proj_wakayama_omi_pedigree_analysis/data/fastqs/S3956_2.fq.gz
S3973,/Users/shohei-noda/git/proj_wakayama_omi_pedigree_analysis/data/fastqs/S3973_1.fq.gz,/Users/shohei-noda/git/proj_wakayama_omi_pedigree_analysis/data/fastqs/S3973_2.fq.gz
S3972,/Users/shohei-noda/git/proj_wakayama_omi_pedigree_analysis/data/fastqs/S3972_1.fq.gz,/Users/shohei-noda/git/proj_wakayama_omi_pedigree_analysis/data/fastqs/S3972_2.fq.gz
s3976,/Users/shohei-noda/git/proj_wakayama_omi_pedigree_analysis/data/fastqs/s3976_1.fq.gz,/Users/shohei-noda/git/proj_wakayama_omi_pedigree_analysis/data/fastqs/s3976_2.fq.gz
s3960,/Users/shohei-noda/git/proj_wakayama_omi_pedigree_analysis/data/fastqs/s3960_1.fq.gz,/Users/shohei-noda/git/proj_wakayama_omi_pedigree_analysis/data/fastqs/s3960_2.fq.gz
s3958,/Users/shohei-noda/git/proj_wakayama_omi_pedigree_analysis/data/fastqs/s3958_1.fq.gz,/Users/shohei-noda/git/proj_wakayama_omi_pedigree_analysis/data/fastqs/s3958_2.fq.gz
s3988,/Users/shohei-noda/git/proj_wakayama_omi_pedigree_analysis/data/fastqs/s3988_1.fq.gz,/Users/shohei-noda/git/proj_wakayama_omi_pedigree_analysis/data/fastqs/s3988_2.fq.gz
s3951,/Users/shohei-noda/git/proj_wakayama_omi_pedigree_analysis/data/fastqs/s3951_1.fq.gz,/Users/shohei-noda/git/proj_wakayama_omi_pedigree_analysis/data/fastqs/s3951_2.fq.gz
S3995,/Users/shohei-noda/git/proj_wakayama_omi_pedigree_analysis/data/fastqs/S3995_1.fq.gz,/Users/shohei-noda/git/proj_wakayama_omi_pedigree_analysis/data/fastqs/S3995_2.fq.gz
s3970,/Users/shohei-noda/git/proj_wakayama_omi_pedigree_analysis/data/fastqs/s3970_1.fq.gz,/Users/shohei-noda/git/proj_wakayama_omi_pedigree_analysis/data/fastqs/s3970_2.fq.gz
s3953,/Users/shohei-noda/git/proj_wakayama_omi_pedigree_analysis/data/fastqs/s3953_1.fq.gz,/Users/shohei-noda/git/proj_wakayama_omi_pedigree_analysis/data/fastqs/s3953_2.fq.gz
s3975,/Users/shohei-noda/git/proj_wakayama_omi_pedigree_analysis/data/fastqs/s3975_1.fq.gz,/Users/shohei-noda/git/proj_wakayama_omi_pedigree_analysis/data/fastqs/s3975_2.fq.gz
s3997,/Users/shohei-noda/git/proj_wakayama_omi_pedigree_analysis/data/fastqs/s3997_1.fq.gz,/Users/shohei-noda/git/proj_wakayama_omi_pedigree_analysis/data/fastqs/s3997_2.fq.gz
s3954,/Users/shohei-noda/git/proj_wakayama_omi_pedigree_analysis/data/fastqs/s3954_1.fq.gz,/Users/shohei-noda/git/proj_wakayama_omi_pedigree_analysis/data/fastqs/s3954_2.fq.gz
s4000,/Users/shohei-noda/git/proj_wakayama_omi_pedigree_analysis/data/fastqs/s4000_1.fq.gz,/Users/shohei-noda/git/proj_wakayama_omi_pedigree_analysis/data/fastqs/s4000_2.fq.gz
s3984,/Users/shohei-noda/git/proj_wakayama_omi_pedigree_analysis/data/fastqs/s3984_1.fq.gz,/Users/shohei-noda/git/proj_wakayama_omi_pedigree_analysis/data/fastqs/s3984_2.fq.gz
s3968,/Users/shohei-noda/git/proj_wakayama_omi_pedigree_analysis/data/fastqs/s3968_1.fq.gz,/Users/shohei-noda/git/proj_wakayama_omi_pedigree_analysis/data/fastqs/s3968_2.fq.gz
s3981,/Users/shohei-noda/git/proj_wakayama_omi_pedigree_analysis/data/fastqs/s3981_1.fq.gz,/Users/shohei-noda/git/proj_wakayama_omi_pedigree_analysis/data/fastqs/s3981_2.fq.gz
s3980,/Users/shohei-noda/git/proj_wakayama_omi_pedigree_analysis/data/fastqs/s3980_1.fq.gz,/Users/shohei-noda/git/proj_wakayama_omi_pedigree_analysis/data/fastqs/s3980_2.fq.gz
s3999,/Users/shohei-noda/git/proj_wakayama_omi_pedigree_analysis/data/fastqs/s3999_1.fq.gz,/Users/shohei-noda/git/proj_wakayama_omi_pedigree_analysis/data/fastqs/s3999_2.fq.gz
s3996,/Users/shohei-noda/git/proj_wakayama_omi_pedigree_analysis/data/fastqs/s3996_1.fq.gz,/Users/shohei-noda/git/proj_wakayama_omi_pedigree_analysis/data/fastqs/s3996_2.fq.gz
s3998,/Users/shohei-noda/git/proj_wakayama_omi_pedigree_analysis/data/fastqs/s3998_1.fq.gz,/Users/shohei-noda/git/proj_wakayama_omi_pedigree_analysis/data/fastqs/s3998_2.fq.gz
s3952,/Users/shohei-noda/git/proj_wakayama_omi_pedigree_analysis/data/fastqs/s3952_1.fq.gz,/Users/shohei-noda/git/proj_wakayama_omi_pedigree_analysis/data/fastqs/s3952_2.fq.gz
s3991,/Users/shohei-noda/git/proj_wakayama_omi_pedigree_analysis/data/fastqs/s3991_1.fq.gz,/Users/shohei-noda/git/proj_wakayama_omi_pedigree_analysis/data/fastqs/s3991_2.fq.gz
s3994,/Users/shohei-noda/git/proj_wakayama_omi_pedigree_analysis/data/fastqs/s3994_1.fq.gz,/Users/shohei-noda/git/proj_wakayama_omi_pedigree_analysis/data/fastqs/s3994_2.fq.gz
s3957,/Users/shohei-noda/git/proj_wakayama_omi_pedigree_analysis/data/fastqs/s3957_1.fq.gz,/Users/shohei-noda/git/proj_wakayama_omi_pedigree_analysis/data/fastqs/s3957_2.fq.gz
S4019,/Users/shohei-noda/git/proj_wakayama_omi_pedigree_analysis/data/fastqs/S4019_1.fq.gz,/Users/shohei-noda/git/proj_wakayama_omi_pedigree_analysis/data/fastqs/S4019_2.fq.gz
s3979,/Users/shohei-noda/git/proj_wakayama_omi_pedigree_analysis/data/fastqs/s3979_1.fq.gz,/Users/shohei-noda/git/proj_wakayama_omi_pedigree_analysis/data/fastqs/s3979_2.fq.gz
S4105,/Users/shohei-noda/git/proj_wakayama_omi_pedigree_analysis/data/fastqs/S4105_1.fq.gz,/Users/shohei-noda/git/proj_wakayama_omi_pedigree_analysis/data/fastqs/S4105_2.fq.gz
s3966,/Users/shohei-noda/git/proj_wakayama_omi_pedigree_analysis/data/fastqs/s3966_1.fq.gz,/Users/shohei-noda/git/proj_wakayama_omi_pedigree_analysis/data/fastqs/s3966_2.fq.gz
S4145,/Users/shohei-noda/git/proj_wakayama_omi_pedigree_analysis/data/fastqs/S4145_1.fq.gz,/Users/shohei-noda/git/proj_wakayama_omi_pedigree_analysis/data/fastqs/S4145_2.fq.gz
s3989,/Users/shohei-noda/git/proj_wakayama_omi_pedigree_analysis/data/fastqs/s3989_1.fq.gz,/Users/shohei-noda/git/proj_wakayama_omi_pedigree_analysis/data/fastqs/s3989_2.fq.gz
s3978,/Users/shohei-noda/git/proj_wakayama_omi_pedigree_analysis/data/fastqs/s3978_1.fq.gz,/Users/shohei-noda/git/proj_wakayama_omi_pedigree_analysis/data/fastqs/s3978_2.fq.gz
s3992,/Users/shohei-noda/git/proj_wakayama_omi_pedigree_analysis/data/fastqs/s3992_1.fq.gz,/Users/shohei-noda/git/proj_wakayama_omi_pedigree_analysis/data/fastqs/s3992_2.fq.gz
s3955,/Users/shohei-noda/git/proj_wakayama_omi_pedigree_analysis/data/fastqs/s3955_1.fq.gz,/Users/shohei-noda/git/proj_wakayama_omi_pedigree_analysis/data/fastqs/s3955_2.fq.gz
A5,/Users/shohei-noda/git/proj_wakayama_omi_pedigree_analysis/data/fastqs/A5_1.fq.gz,/Users/shohei-noda/git/proj_wakayama_omi_pedigree_analysis/data/fastqs/A5_2.fq.gz
s3971,/Users/shohei-noda/git/proj_wakayama_omi_pedigree_analysis/data/fastqs/s3971_1.fq.gz,/Users/shohei-noda/git/proj_wakayama_omi_pedigree_analysis/data/fastqs/s3971_2.fq.gz
n253,/Users/shohei-noda/git/proj_wakayama_omi_pedigree_analysis/data/fastqs/n253_1.fq.gz,/Users/shohei-noda/git/proj_wakayama_omi_pedigree_analysis/data/fastqs/n253_2.fq.gz
S3985,/Users/shohei-noda/git/proj_wakayama_omi_pedigree_analysis/data/fastqs/S3985_1.fq.gz,/Users/shohei-noda/git/proj_wakayama_omi_pedigree_analysis/data/fastqs/S3985_2.fq.gz
S3982,/Users/shohei-noda/git/proj_wakayama_omi_pedigree_analysis/data/fastqs/S3982_1.fq.gz,/Users/shohei-noda/git/proj_wakayama_omi_pedigree_analysis/data/fastqs/S3982_2.fq.gz
S3990,/Users/shohei-noda/git/proj_wakayama_omi_pedigree_analysis/data/fastqs/S3990_1.fq.gz,/Users/shohei-noda/git/proj_wakayama_omi_pedigree_analysis/data/fastqs/S3990_2.fq.gz
S3983,/Users/shohei-noda/git/proj_wakayama_omi_pedigree_analysis/data/fastqs/S3983_1.fq.gz,/Users/shohei-noda/git/proj_wakayama_omi_pedigree_analysis/data/fastqs/S3983_2.fq.gz
S3977,/Users/shohei-noda/git/proj_wakayama_omi_pedigree_analysis/data/fastqs/S3977_1.fq.gz,/Users/shohei-noda/git/proj_wakayama_omi_pedigree_analysis/data/fastqs/S3977_2.fq.gz
S3967,/Users/shohei-noda/git/proj_wakayama_omi_pedigree_analysis/data/fastqs/S3967_1.fq.gz,/Users/shohei-noda/git/proj_wakayama_omi_pedigree_analysis/data/fastqs/S3967_2.fq.gz
S3987,/Users/shohei-noda/git/proj_wakayama_omi_pedigree_analysis/data/fastqs/S3987_1.fq.gz,/Users/shohei-noda/git/proj_wakayama_omi_pedigree_analysis/data/fastqs/S3987_2.fq.gz
S3993,/Users/shohei-noda/git/proj_wakayama_omi_pedigree_analysis/data/fastqs/S3993_1.fq.gz,/Users/shohei-noda/git/proj_wakayama_omi_pedigree_analysis/data/fastqs/S3993_2.fq.gz
S4015,/Users/shohei-noda/git/proj_wakayama_omi_pedigree_analysis/data/fastqs/S4015_1.fq.gz,/Users/shohei-noda/git/proj_wakayama_omi_pedigree_analysis/data/fastqs/S4015_2.fq.gz
S4005,/Users/shohei-noda/git/proj_wakayama_omi_pedigree_analysis/data/fastqs/S4005_1.fq.gz,/Users/shohei-noda/git/proj_wakayama_omi_pedigree_analysis/data/fastqs/S4005_2.fq.gz
S4004,/Users/shohei-noda/git/proj_wakayama_omi_pedigree_analysis/data/fastqs/S4004_1.fq.gz,/Users/shohei-noda/git/proj_wakayama_omi_pedigree_analysis/data/fastqs/S4004_2.fq.gz
S4020,/Users/shohei-noda/git/proj_wakayama_omi_pedigree_analysis/data/fastqs/S4020_1.fq.gz,/Users/shohei-noda/git/proj_wakayama_omi_pedigree_analysis/data/fastqs/S4020_2.fq.gz
T2,/Users/shohei-noda/git/proj_wakayama_omi_pedigree_analysis/data/fastqs/T2_1.fq.gz,/Users/shohei-noda/git/proj_wakayama_omi_pedigree_analysis/data/fastqs/T2_2.fq.gz
S4028,/Users/shohei-noda/git/proj_wakayama_omi_pedigree_analysis/data/fastqs/S4028_1.fq.gz,/Users/shohei-noda/git/proj_wakayama_omi_pedigree_analysis/data/fastqs/S4028_2.fq.gz
S4018,/Users/shohei-noda/git/proj_wakayama_omi_pedigree_analysis/data/fastqs/S4018_1.fq.gz,/Users/shohei-noda/git/proj_wakayama_omi_pedigree_analysis/data/fastqs/S4018_2.fq.gz
S4017,/Users/shohei-noda/git/proj_wakayama_omi_pedigree_analysis/data/fastqs/S4017_1.fq.gz,/Users/shohei-noda/git/proj_wakayama_omi_pedigree_analysis/data/fastqs/S4017_2.fq.gz
S4002,/Users/shohei-noda/git/proj_wakayama_omi_pedigree_analysis/data/fastqs/S4002_1.fq.gz,/Users/shohei-noda/git/proj_wakayama_omi_pedigree_analysis/data/fastqs/S4002_2.fq.gz
S4003,/Users/shohei-noda/git/proj_wakayama_omi_pedigree_analysis/data/fastqs/S4003_1.fq.gz,/Users/shohei-noda/git/proj_wakayama_omi_pedigree_analysis/data/fastqs/S4003_2.fq.gz
S4040,/Users/shohei-noda/git/proj_wakayama_omi_pedigree_analysis/data/fastqs/S4040_1.fq.gz,/Users/shohei-noda/git/proj_wakayama_omi_pedigree_analysis/data/fastqs/S4040_2.fq.gz
S4012,/Users/shohei-noda/git/proj_wakayama_omi_pedigree_analysis/data/fastqs/S4012_1.fq.gz,/Users/shohei-noda/git/proj_wakayama_omi_pedigree_analysis/data/fastqs/S4012_2.fq.gz
S4041,/Users/shohei-noda/git/proj_wakayama_omi_pedigree_analysis/data/fastqs/S4041_1.fq.gz,/Users/shohei-noda/git/proj_wakayama_omi_pedigree_analysis/data/fastqs/S4041_2.fq.gz
S4006,/Users/shohei-noda/git/proj_wakayama_omi_pedigree_analysis/data/fastqs/S4006_1.fq.gz,/Users/shohei-noda/git/proj_wakayama_omi_pedigree_analysis/data/fastqs/S4006_2.fq.gz
S4013,/Users/shohei-noda/git/proj_wakayama_omi_pedigree_analysis/data/fastqs/S4013_1.fq.gz,/Users/shohei-noda/git/proj_wakayama_omi_pedigree_analysis/data/fastqs/S4013_2.fq.gz
S4010,/Users/shohei-noda/git/proj_wakayama_omi_pedigree_analysis/data/fastqs/S4010_1.fq.gz,/Users/shohei-noda/git/proj_wakayama_omi_pedigree_analysis/data/fastqs/S4010_2.fq.gz
S4030,/Users/shohei-noda/git/proj_wakayama_omi_pedigree_analysis/data/fastqs/S4030_1.fq.gz,/Users/shohei-noda/git/proj_wakayama_omi_pedigree_analysis/data/fastqs/S4030_2.fq.gz
S4032,/Users/shohei-noda/git/proj_wakayama_omi_pedigree_analysis/data/fastqs/S4032_1.fq.gz,/Users/shohei-noda/git/proj_wakayama_omi_pedigree_analysis/data/fastqs/S4032_2.fq.gz
S4014,/Users/shohei-noda/git/proj_wakayama_omi_pedigree_analysis/data/fastqs/S4014_1.fq.gz,/Users/shohei-noda/git/proj_wakayama_omi_pedigree_analysis/data/fastqs/S4014_2.fq.gz
S4008,/Users/shohei-noda/git/proj_wakayama_omi_pedigree_analysis/data/fastqs/S4008_1.fq.gz,/Users/shohei-noda/git/proj_wakayama_omi_pedigree_analysis/data/fastqs/S4008_2.fq.gz
S4034,/Users/shohei-noda/git/proj_wakayama_omi_pedigree_analysis/data/fastqs/S4034_1.fq.gz,/Users/shohei-noda/git/proj_wakayama_omi_pedigree_analysis/data/fastqs/S4034_2.fq.gz
S4039,/Users/shohei-noda/git/proj_wakayama_omi_pedigree_analysis/data/fastqs/S4039_1.fq.gz,/Users/shohei-noda/git/proj_wakayama_omi_pedigree_analysis/data/fastqs/S4039_2.fq.gz
S4024,/Users/shohei-noda/git/proj_wakayama_omi_pedigree_analysis/data/fastqs/S4024_1.fq.gz,/Users/shohei-noda/git/proj_wakayama_omi_pedigree_analysis/data/fastqs/S4024_2.fq.gz
S4048,/Users/shohei-noda/git/proj_wakayama_omi_pedigree_analysis/data/fastqs/S4048_1.fq.gz,/Users/shohei-noda/git/proj_wakayama_omi_pedigree_analysis/data/fastqs/S4048_2.fq.gz
S4007,/Users/shohei-noda/git/proj_wakayama_omi_pedigree_analysis/data/fastqs/S4007_1.fq.gz,/Users/shohei-noda/git/proj_wakayama_omi_pedigree_analysis/data/fastqs/S4007_2.fq.gz
S4045,/Users/shohei-noda/git/proj_wakayama_omi_pedigree_analysis/data/fastqs/S4045_1.fq.gz,/Users/shohei-noda/git/proj_wakayama_omi_pedigree_analysis/data/fastqs/S4045_2.fq.gz
S4044,/Users/shohei-noda/git/proj_wakayama_omi_pedigree_analysis/data/fastqs/S4044_1.fq.gz,/Users/shohei-noda/git/proj_wakayama_omi_pedigree_analysis/data/fastqs/S4044_2.fq.gz
S4037,/Users/shohei-noda/git/proj_wakayama_omi_pedigree_analysis/data/fastqs/S4037_1.fq.gz,/Users/shohei-noda/git/proj_wakayama_omi_pedigree_analysis/data/fastqs/S4037_2.fq.gz
S4023,/Users/shohei-noda/git/proj_wakayama_omi_pedigree_analysis/data/fastqs/S4023_1.fq.gz,/Users/shohei-noda/git/proj_wakayama_omi_pedigree_analysis/data/fastqs/S4023_2.fq.gz
S4033,/Users/shohei-noda/git/proj_wakayama_omi_pedigree_analysis/data/fastqs/S4033_1.fq.gz,/Users/shohei-noda/git/proj_wakayama_omi_pedigree_analysis/data/fastqs/S4033_2.fq.gz
S4047,/Users/shohei-noda/git/proj_wakayama_omi_pedigree_analysis/data/fastqs/S4047_1.fq.gz,/Users/shohei-noda/git/proj_wakayama_omi_pedigree_analysis/data/fastqs/S4047_2.fq.gz
S4043,/Users/shohei-noda/git/proj_wakayama_omi_pedigree_analysis/data/fastqs/S4043_1.fq.gz,/Users/shohei-noda/git/proj_wakayama_omi_pedigree_analysis/data/fastqs/S4043_2.fq.gz
S4035,/Users/shohei-noda/git/proj_wakayama_omi_pedigree_analysis/data/fastqs/S4035_1.fq.gz,/Users/shohei-noda/git/proj_wakayama_omi_pedigree_analysis/data/fastqs/S4035_2.fq.gz
S4036,/Users/shohei-noda/git/proj_wakayama_omi_pedigree_analysis/data/fastqs/S4036_1.fq.gz,/Users/shohei-noda/git/proj_wakayama_omi_pedigree_analysis/data/fastqs/S4036_2.fq.gz
S4038,/Users/shohei-noda/git/proj_wakayama_omi_pedigree_analysis/data/fastqs/S4038_1.fq.gz,/Users/shohei-noda/git/proj_wakayama_omi_pedigree_analysis/data/fastqs/S4038_2.fq.gz
S4042,/Users/shohei-noda/git/proj_wakayama_omi_pedigree_analysis/data/fastqs/S4042_1.fq.gz,/Users/shohei-noda/git/proj_wakayama_omi_pedigree_analysis/data/fastqs/S4042_2.fq.gz
S4025,/Users/shohei-noda/git/proj_wakayama_omi_pedigree_analysis/data/fastqs/S4025_1.fq.gz,/Users/shohei-noda/git/proj_wakayama_omi_pedigree_analysis/data/fastqs/S4025_2.fq.gz
S4046,/Users/shohei-noda/git/proj_wakayama_omi_pedigree_analysis/data/fastqs/S4046_1.fq.gz,/Users/shohei-noda/git/proj_wakayama_omi_pedigree_analysis/data/fastqs/S4046_2.fq.gz
S4026,/Users/shohei-noda/git/proj_wakayama_omi_pedigree_analysis/data/fastqs/S4026_1.fq.gz,/Users/shohei-noda/git/proj_wakayama_omi_pedigree_analysis/data/fastqs/S4026_2.fq.gz
S4049,/Users/shohei-noda/git/proj_wakayama_omi_pedigree_analysis/data/fastqs/S4049_1.fq.gz,/Users/shohei-noda/git/proj_wakayama_omi_pedigree_analysis/data/fastqs/S4049_2.fq.gz
S4021,/Users/shohei-noda/git/proj_wakayama_omi_pedigree_analysis/data/fastqs/S4021_1.fq.gz,/Users/shohei-noda/git/proj_wakayama_omi_pedigree_analysis/data/fastqs/S4021_2.fq.gz
S4001,/Users/shohei-noda/git/proj_wakayama_omi_pedigree_analysis/data/fastqs/S4001_1.fq.gz,/Users/shohei-noda/git/proj_wakayama_omi_pedigree_analysis/data/fastqs/S4001_2.fq.gz
S4027,/Users/shohei-noda/git/proj_wakayama_omi_pedigree_analysis/data/fastqs/S4027_1.fq.gz,/Users/shohei-noda/git/proj_wakayama_omi_pedigree_analysis/data/fastqs/S4027_2.fq.gz
S4009,/Users/shohei-noda/git/proj_wakayama_omi_pedigree_analysis/data/fastqs/S4009_1.fq.gz,/Users/shohei-noda/git/proj_wakayama_omi_pedigree_analysis/data/fastqs/S4009_2.fq.gz
S4050,/Users/shohei-noda/git/proj_wakayama_omi_pedigree_analysis/data/fastqs/S4050_1.fq.gz,/Users/shohei-noda/git/proj_wakayama_omi_pedigree_analysis/data/fastqs/S4050_2.fq.gz
S4029,/Users/shohei-noda/git/proj_wakayama_omi_pedigree_analysis/data/fastqs/S4029_1.fq.gz,/Users/shohei-noda/git/proj_wakayama_omi_pedigree_analysis/data/fastqs/S4029_2.fq.gz
S4016,/Users/shohei-noda/git/proj_wakayama_omi_pedigree_analysis/data/fastqs/S4016_1.fq.gz,/Users/shohei-noda/git/proj_wakayama_omi_pedigree_analysis/data/fastqs/S4016_2.fq.gz
S4022,/Users/shohei-noda/git/proj_wakayama_omi_pedigree_analysis/data/fastqs/S4022_1.fq.gz,/Users/shohei-noda/git/proj_wakayama_omi_pedigree_analysis/data/fastqs/S4022_2.fq.gz
S4031,/Users/shohei-noda/git/proj_wakayama_omi_pedigree_analysis/data/fastqs/S4031_1.fq.gz,/Users/shohei-noda/git/proj_wakayama_omi_pedigree_analysis/data/fastqs/S4031_2.fq.gz
S4120,/Users/shohei-noda/git/proj_wakayama_omi_pedigree_analysis/data/fastqs/S4120_1.fq.gz,/Users/shohei-noda/git/proj_wakayama_omi_pedigree_analysis/data/fastqs/S4120_2.fq.gz
S4124,/Users/shohei-noda/git/proj_wakayama_omi_pedigree_analysis/data/fastqs/S4124_1.fq.gz,/Users/shohei-noda/git/proj_wakayama_omi_pedigree_analysis/data/fastqs/S4124_2.fq.gz
S4117,/Users/shohei-noda/git/proj_wakayama_omi_pedigree_analysis/data/fastqs/S4117_1.fq.gz,/Users/shohei-noda/git/proj_wakayama_omi_pedigree_analysis/data/fastqs/S4117_2.fq.gz
S4113,/Users/shohei-noda/git/proj_wakayama_omi_pedigree_analysis/data/fastqs/S4113_1.fq.gz,/Users/shohei-noda/git/proj_wakayama_omi_pedigree_analysis/data/fastqs/S4113_2.fq.gz
S4114,/Users/shohei-noda/git/proj_wakayama_omi_pedigree_analysis/data/fastqs/S4114_1.fq.gz,/Users/shohei-noda/git/proj_wakayama_omi_pedigree_analysis/data/fastqs/S4114_2.fq.gz
S4126,/Users/shohei-noda/git/proj_wakayama_omi_pedigree_analysis/data/fastqs/S4126_1.fq.gz,/Users/shohei-noda/git/proj_wakayama_omi_pedigree_analysis/data/fastqs/S4126_2.fq.gz
S4104,/Users/shohei-noda/git/proj_wakayama_omi_pedigree_analysis/data/fastqs/S4104_1.fq.gz,/Users/shohei-noda/git/proj_wakayama_omi_pedigree_analysis/data/fastqs/S4104_2.fq.gz
S4110,/Users/shohei-noda/git/proj_wakayama_omi_pedigree_analysis/data/fastqs/S4110_1.fq.gz,/Users/shohei-noda/git/proj_wakayama_omi_pedigree_analysis/data/fastqs/S4110_2.fq.gz
S4107,/Users/shohei-noda/git/proj_wakayama_omi_pedigree_analysis/data/fastqs/S4107_1.fq.gz,/Users/shohei-noda/git/proj_wakayama_omi_pedigree_analysis/data/fastqs/S4107_2.fq.gz
S4130,/Users/shohei-noda/git/proj_wakayama_omi_pedigree_analysis/data/fastqs/S4130_1.fq.gz,/Users/shohei-noda/git/proj_wakayama_omi_pedigree_analysis/data/fastqs/S4130_2.fq.gz
S4106,/Users/shohei-noda/git/proj_wakayama_omi_pedigree_analysis/data/fastqs/S4106_1.fq.gz,/Users/shohei-noda/git/proj_wakayama_omi_pedigree_analysis/data/fastqs/S4106_2.fq.gz
S4101,/Users/shohei-noda/git/proj_wakayama_omi_pedigree_analysis/data/fastqs/S4101_1.fq.gz,/Users/shohei-noda/git/proj_wakayama_omi_pedigree_analysis/data/fastqs/S4101_2.fq.gz
S4119,/Users/shohei-noda/git/proj_wakayama_omi_pedigree_analysis/data/fastqs/S4119_1.fq.gz,/Users/shohei-noda/git/proj_wakayama_omi_pedigree_analysis/data/fastqs/S4119_2.fq.gz
S4125,/Users/shohei-noda/git/proj_wakayama_omi_pedigree_analysis/data/fastqs/S4125_1.fq.gz,/Users/shohei-noda/git/proj_wakayama_omi_pedigree_analysis/data/fastqs/S4125_2.fq.gz
S4112,/Users/shohei-noda/git/proj_wakayama_omi_pedigree_analysis/data/fastqs/S4112_1.fq.gz,/Users/shohei-noda/git/proj_wakayama_omi_pedigree_analysis/data/fastqs/S4112_2.fq.gz
S4121,/Users/shohei-noda/git/proj_wakayama_omi_pedigree_analysis/data/fastqs/S4121_1.fq.gz,/Users/shohei-noda/git/proj_wakayama_omi_pedigree_analysis/data/fastqs/S4121_2.fq.gz
S4150,/Users/shohei-noda/git/proj_wakayama_omi_pedigree_analysis/data/fastqs/S4150_1.fq.gz,/Users/shohei-noda/git/proj_wakayama_omi_pedigree_analysis/data/fastqs/S4150_2.fq.gz
S4147,/Users/shohei-noda/git/proj_wakayama_omi_pedigree_analysis/data/fastqs/S4147_1.fq.gz,/Users/shohei-noda/git/proj_wakayama_omi_pedigree_analysis/data/fastqs/S4147_2.fq.gz
S4135,/Users/shohei-noda/git/proj_wakayama_omi_pedigree_analysis/data/fastqs/S4135_1.fq.gz,/Users/shohei-noda/git/proj_wakayama_omi_pedigree_analysis/data/fastqs/S4135_2.fq.gz
S4127,/Users/shohei-noda/git/proj_wakayama_omi_pedigree_analysis/data/fastqs/S4127_1.fq.gz,/Users/shohei-noda/git/proj_wakayama_omi_pedigree_analysis/data/fastqs/S4127_2.fq.gz
S4138,/Users/shohei-noda/git/proj_wakayama_omi_pedigree_analysis/data/fastqs/S4138_1.fq.gz,/Users/shohei-noda/git/proj_wakayama_omi_pedigree_analysis/data/fastqs/S4138_2.fq.gz
S4108,/Users/shohei-noda/git/proj_wakayama_omi_pedigree_analysis/data/fastqs/S4108_1.fq.gz,/Users/shohei-noda/git/proj_wakayama_omi_pedigree_analysis/data/fastqs/S4108_2.fq.gz
S4103,/Users/shohei-noda/git/proj_wakayama_omi_pedigree_analysis/data/fastqs/S4103_1.fq.gz,/Users/shohei-noda/git/proj_wakayama_omi_pedigree_analysis/data/fastqs/S4103_2.fq.gz
S4123,/Users/shohei-noda/git/proj_wakayama_omi_pedigree_analysis/data/fastqs/S4123_1.fq.gz,/Users/shohei-noda/git/proj_wakayama_omi_pedigree_analysis/data/fastqs/S4123_2.fq.gz
S4132,/Users/shohei-noda/git/proj_wakayama_omi_pedigree_analysis/data/fastqs/S4132_1.fq.gz,/Users/shohei-noda/git/proj_wakayama_omi_pedigree_analysis/data/fastqs/S4132_2.fq.gz
S4134,/Users/shohei-noda/git/proj_wakayama_omi_pedigree_analysis/data/fastqs/S4134_1.fq.gz,/Users/shohei-noda/git/proj_wakayama_omi_pedigree_analysis/data/fastqs/S4134_2.fq.gz
S4115,/Users/shohei-noda/git/proj_wakayama_omi_pedigree_analysis/data/fastqs/S4115_1.fq.gz,/Users/shohei-noda/git/proj_wakayama_omi_pedigree_analysis/data/fastqs/S4115_2.fq.gz
S4118,/Users/shohei-noda/git/proj_wakayama_omi_pedigree_analysis/data/fastqs/S4118_1.fq.gz,/Users/shohei-noda/git/proj_wakayama_omi_pedigree_analysis/data/fastqs/S4118_2.fq.gz
S4111,/Users/shohei-noda/git/proj_wakayama_omi_pedigree_analysis/data/fastqs/S4111_1.fq.gz,/Users/shohei-noda/git/proj_wakayama_omi_pedigree_analysis/data/fastqs/S4111_2.fq.gz
S4129,/Users/shohei-noda/git/proj_wakayama_omi_pedigree_analysis/data/fastqs/S4129_1.fq.gz,/Users/shohei-noda/git/proj_wakayama_omi_pedigree_analysis/data/fastqs/S4129_2.fq.gz
S4143,/Users/shohei-noda/git/proj_wakayama_omi_pedigree_analysis/data/fastqs/S4143_1.fq.gz,/Users/shohei-noda/git/proj_wakayama_omi_pedigree_analysis/data/fastqs/S4143_2.fq.gz
S4139,/Users/shohei-noda/git/proj_wakayama_omi_pedigree_analysis/data/fastqs/S4139_1.fq.gz,/Users/shohei-noda/git/proj_wakayama_omi_pedigree_analysis/data/fastqs/S4139_2.fq.gz
S4148,/Users/shohei-noda/git/proj_wakayama_omi_pedigree_analysis/data/fastqs/S4148_1.fq.gz,/Users/shohei-noda/git/proj_wakayama_omi_pedigree_analysis/data/fastqs/S4148_2.fq.gz
T24,/Users/shohei-noda/git/proj_wakayama_omi_pedigree_analysis/data/fastqs/T24_1.fq.gz,/Users/shohei-noda/git/proj_wakayama_omi_pedigree_analysis/data/fastqs/T24_2.fq.gz
T327,/Users/shohei-noda/git/proj_wakayama_omi_pedigree_analysis/data/fastqs/T327_1.fq.gz,/Users/shohei-noda/git/proj_wakayama_omi_pedigree_analysis/data/fastqs/T327_2.fq.gz
S4128,/Users/shohei-noda/git/proj_wakayama_omi_pedigree_analysis/data/fastqs/S4128_1.fq.gz,/Users/shohei-noda/git/proj_wakayama_omi_pedigree_analysis/data/fastqs/S4128_2.fq.gz
S4146,/Users/shohei-noda/git/proj_wakayama_omi_pedigree_analysis/data/fastqs/S4146_1.fq.gz,/Users/shohei-noda/git/proj_wakayama_omi_pedigree_analysis/data/fastqs/S4146_2.fq.gz
S4131,/Users/shohei-noda/git/proj_wakayama_omi_pedigree_analysis/data/fastqs/S4131_1.fq.gz,/Users/shohei-noda/git/proj_wakayama_omi_pedigree_analysis/data/fastqs/S4131_2.fq.gz
S4116,/Users/shohei-noda/git/proj_wakayama_omi_pedigree_analysis/data/fastqs/S4116_1.fq.gz,/Users/shohei-noda/git/proj_wakayama_omi_pedigree_analysis/data/fastqs/S4116_2.fq.gz
S4149,/Users/shohei-noda/git/proj_wakayama_omi_pedigree_analysis/data/fastqs/S4149_1.fq.gz,/Users/shohei-noda/git/proj_wakayama_omi_pedigree_analysis/data/fastqs/S4149_2.fq.gz
S4141,/Users/shohei-noda/git/proj_wakayama_omi_pedigree_analysis/data/fastqs/S4141_1.fq.gz,/Users/shohei-noda/git/proj_wakayama_omi_pedigree_analysis/data/fastqs/S4141_2.fq.gz
S4136,/Users/shohei-noda/git/proj_wakayama_omi_pedigree_analysis/data/fastqs/S4136_1.fq.gz,/Users/shohei-noda/git/proj_wakayama_omi_pedigree_analysis/data/fastqs/S4136_2.fq.gz
S4140,/Users/shohei-noda/git/proj_wakayama_omi_pedigree_analysis/data/fastqs/S4140_1.fq.gz,/Users/shohei-noda/git/proj_wakayama_omi_pedigree_analysis/data/fastqs/S4140_2.fq.gz
S4133,/Users/shohei-noda/git/proj_wakayama_omi_pedigree_analysis/data/fastqs/S4133_1.fq.gz,/Users/shohei-noda/git/proj_wakayama_omi_pedigree_analysis/data/fastqs/S4133_2.fq.gz
S4137,/Users/shohei-noda/git/proj_wakayama_omi_pedigree_analysis/data/fastqs/S4137_1.fq.gz,/Users/shohei-noda/git/proj_wakayama_omi_pedigree_analysis/data/fastqs/S4137_2.fq.gz
S4067,/Users/shohei-noda/git/proj_wakayama_omi_pedigree_analysis/data/fastqs/S4067_1.fq.gz,/Users/shohei-noda/git/proj_wakayama_omi_pedigree_analysis/data/fastqs/S4067_2.fq.gz
S4058,/Users/shohei-noda/git/proj_wakayama_omi_pedigree_analysis/data/fastqs/S4058_1.fq.gz,/Users/shohei-noda/git/proj_wakayama_omi_pedigree_analysis/data/fastqs/S4058_2.fq.gz
S4088,/Users/shohei-noda/git/proj_wakayama_omi_pedigree_analysis/data/fastqs/S4088_1.fq.gz,/Users/shohei-noda/git/proj_wakayama_omi_pedigree_analysis/data/fastqs/S4088_2.fq.gz
S4076,/Users/shohei-noda/git/proj_wakayama_omi_pedigree_analysis/data/fastqs/S4076_1.fq.gz,/Users/shohei-noda/git/proj_wakayama_omi_pedigree_analysis/data/fastqs/S4076_2.fq.gz
S4064,/Users/shohei-noda/git/proj_wakayama_omi_pedigree_analysis/data/fastqs/S4064_1.fq.gz,/Users/shohei-noda/git/proj_wakayama_omi_pedigree_analysis/data/fastqs/S4064_2.fq.gz
S4068,/Users/shohei-noda/git/proj_wakayama_omi_pedigree_analysis/data/fastqs/S4068_1.fq.gz,/Users/shohei-noda/git/proj_wakayama_omi_pedigree_analysis/data/fastqs/S4068_2.fq.gz
S4065,/Users/shohei-noda/git/proj_wakayama_omi_pedigree_analysis/data/fastqs/S4065_1.fq.gz,/Users/shohei-noda/git/proj_wakayama_omi_pedigree_analysis/data/fastqs/S4065_2.fq.gz
S4052,/Users/shohei-noda/git/proj_wakayama_omi_pedigree_analysis/data/fastqs/S4052_1.fq.gz,/Users/shohei-noda/git/proj_wakayama_omi_pedigree_analysis/data/fastqs/S4052_2.fq.gz
S4060,/Users/shohei-noda/git/proj_wakayama_omi_pedigree_analysis/data/fastqs/S4060_1.fq.gz,/Users/shohei-noda/git/proj_wakayama_omi_pedigree_analysis/data/fastqs/S4060_2.fq.gz
S4080,/Users/shohei-noda/git/proj_wakayama_omi_pedigree_analysis/data/fastqs/S4080_1.fq.gz,/Users/shohei-noda/git/proj_wakayama_omi_pedigree_analysis/data/fastqs/S4080_2.fq.gz
S4063,/Users/shohei-noda/git/proj_wakayama_omi_pedigree_analysis/data/fastqs/S4063_1.fq.gz,/Users/shohei-noda/git/proj_wakayama_omi_pedigree_analysis/data/fastqs/S4063_2.fq.gz
S4074,/Users/shohei-noda/git/proj_wakayama_omi_pedigree_analysis/data/fastqs/S4074_1.fq.gz,/Users/shohei-noda/git/proj_wakayama_omi_pedigree_analysis/data/fastqs/S4074_2.fq.gz
S4122,/Users/shohei-noda/git/proj_wakayama_omi_pedigree_analysis/data/fastqs/S4122_1.fq.gz,/Users/shohei-noda/git/proj_wakayama_omi_pedigree_analysis/data/fastqs/S4122_2.fq.gz
n1,/Users/shohei-noda/git/proj_wakayama_omi_pedigree_analysis/data/fastqs/n1_1.fq.gz,/Users/shohei-noda/git/proj_wakayama_omi_pedigree_analysis/data/fastqs/n1_2.fq.gz
n2,/Users/shohei-noda/git/proj_wakayama_omi_pedigree_analysis/data/fastqs/n2_1.fq.gz,/Users/shohei-noda/git/proj_wakayama_omi_pedigree_analysis/data/fastqs/n2_2.fq.gz
n3,/Users/shohei-noda/git/proj_wakayama_omi_pedigree_analysis/data/fastqs/n3_1.fq.gz,/Users/shohei-noda/git/proj_wakayama_omi_pedigree_analysis/data/fastqs/n3_2.fq.gz
n4,/Users/shohei-noda/git/proj_wakayama_omi_pedigree_analysis/data/fastqs/n4_1.fq.gz,/Users/shohei-noda/git/proj_wakayama_omi_pedigree_analysis/data/fastqs/n4_2.fq.gz
n5,/Users/shohei-noda/git/proj_wakayama_omi_pedigree_analysis/data/fastqs/n5_1.fq.gz,/Users/shohei-noda/git/proj_wakayama_omi_pedigree_analysis/data/fastqs/n5_2.fq.gz
n6,/Users/shohei-noda/git/proj_wakayama_omi_pedigree_analysis/data/fastqs/n6_1.fq.gz,/Users/shohei-noda/git/proj_wakayama_omi_pedigree_analysis/data/fastqs/n6_2.fq.gz
n7,/Users/shohei-noda/git/proj_wakayama_omi_pedigree_analysis/data/fastqs/n7_1.fq.gz,/Users/shohei-noda/git/proj_wakayama_omi_pedigree_analysis/data/fastqs/n7_2.fq.gz
n8,/Users/shohei-noda/git/proj_wakayama_omi_pedigree_analysis/data/fastqs/n8_1.fq.gz,/Users/shohei-noda/git/proj_wakayama_omi_pedigree_analysis/data/fastqs/n8_2.fq.gz
n9,/Users/shohei-noda/git/proj_wakayama_omi_pedigree_analysis/data/fastqs/n9_1.fq.gz,/Users/shohei-noda/git/proj_wakayama_omi_pedigree_analysis/data/fastqs/n9_2.fq.gz
n10,/Users/shohei-noda/git/proj_wakayama_omi_pedigree_analysis/data/fastqs/n10_1.fq.gz,/Users/shohei-noda/git/proj_wakayama_omi_pedigree_analysis/data/fastqs/n10_2.fq.gz
n11,/Users/shohei-noda/git/proj_wakayama_omi_pedigree_analysis/data/fastqs/n11_1.fq.gz,/Users/shohei-noda/git/proj_wakayama_omi_pedigree_analysis/data/fastqs/n11_2.fq.gz
n12,/Users/shohei-noda/git/proj_wakayama_omi_pedigree_analysis/data/fastqs/n12_1.fq.gz,/Users/shohei-noda/git/proj_wakayama_omi_pedigree_analysis/data/fastqs/n12_2.fq.gz
n13,/Users/shohei-noda/git/proj_wakayama_omi_pedigree_analysis/data/fastqs/n13_1.fq.gz,/Users/shohei-noda/git/proj_wakayama_omi_pedigree_analysis/data/fastqs/n13_2.fq.gz
n14,/Users/shohei-noda/git/proj_wakayama_omi_pedigree_analysis/data/fastqs/n14_1.fq.gz,/Users/shohei-noda/git/proj_wakayama_omi_pedigree_analysis/data/fastqs/n14_2.fq.gz
n15,/Users/shohei-noda/git/proj_wakayama_omi_pedigree_analysis/data/fastqs/n15_1.fq.gz,/Users/shohei-noda/git/proj_wakayama_omi_pedigree_analysis/data/fastqs/n15_2.fq.gz
n16,/Users/shohei-noda/git/proj_wakayama_omi_pedigree_analysis/data/fastqs/n16_1.fq.gz,/Users/shohei-noda/git/proj_wakayama_omi_pedigree_analysis/data/fastqs/n16_2.fq.gz
n17,/Users/shohei-noda/git/proj_wakayama_omi_pedigree_analysis/data/fastqs/n17_1.fq.gz,/Users/shohei-noda/git/proj_wakayama_omi_pedigree_analysis/data/fastqs/n17_2.fq.gz
n18,/Users/shohei-noda/git/proj_wakayama_omi_pedigree_analysis/data/fastqs/n18_1.fq.gz,/Users/shohei-noda/git/proj_wakayama_omi_pedigree_analysis/data/fastqs/n18_2.fq.gz
n19,/Users/shohei-noda/git/proj_wakayama_omi_pedigree_analysis/data/fastqs/n19_1.fq.gz,/Users/shohei-noda/git/proj_wakayama_omi_pedigree_analysis/data/fastqs/n19_2.fq.gz
n20,/Users/shohei-noda/git/proj_wakayama_omi_pedigree_analysis/data/fastqs/n20_1.fq.gz,/Users/shohei-noda/git/proj_wakayama_omi_pedigree_analysis/data/fastqs/n20_2.fq.gz
n21,/Users/shohei-noda/git/proj_wakayama_omi_pedigree_analysis/data/fastqs/n21_1.fq.gz,/Users/shohei-noda/git/proj_wakayama_omi_pedigree_analysis/data/fastqs/n21_2.fq.gz
n22,/Users/shohei-noda/git/proj_wakayama_omi_pedigree_analysis/data/fastqs/n22_1.fq.gz,/Users/shohei-noda/git/proj_wakayama_omi_pedigree_analysis/data/fastqs/n22_2.fq.gz
n23,/Users/shohei-noda/git/proj_wakayama_omi_pedigree_analysis/data/fastqs/n23_1.fq.gz,/Users/shohei-noda/git/proj_wakayama_omi_pedigree_analysis/data/fastqs/n23_2.fq.gz
n24,/Users/shohei-noda/git/proj_wakayama_omi_pedigree_analysis/data/fastqs/n24_1.fq.gz,/Users/shohei-noda/git/proj_wakayama_omi_pedigree_analysis/data/fastqs/n24_2.fq.gz
n25,/Users/shohei-noda/git/proj_wakayama_omi_pedigree_analysis/data/fastqs/n25_1.fq.gz,/Users/shohei-noda/git/proj_wakayama_omi_pedigree_analysis/data/fastqs/n25_2.fq.gz
n26,/Users/shohei-noda/git/proj_wakayama_omi_pedigree_analysis/data/fastqs/n26_1.fq.gz,/Users/shohei-noda/git/proj_wakayama_omi_pedigree_analysis/data/fastqs/n26_2.fq.gz
n27,/Users/shohei-noda/git/proj_wakayama_omi_pedigree_analysis/data/fastqs/n27_1.fq.gz,/Users/shohei-noda/git/proj_wakayama_omi_pedigree_analysis/data/fastqs/n27_2.fq.gz
n28,/Users/shohei-noda/git/proj_wakayama_omi_pedigree_analysis/data/fastqs/n28_1.fq.gz,/Users/shohei-noda/git/proj_wakayama_omi_pedigree_analysis/data/fastqs/n28_2.fq.gz
n29,/Users/shohei-noda/git/proj_wakayama_omi_pedigree_analysis/data/fastqs/n29_1.fq.gz,/Users/shohei-noda/git/proj_wakayama_omi_pedigree_analysis/data/fastqs/n29_2.fq.gz
n30,/Users/shohei-noda/git/proj_wakayama_omi_pedigree_analysis/data/fastqs/n30_1.fq.gz,/Users/shohei-noda/git/proj_wakayama_omi_pedigree_analysis/data/fastqs/n30_2.fq.gz
n31,/Users/shohei-noda/git/proj_wakayama_omi_pedigree_analysis/data/fastqs/n31_1.fq.gz,/Users/shohei-noda/git/proj_wakayama_omi_pedigree_analysis/data/fastqs/n31_2.fq.gz
n32,/Users/shohei-noda/git/proj_wakayama_omi_pedigree_analysis/data/fastqs/n32_1.fq.gz,/Users/shohei-noda/git/proj_wakayama_omi_pedigree_analysis/data/fastqs/n32_2.fq.gz
n32_1,/Users/shohei-noda/git/proj_wakayama_omi_pedigree_analysis/data/fastqs/n32_1_1.fq.gz,/Users/shohei-noda/git/proj_wakayama_omi_pedigree_analysis/data/fastqs/n32_1_2.fq.gz
n33,/Users/shohei-noda/git/proj_wakayama_omi_pedigree_analysis/data/fastqs/n33_1.fq.gz,/Users/shohei-noda/git/proj_wakayama_omi_pedigree_analysis/data/fastqs/n33_2.fq.gz
n34,/Users/shohei-noda/git/proj_wakayama_omi_pedigree_analysis/data/fastqs/n34_1.fq.gz,/Users/shohei-noda/git/proj_wakayama_omi_pedigree_analysis/data/fastqs/n34_2.fq.gz
n35,/Users/shohei-noda/git/proj_wakayama_omi_pedigree_analysis/data/fastqs/n35_1.fq.gz,/Users/shohei-noda/git/proj_wakayama_omi_pedigree_analysis/data/fastqs/n35_2.fq.gz
n36,/Users/shohei-noda/git/proj_wakayama_omi_pedigree_analysis/data/fastqs/n36_1.fq.gz,/Users/shohei-noda/git/proj_wakayama_omi_pedigree_analysis/data/fastqs/n36_2.fq.gz
n37,/Users/shohei-noda/git/proj_wakayama_omi_pedigree_analysis/data/fastqs/n37_1.fq.gz,/Users/shohei-noda/git/proj_wakayama_omi_pedigree_analysis/data/fastqs/n37_2.fq.gz
n38,/Users/shohei-noda/git/proj_wakayama_omi_pedigree_analysis/data/fastqs/n38_1.fq.gz,/Users/shohei-noda/git/proj_wakayama_omi_pedigree_analysis/data/fastqs/n38_2.fq.gz
n39,/Users/shohei-noda/git/proj_wakayama_omi_pedigree_analysis/data/fastqs/n39_1.fq.gz,/Users/shohei-noda/git/proj_wakayama_omi_pedigree_analysis/data/fastqs/n39_2.fq.gz
n40,/Users/shohei-noda/git/proj_wakayama_omi_pedigree_analysis/data/fastqs/n40_1.fq.gz,/Users/shohei-noda/git/proj_wakayama_omi_pedigree_analysis/data/fastqs/n40_2.fq.gz
n41,/Users/shohei-noda/git/proj_wakayama_omi_pedigree_analysis/data/fastqs/n41_1.fq.gz,/Users/shohei-noda/git/proj_wakayama_omi_pedigree_analysis/data/fastqs/n41_2.fq.gz
n42,/Users/shohei-noda/git/proj_wakayama_omi_pedigree_analysis/data/fastqs/n42_1.fq.gz,/Users/shohei-noda/git/proj_wakayama_omi_pedigree_analysis/data/fastqs/n42_2.fq.gz
n43,/Users/shohei-noda/git/proj_wakayama_omi_pedigree_analysis/data/fastqs/n43_1.fq.gz,/Users/shohei-noda/git/proj_wakayama_omi_pedigree_analysis/data/fastqs/n43_2.fq.gz
n44,/Users/shohei-noda/git/proj_wakayama_omi_pedigree_analysis/data/fastqs/n44_1.fq.gz,/Users/shohei-noda/git/proj_wakayama_omi_pedigree_analysis/data/fastqs/n44_2.fq.gz
n45,/Users/shohei-noda/git/proj_wakayama_omi_pedigree_analysis/data/fastqs/n45_1.fq.gz,/Users/shohei-noda/git/proj_wakayama_omi_pedigree_analysis/data/fastqs/n45_2.fq.gz
n46,/Users/shohei-noda/git/proj_wakayama_omi_pedigree_analysis/data/fastqs/n46_1.fq.gz,/Users/shohei-noda/git/proj_wakayama_omi_pedigree_analysis/data/fastqs/n46_2.fq.gz
n47,/Users/shohei-noda/git/proj_wakayama_omi_pedigree_analysis/data/fastqs/n47_1.fq.gz,/Users/shohei-noda/git/proj_wakayama_omi_pedigree_analysis/data/fastqs/n47_2.fq.gz
n48,/Users/shohei-noda/git/proj_wakayama_omi_pedigree_analysis/data/fastqs/n48_1.fq.gz,/Users/shohei-noda/git/proj_wakayama_omi_pedigree_analysis/data/fastqs/n48_2.fq.gz
n49,/Users/shohei-noda/git/proj_wakayama_omi_pedigree_analysis/data/fastqs/n49_1.fq.gz,/Users/shohei-noda/git/proj_wakayama_omi_pedigree_analysis/data/fastqs/n49_2.fq.gz
n50,/Users/shohei-noda/git/proj_wakayama_omi_pedigree_analysis/data/fastqs/n50_1.fq.gz,/Users/shohei-noda/git/proj_wakayama_omi_pedigree_analysis/data/fastqs/n50_2.fq.gz
n51,/Users/shohei-noda/git/proj_wakayama_omi_pedigree_analysis/data/fastqs/n51_1.fq.gz,/Users/shohei-noda/git/proj_wakayama_omi_pedigree_analysis/data/fastqs/n51_2.fq.gz
n52,/Users/shohei-noda/git/proj_wakayama_omi_pedigree_analysis/data/fastqs/n52_1.fq.gz,/Users/shohei-noda/git/proj_wakayama_omi_pedigree_analysis/data/fastqs/n52_2.fq.gz
n53,/Users/shohei-noda/git/proj_wakayama_omi_pedigree_analysis/data/fastqs/n53_1.fq.gz,/Users/shohei-noda/git/proj_wakayama_omi_pedigree_analysis/data/fastqs/n53_2.fq.gz
n54,/Users/shohei-noda/git/proj_wakayama_omi_pedigree_analysis/data/fastqs/n54_1.fq.gz,/Users/shohei-noda/git/proj_wakayama_omi_pedigree_analysis/data/fastqs/n54_2.fq.gz
n55,/Users/shohei-noda/git/proj_wakayama_omi_pedigree_analysis/data/fastqs/n55_1.fq.gz,/Users/shohei-noda/git/proj_wakayama_omi_pedigree_analysis/data/fastqs/n55_2.fq.gz
n56,/Users/shohei-noda/git/proj_wakayama_omi_pedigree_analysis/data/fastqs/n56_1.fq.gz,/Users/shohei-noda/git/proj_wakayama_omi_pedigree_analysis/data/fastqs/n56_2.fq.gz
n57,/Users/shohei-noda/git/proj_wakayama_omi_pedigree_analysis/data/fastqs/n57_1.fq.gz,/Users/shohei-noda/git/proj_wakayama_omi_pedigree_analysis/data/fastqs/n57_2.fq.gz
n58,/Users/shohei-noda/git/proj_wakayama_omi_pedigree_analysis/data/fastqs/n58_1.fq.gz,/Users/shohei-noda/git/proj_wakayama_omi_pedigree_analysis/data/fastqs/n58_2.fq.gz
n59,/Users/shohei-noda/git/proj_wakayama_omi_pedigree_analysis/data/fastqs/n59_1.fq.gz,/Users/shohei-noda/git/proj_wakayama_omi_pedigree_analysis/data/fastqs/n59_2.fq.gz
n60,/Users/shohei-noda/git/proj_wakayama_omi_pedigree_analysis/data/fastqs/n60_1.fq.gz,/Users/shohei-noda/git/proj_wakayama_omi_pedigree_analysis/data/fastqs/n60_2.fq.gz
n61,/Users/shohei-noda/git/proj_wakayama_omi_pedigree_analysis/data/fastqs/n61_1.fq.gz,/Users/shohei-noda/git/proj_wakayama_omi_pedigree_analysis/data/fastqs/n61_2.fq.gz
n62,/Users/shohei-noda/git/proj_wakayama_omi_pedigree_analysis/data/fastqs/n62_1.fq.gz,/Users/shohei-noda/git/proj_wakayama_omi_pedigree_analysis/data/fastqs/n62_2.fq.gz
n63,/Users/shohei-noda/git/proj_wakayama_omi_pedigree_analysis/data/fastqs/n63_1.fq.gz,/Users/shohei-noda/git/proj_wakayama_omi_pedigree_analysis/data/fastqs/n63_2.fq.gz
n64,/Users/shohei-noda/git/proj_wakayama_omi_pedigree_analysis/data/fastqs/n64_1.fq.gz,/Users/shohei-noda/git/proj_wakayama_omi_pedigree_analysis/data/fastqs/n64_2.fq.gz
n65,/Users/shohei-noda/git/proj_wakayama_omi_pedigree_analysis/data/fastqs/n65_1.fq.gz,/Users/shohei-noda/git/proj_wakayama_omi_pedigree_analysis/data/fastqs/n65_2.fq.gz
n66,/Users/shohei-noda/git/proj_wakayama_omi_pedigree_analysis/data/fastqs/n66_1.fq.gz,/Users/shohei-noda/git/proj_wakayama_omi_pedigree_analysis/data/fastqs/n66_2.fq.gz
n67,/Users/shohei-noda/git/proj_wakayama_omi_pedigree_analysis/data/fastqs/n67_1.fq.gz,/Users/shohei-noda/git/proj_wakayama_omi_pedigree_analysis/data/fastqs/n67_2.fq.gz
n68,/Users/shohei-noda/git/proj_wakayama_omi_pedigree_analysis/data/fastqs/n68_1.fq.gz,/Users/shohei-noda/git/proj_wakayama_omi_pedigree_analysis/data/fastqs/n68_2.fq.gz
n69,/Users/shohei-noda/git/proj_wakayama_omi_pedigree_analysis/data/fastqs/n69_1.fq.gz,/Users/shohei-noda/git/proj_wakayama_omi_pedigree_analysis/data/fastqs/n69_2.fq.gz
n70,/Users/shohei-noda/git/proj_wakayama_omi_pedigree_analysis/data/fastqs/n70_1.fq.gz,/Users/shohei-noda/git/proj_wakayama_omi_pedigree_analysis/data/fastqs/n70_2.fq.gz
n71,/Users/shohei-noda/git/proj_wakayama_omi_pedigree_analysis/data/fastqs/n71_1.fq.gz,/Users/shohei-noda/git/proj_wakayama_omi_pedigree_analysis/data/fastqs/n71_2.fq.gz
n72,/Users/shohei-noda/git/proj_wakayama_omi_pedigree_analysis/data/fastqs/n72_1.fq.gz,/Users/shohei-noda/git/proj_wakayama_omi_pedigree_analysis/data/fastqs/n72_2.fq.gz
n73,/Users/shohei-noda/git/proj_wakayama_omi_pedigree_analysis/data/fastqs/n73_1.fq.gz,/Users/shohei-noda/git/proj_wakayama_omi_pedigree_analysis/data/fastqs/n73_2.fq.gz
n74,/Users/shohei-noda/git/proj_wakayama_omi_pedigree_analysis/data/fastqs/n74_1.fq.gz,/Users/shohei-noda/git/proj_wakayama_omi_pedigree_analysis/data/fastqs/n74_2.fq.gz
n75,/Users/shohei-noda/git/proj_wakayama_omi_pedigree_analysis/data/fastqs/n75_1.fq.gz,/Users/shohei-noda/git/proj_wakayama_omi_pedigree_analysis/data/fastqs/n75_2.fq.gz
n76,/Users/shohei-noda/git/proj_wakayama_omi_pedigree_analysis/data/fastqs/n76_1.fq.gz,/Users/shohei-noda/git/proj_wakayama_omi_pedigree_analysis/data/fastqs/n76_2.fq.gz
n77,/Users/shohei-noda/git/proj_wakayama_omi_pedigree_analysis/data/fastqs/n77_1.fq.gz,/Users/shohei-noda/git/proj_wakayama_omi_pedigree_analysis/data/fastqs/n77_2.fq.gz
n78,/Users/shohei-noda/git/proj_wakayama_omi_pedigree_analysis/data/fastqs/n78_1.fq.gz,/Users/shohei-noda/git/proj_wakayama_omi_pedigree_analysis/data/fastqs/n78_2.fq.gz
n79,/Users/shohei-noda/git/proj_wakayama_omi_pedigree_analysis/data/fastqs/n79_1.fq.gz,/Users/shohei-noda/git/proj_wakayama_omi_pedigree_analysis/data/fastqs/n79_2.fq.gz
n80,/Users/shohei-noda/git/proj_wakayama_omi_pedigree_analysis/data/fastqs/n80_1.fq.gz,/Users/shohei-noda/git/proj_wakayama_omi_pedigree_analysis/data/fastqs/n80_2.fq.gz
n81,/Users/shohei-noda/git/proj_wakayama_omi_pedigree_analysis/data/fastqs/n81_1.fq.gz,/Users/shohei-noda/git/proj_wakayama_omi_pedigree_analysis/data/fastqs/n81_2.fq.gz
n82,/Users/shohei-noda/git/proj_wakayama_omi_pedigree_analysis/data/fastqs/n82_1.fq.gz,/Users/shohei-noda/git/proj_wakayama_omi_pedigree_analysis/data/fastqs/n82_2.fq.gz
n83,/Users/shohei-noda/git/proj_wakayama_omi_pedigree_analysis/data/fastqs/n83_1.fq.gz,/Users/shohei-noda/git/proj_wakayama_omi_pedigree_analysis/data/fastqs/n83_2.fq.gz
n84,/Users/shohei-noda/git/proj_wakayama_omi_pedigree_analysis/data/fastqs/n84_1.fq.gz,/Users/shohei-noda/git/proj_wakayama_omi_pedigree_analysis/data/fastqs/n84_2.fq.gz
n85,/Users/shohei-noda/git/proj_wakayama_omi_pedigree_analysis/data/fastqs/n85_1.fq.gz,/Users/shohei-noda/git/proj_wakayama_omi_pedigree_analysis/data/fastqs/n85_2.fq.gz
n86,/Users/shohei-noda/git/proj_wakayama_omi_pedigree_analysis/data/fastqs/n86_1.fq.gz,/Users/shohei-noda/git/proj_wakayama_omi_pedigree_analysis/data/fastqs/n86_2.fq.gz
n87,/Users/shohei-noda/git/proj_wakayama_omi_pedigree_analysis/data/fastqs/n87_1.fq.gz,/Users/shohei-noda/git/proj_wakayama_omi_pedigree_analysis/data/fastqs/n87_2.fq.gz
n88,/Users/shohei-noda/git/proj_wakayama_omi_pedigree_analysis/data/fastqs/n88_1.fq.gz,/Users/shohei-noda/git/proj_wakayama_omi_pedigree_analysis/data/fastqs/n88_2.fq.gz
n89,/Users/shohei-noda/git/proj_wakayama_omi_pedigree_analysis/data/fastqs/n89_1.fq.gz,/Users/shohei-noda/git/proj_wakayama_omi_pedigree_analysis/data/fastqs/n89_2.fq.gz
n90,/Users/shohei-noda/git/proj_wakayama_omi_pedigree_analysis/data/fastqs/n90_1.fq.gz,/Users/shohei-noda/git/proj_wakayama_omi_pedigree_analysis/data/fastqs/n90_2.fq.gz
n91,/Users/shohei-noda/git/proj_wakayama_omi_pedigree_analysis/data/fastqs/n91_1.fq.gz,/Users/shohei-noda/git/proj_wakayama_omi_pedigree_analysis/data/fastqs/n91_2.fq.gz
n92,/Users/shohei-noda/git/proj_wakayama_omi_pedigree_analysis/data/fastqs/n92_1.fq.gz,/Users/shohei-noda/git/proj_wakayama_omi_pedigree_analysis/data/fastqs/n92_2.fq.gz
n93,/Users/shohei-noda/git/proj_wakayama_omi_pedigree_analysis/data/fastqs/n93_1.fq.gz,/Users/shohei-noda/git/proj_wakayama_omi_pedigree_analysis/data/fastqs/n93_2.fq.gz
n94,/Users/shohei-noda/git/proj_wakayama_omi_pedigree_analysis/data/fastqs/n94_1.fq.gz,/Users/shohei-noda/git/proj_wakayama_omi_pedigree_analysis/data/fastqs/n94_2.fq.gz
n95,/Users/shohei-noda/git/proj_wakayama_omi_pedigree_analysis/data/fastqs/n95_1.fq.gz,/Users/shohei-noda/git/proj_wakayama_omi_pedigree_analysis/data/fastqs/n95_2.fq.gz
n96,/Users/shohei-noda/git/proj_wakayama_omi_pedigree_analysis/data/fastqs/n96_1.fq.gz,/Users/shohei-noda/git/proj_wakayama_omi_pedigree_analysis/data/fastqs/n96_2.fq.gz
n97,/Users/shohei-noda/git/proj_wakayama_omi_pedigree_analysis/data/fastqs/n97_1.fq.gz,/Users/shohei-noda/git/proj_wakayama_omi_pedigree_analysis/data/fastqs/n97_2.fq.gz
n98,/Users/shohei-noda/git/proj_wakayama_omi_pedigree_analysis/data/fastqs/n98_1.fq.gz,/Users/shohei-noda/git/proj_wakayama_omi_pedigree_analysis/data/fastqs/n98_2.fq.gz
n99,/Users/shohei-noda/git/proj_wakayama_omi_pedigree_analysis/data/fastqs/n99_1.fq.gz,/Users/shohei-noda/git/proj_wakayama_omi_pedigree_analysis/data/fastqs/n99_2.fq.gz
n100,/Users/shohei-noda/git/proj_wakayama_omi_pedigree_analysis/data/fastqs/n100_1.fq.gz,/Users/shohei-noda/git/proj_wakayama_omi_pedigree_analysis/data/fastqs/n100_2.fq.gz
n101,/Users/shohei-noda/git/proj_wakayama_omi_pedigree_analysis/data/fastqs/n101_1.fq.gz,/Users/shohei-noda/git/proj_wakayama_omi_pedigree_analysis/data/fastqs/n101_2.fq.gz
n102,/Users/shohei-noda/git/proj_wakayama_omi_pedigree_analysis/data/fastqs/n102_1.fq.gz,/Users/shohei-noda/git/proj_wakayama_omi_pedigree_analysis/data/fastqs/n102_2.fq.gz
n103,/Users/shohei-noda/git/proj_wakayama_omi_pedigree_analysis/data/fastqs/n103_1.fq.gz,/Users/shohei-noda/git/proj_wakayama_omi_pedigree_analysis/data/fastqs/n103_2.fq.gz
n104,/Users/shohei-noda/git/proj_wakayama_omi_pedigree_analysis/data/fastqs/n104_1.fq.gz,/Users/shohei-noda/git/proj_wakayama_omi_pedigree_analysis/data/fastqs/n104_2.fq.gz
n105,/Users/shohei-noda/git/proj_wakayama_omi_pedigree_analysis/data/fastqs/n105_1.fq.gz,/Users/shohei-noda/git/proj_wakayama_omi_pedigree_analysis/data/fastqs/n105_2.fq.gz
n106,/Users/shohei-noda/git/proj_wakayama_omi_pedigree_analysis/data/fastqs/n106_1.fq.gz,/Users/shohei-noda/git/proj_wakayama_omi_pedigree_analysis/data/fastqs/n106_2.fq.gz
n107,/Users/shohei-noda/git/proj_wakayama_omi_pedigree_analysis/data/fastqs/n107_1.fq.gz,/Users/shohei-noda/git/proj_wakayama_omi_pedigree_analysis/data/fastqs/n107_2.fq.gz
n108,/Users/shohei-noda/git/proj_wakayama_omi_pedigree_analysis/data/fastqs/n108_1.fq.gz,/Users/shohei-noda/git/proj_wakayama_omi_pedigree_analysis/data/fastqs/n108_2.fq.gz
n109,/Users/shohei-noda/git/proj_wakayama_omi_pedigree_analysis/data/fastqs/n109_1.fq.gz,/Users/shohei-noda/git/proj_wakayama_omi_pedigree_analysis/data/fastqs/n109_2.fq.gz
n110,/Users/shohei-noda/git/proj_wakayama_omi_pedigree_analysis/data/fastqs/n110_1.fq.gz,/Users/shohei-noda/git/proj_wakayama_omi_pedigree_analysis/data/fastqs/n110_2.fq.gz
n111,/Users/shohei-noda/git/proj_wakayama_omi_pedigree_analysis/data/fastqs/n111_1.fq.gz,/Users/shohei-noda/git/proj_wakayama_omi_pedigree_analysis/data/fastqs/n111_2.fq.gz
n112,/Users/shohei-noda/git/proj_wakayama_omi_pedigree_analysis/data/fastqs/n112_1.fq.gz,/Users/shohei-noda/git/proj_wakayama_omi_pedigree_analysis/data/fastqs/n112_2.fq.gz
n113,/Users/shohei-noda/git/proj_wakayama_omi_pedigree_analysis/data/fastqs/n113_1.fq.gz,/Users/shohei-noda/git/proj_wakayama_omi_pedigree_analysis/data/fastqs/n113_2.fq.gz
n114,/Users/shohei-noda/git/proj_wakayama_omi_pedigree_analysis/data/fastqs/n114_1.fq.gz,/Users/shohei-noda/git/proj_wakayama_omi_pedigree_analysis/data/fastqs/n114_2.fq.gz
n115,/Users/shohei-noda/git/proj_wakayama_omi_pedigree_analysis/data/fastqs/n115_1.fq.gz,/Users/shohei-noda/git/proj_wakayama_omi_pedigree_analysis/data/fastqs/n115_2.fq.gz
n116,/Users/shohei-noda/git/proj_wakayama_omi_pedigree_analysis/data/fastqs/n116_1.fq.gz,/Users/shohei-noda/git/proj_wakayama_omi_pedigree_analysis/data/fastqs/n116_2.fq.gz
n117,/Users/shohei-noda/git/proj_wakayama_omi_pedigree_analysis/data/fastqs/n117_1.fq.gz,/Users/shohei-noda/git/proj_wakayama_omi_pedigree_analysis/data/fastqs/n117_2.fq.gz
n118,/Users/shohei-noda/git/proj_wakayama_omi_pedigree_analysis/data/fastqs/n118_1.fq.gz,/Users/shohei-noda/git/proj_wakayama_omi_pedigree_analysis/data/fastqs/n118_2.fq.gz
n119,/Users/shohei-noda/git/proj_wakayama_omi_pedigree_analysis/data/fastqs/n119_1.fq.gz,/Users/shohei-noda/git/proj_wakayama_omi_pedigree_analysis/data/fastqs/n119_2.fq.gz
n120,/Users/shohei-noda/git/proj_wakayama_omi_pedigree_analysis/data/fastqs/n120_1.fq.gz,/Users/shohei-noda/git/proj_wakayama_omi_pedigree_analysis/data/fastqs/n120_2.fq.gz
n121,/Users/shohei-noda/git/proj_wakayama_omi_pedigree_analysis/data/fastqs/n121_1.fq.gz,/Users/shohei-noda/git/proj_wakayama_omi_pedigree_analysis/data/fastqs/n121_2.fq.gz
n122,/Users/shohei-noda/git/proj_wakayama_omi_pedigree_analysis/data/fastqs/n122_1.fq.gz,/Users/shohei-noda/git/proj_wakayama_omi_pedigree_analysis/data/fastqs/n122_2.fq.gz
n123,/Users/shohei-noda/git/proj_wakayama_omi_pedigree_analysis/data/fastqs/n123_1.fq.gz,/Users/shohei-noda/git/proj_wakayama_omi_pedigree_analysis/data/fastqs/n123_2.fq.gz
n124,/Users/shohei-noda/git/proj_wakayama_omi_pedigree_analysis/data/fastqs/n124_1.fq.gz,/Users/shohei-noda/git/proj_wakayama_omi_pedigree_analysis/data/fastqs/n124_2.fq.gz
n125,/Users/shohei-noda/git/proj_wakayama_omi_pedigree_analysis/data/fastqs/n125_1.fq.gz,/Users/shohei-noda/git/proj_wakayama_omi_pedigree_analysis/data/fastqs/n125_2.fq.gz
n126,/Users/shohei-noda/git/proj_wakayama_omi_pedigree_analysis/data/fastqs/n126_1.fq.gz,/Users/shohei-noda/git/proj_wakayama_omi_pedigree_analysis/data/fastqs/n126_2.fq.gz
n127,/Users/shohei-noda/git/proj_wakayama_omi_pedigree_analysis/data/fastqs/n127_1.fq.gz,/Users/shohei-noda/git/proj_wakayama_omi_pedigree_analysis/data/fastqs/n127_2.fq.gz
n128,/Users/shohei-noda/git/proj_wakayama_omi_pedigree_analysis/data/fastqs/n128_1.fq.gz,/Users/shohei-noda/git/proj_wakayama_omi_pedigree_analysis/data/fastqs/n128_2.fq.gz
n129,/Users/shohei-noda/git/proj_wakayama_omi_pedigree_analysis/data/fastqs/n129_1.fq.gz,/Users/shohei-noda/git/proj_wakayama_omi_pedigree_analysis/data/fastqs/n129_2.fq.gz
n130,/Users/shohei-noda/git/proj_wakayama_omi_pedigree_analysis/data/fastqs/n130_1.fq.gz,/Users/shohei-noda/git/proj_wakayama_omi_pedigree_analysis/data/fastqs/n130_2.fq.gz
n131,/Users/shohei-noda/git/proj_wakayama_omi_pedigree_analysis/data/fastqs/n131_1.fq.gz,/Users/shohei-noda/git/proj_wakayama_omi_pedigree_analysis/data/fastqs/n131_2.fq.gz
n132,/Users/shohei-noda/git/proj_wakayama_omi_pedigree_analysis/data/fastqs/n132_1.fq.gz,/Users/shohei-noda/git/proj_wakayama_omi_pedigree_analysis/data/fastqs/n132_2.fq.gz
n133,/Users/shohei-noda/git/proj_wakayama_omi_pedigree_analysis/data/fastqs/n133_1.fq.gz,/Users/shohei-noda/git/proj_wakayama_omi_pedigree_analysis/data/fastqs/n133_2.fq.gz
n134,/Users/shohei-noda/git/proj_wakayama_omi_pedigree_analysis/data/fastqs/n134_1.fq.gz,/Users/shohei-noda/git/proj_wakayama_omi_pedigree_analysis/data/fastqs/n134_2.fq.gz
n135,/Users/shohei-noda/git/proj_wakayama_omi_pedigree_analysis/data/fastqs/n135_1.fq.gz,/Users/shohei-noda/git/proj_wakayama_omi_pedigree_analysis/data/fastqs/n135_2.fq.gz
n136,/Users/shohei-noda/git/proj_wakayama_omi_pedigree_analysis/data/fastqs/n136_1.fq.gz,/Users/shohei-noda/git/proj_wakayama_omi_pedigree_analysis/data/fastqs/n136_2.fq.gz
n137,/Users/shohei-noda/git/proj_wakayama_omi_pedigree_analysis/data/fastqs/n137_1.fq.gz,/Users/shohei-noda/git/proj_wakayama_omi_pedigree_analysis/data/fastqs/n137_2.fq.gz
n138,/Users/shohei-noda/git/proj_wakayama_omi_pedigree_analysis/data/fastqs/n138_1.fq.gz,/Users/shohei-noda/git/proj_wakayama_omi_pedigree_analysis/data/fastqs/n138_2.fq.gz
n139,/Users/shohei-noda/git/proj_wakayama_omi_pedigree_analysis/data/fastqs/n139_1.fq.gz,/Users/shohei-noda/git/proj_wakayama_omi_pedigree_analysis/data/fastqs/n139_2.fq.gz
n140,/Users/shohei-noda/git/proj_wakayama_omi_pedigree_analysis/data/fastqs/n140_1.fq.gz,/Users/shohei-noda/git/proj_wakayama_omi_pedigree_analysis/data/fastqs/n140_2.fq.gz
n141,/Users/shohei-noda/git/proj_wakayama_omi_pedigree_analysis/data/fastqs/n141_1.fq.gz,/Users/shohei-noda/git/proj_wakayama_omi_pedigree_analysis/data/fastqs/n141_2.fq.gz
n142,/Users/shohei-noda/git/proj_wakayama_omi_pedigree_analysis/data/fastqs/n142_1.fq.gz,/Users/shohei-noda/git/proj_wakayama_omi_pedigree_analysis/data/fastqs/n142_2.fq.gz
n143,/Users/shohei-noda/git/proj_wakayama_omi_pedigree_analysis/data/fastqs/n143_1.fq.gz,/Users/shohei-noda/git/proj_wakayama_omi_pedigree_analysis/data/fastqs/n143_2.fq.gz
n144,/Users/shohei-noda/git/proj_wakayama_omi_pedigree_analysis/data/fastqs/n144_1.fq.gz,/Users/shohei-noda/git/proj_wakayama_omi_pedigree_analysis/data/fastqs/n144_2.fq.gz
n145,/Users/shohei-noda/git/proj_wakayama_omi_pedigree_analysis/data/fastqs/n145_1.fq.gz,/Users/shohei-noda/git/proj_wakayama_omi_pedigree_analysis/data/fastqs/n145_2.fq.gz
n146,/Users/shohei-noda/git/proj_wakayama_omi_pedigree_analysis/data/fastqs/n146_1.fq.gz,/Users/shohei-noda/git/proj_wakayama_omi_pedigree_analysis/data/fastqs/n146_2.fq.gz
n147,/Users/shohei-noda/git/proj_wakayama_omi_pedigree_analysis/data/fastqs/n147_1.fq.gz,/Users/shohei-noda/git/proj_wakayama_omi_pedigree_analysis/data/fastqs/n147_2.fq.gz
n148,/Users/shohei-noda/git/proj_wakayama_omi_pedigree_analysis/data/fastqs/n148_1.fq.gz,/Users/shohei-noda/git/proj_wakayama_omi_pedigree_analysis/data/fastqs/n148_2.fq.gz
n150,/Users/shohei-noda/git/proj_wakayama_omi_pedigree_analysis/data/fastqs/n150_1.fq.gz,/Users/shohei-noda/git/proj_wakayama_omi_pedigree_analysis/data/fastqs/n150_2.fq.gz
n152,/Users/shohei-noda/git/proj_wakayama_omi_pedigree_analysis/data/fastqs/n152_1.fq.gz,/Users/shohei-noda/git/proj_wakayama_omi_pedigree_analysis/data/fastqs/n152_2.fq.gz
n153,/Users/shohei-noda/git/proj_wakayama_omi_pedigree_analysis/data/fastqs/n153_1.fq.gz,/Users/shohei-noda/git/proj_wakayama_omi_pedigree_analysis/data/fastqs/n153_2.fq.gz
n158,/Users/shohei-noda/git/proj_wakayama_omi_pedigree_analysis/data/fastqs/n158_1.fq.gz,/Users/shohei-noda/git/proj_wakayama_omi_pedigree_analysis/data/fastqs/n158_2.fq.gz
n159,/Users/shohei-noda/git/proj_wakayama_omi_pedigree_analysis/data/fastqs/n159_1.fq.gz,/Users/shohei-noda/git/proj_wakayama_omi_pedigree_analysis/data/fastqs/n159_2.fq.gz
n160,/Users/shohei-noda/git/proj_wakayama_omi_pedigree_analysis/data/fastqs/n160_1.fq.gz,/Users/shohei-noda/git/proj_wakayama_omi_pedigree_analysis/data/fastqs/n160_2.fq.gz
n161,/Users/shohei-noda/git/proj_wakayama_omi_pedigree_analysis/data/fastqs/n161_1.fq.gz,/Users/shohei-noda/git/proj_wakayama_omi_pedigree_analysis/data/fastqs/n161_2.fq.gz
n163,/Users/shohei-noda/git/proj_wakayama_omi_pedigree_analysis/data/fastqs/n163_1.fq.gz,/Users/shohei-noda/git/proj_wakayama_omi_pedigree_analysis/data/fastqs/n163_2.fq.gz
n164,/Users/shohei-noda/git/proj_wakayama_omi_pedigree_analysis/data/fastqs/n164_1.fq.gz,/Users/shohei-noda/git/proj_wakayama_omi_pedigree_analysis/data/fastqs/n164_2.fq.gz
n166,/Users/shohei-noda/git/proj_wakayama_omi_pedigree_analysis/data/fastqs/n166_1.fq.gz,/Users/shohei-noda/git/proj_wakayama_omi_pedigree_analysis/data/fastqs/n166_2.fq.gz
n167,/Users/shohei-noda/git/proj_wakayama_omi_pedigree_analysis/data/fastqs/n167_1.fq.gz,/Users/shohei-noda/git/proj_wakayama_omi_pedigree_analysis/data/fastqs/n167_2.fq.gz
n170,/Users/shohei-noda/git/proj_wakayama_omi_pedigree_analysis/data/fastqs/n170_1.fq.gz,/Users/shohei-noda/git/proj_wakayama_omi_pedigree_analysis/data/fastqs/n170_2.fq.gz
n171,/Users/shohei-noda/git/proj_wakayama_omi_pedigree_analysis/data/fastqs/n171_1.fq.gz,/Users/shohei-noda/git/proj_wakayama_omi_pedigree_analysis/data/fastqs/n171_2.fq.gz
n172,/Users/shohei-noda/git/proj_wakayama_omi_pedigree_analysis/data/fastqs/n172_1.fq.gz,/Users/shohei-noda/git/proj_wakayama_omi_pedigree_analysis/data/fastqs/n172_2.fq.gz
n173,/Users/shohei-noda/git/proj_wakayama_omi_pedigree_analysis/data/fastqs/n173_1.fq.gz,/Users/shohei-noda/git/proj_wakayama_omi_pedigree_analysis/data/fastqs/n173_2.fq.gz
n174,/Users/shohei-noda/git/proj_wakayama_omi_pedigree_analysis/data/fastqs/n174_1.fq.gz,/Users/shohei-noda/git/proj_wakayama_omi_pedigree_analysis/data/fastqs/n174_2.fq.gz
n175,/Users/shohei-noda/git/proj_wakayama_omi_pedigree_analysis/data/fastqs/n175_1.fq.gz,/Users/shohei-noda/git/proj_wakayama_omi_pedigree_analysis/data/fastqs/n175_2.fq.gz
n176,/Users/shohei-noda/git/proj_wakayama_omi_pedigree_analysis/data/fastqs/n176_1.fq.gz,/Users/shohei-noda/git/proj_wakayama_omi_pedigree_analysis/data/fastqs/n176_2.fq.gz
n177,/Users/shohei-noda/git/proj_wakayama_omi_pedigree_analysis/data/fastqs/n177_1.fq.gz,/Users/shohei-noda/git/proj_wakayama_omi_pedigree_analysis/data/fastqs/n177_2.fq.gz
n178,/Users/shohei-noda/git/proj_wakayama_omi_pedigree_analysis/data/fastqs/n178_1.fq.gz,/Users/shohei-noda/git/proj_wakayama_omi_pedigree_analysis/data/fastqs/n178_2.fq.gz
n179,/Users/shohei-noda/git/proj_wakayama_omi_pedigree_analysis/data/fastqs/n179_1.fq.gz,/Users/shohei-noda/git/proj_wakayama_omi_pedigree_analysis/data/fastqs/n179_2.fq.gz
n180,/Users/shohei-noda/git/proj_wakayama_omi_pedigree_analysis/data/fastqs/n180_1.fq.gz,/Users/shohei-noda/git/proj_wakayama_omi_pedigree_analysis/data/fastqs/n180_2.fq.gz
n181,/Users/shohei-noda/git/proj_wakayama_omi_pedigree_analysis/data/fastqs/n181_1.fq.gz,/Users/shohei-noda/git/proj_wakayama_omi_pedigree_analysis/data/fastqs/n181_2.fq.gz
n182,/Users/shohei-noda/git/proj_wakayama_omi_pedigree_analysis/data/fastqs/n182_1.fq.gz,/Users/shohei-noda/git/proj_wakayama_omi_pedigree_analysis/data/fastqs/n182_2.fq.gz
n183,/Users/shohei-noda/git/proj_wakayama_omi_pedigree_analysis/data/fastqs/n183_1.fq.gz,/Users/shohei-noda/git/proj_wakayama_omi_pedigree_analysis/data/fastqs/n183_2.fq.gz
n184,/Users/shohei-noda/git/proj_wakayama_omi_pedigree_analysis/data/fastqs/n184_1.fq.gz,/Users/shohei-noda/git/proj_wakayama_omi_pedigree_analysis/data/fastqs/n184_2.fq.gz
n185,/Users/shohei-noda/git/proj_wakayama_omi_pedigree_analysis/data/fastqs/n185_1.fq.gz,/Users/shohei-noda/git/proj_wakayama_omi_pedigree_analysis/data/fastqs/n185_2.fq.gz
n186,/Users/shohei-noda/git/proj_wakayama_omi_pedigree_analysis/data/fastqs/n186_1.fq.gz,/Users/shohei-noda/git/proj_wakayama_omi_pedigree_analysis/data/fastqs/n186_2.fq.gz
n187,/Users/shohei-noda/git/proj_wakayama_omi_pedigree_analysis/data/fastqs/n187_1.fq.gz,/Users/shohei-noda/git/proj_wakayama_omi_pedigree_analysis/data/fastqs/n187_2.fq.gz
n188,/Users/shohei-noda/git/proj_wakayama_omi_pedigree_analysis/data/fastqs/n188_1.fq.gz,/Users/shohei-noda/git/proj_wakayama_omi_pedigree_analysis/data/fastqs/n188_2.fq.gz
n189,/Users/shohei-noda/git/proj_wakayama_omi_pedigree_analysis/data/fastqs/n189_1.fq.gz,/Users/shohei-noda/git/proj_wakayama_omi_pedigree_analysis/data/fastqs/n189_2.fq.gz
n191,/Users/shohei-noda/git/proj_wakayama_omi_pedigree_analysis/data/fastqs/n191_1.fq.gz,/Users/shohei-noda/git/proj_wakayama_omi_pedigree_analysis/data/fastqs/n191_2.fq.gz
n193,/Users/shohei-noda/git/proj_wakayama_omi_pedigree_analysis/data/fastqs/n193_1.fq.gz,/Users/shohei-noda/git/proj_wakayama_omi_pedigree_analysis/data/fastqs/n193_2.fq.gz
n194,/Users/shohei-noda/git/proj_wakayama_omi_pedigree_analysis/data/fastqs/n194_1.fq.gz,/Users/shohei-noda/git/proj_wakayama_omi_pedigree_analysis/data/fastqs/n194_2.fq.gz
n195,/Users/shohei-noda/git/proj_wakayama_omi_pedigree_analysis/data/fastqs/n195_1.fq.gz,/Users/shohei-noda/git/proj_wakayama_omi_pedigree_analysis/data/fastqs/n195_2.fq.gz
n196,/Users/shohei-noda/git/proj_wakayama_omi_pedigree_analysis/data/fastqs/n196_1.fq.gz,/Users/shohei-noda/git/proj_wakayama_omi_pedigree_analysis/data/fastqs/n196_2.fq.gz
n197,/Users/shohei-noda/git/proj_wakayama_omi_pedigree_analysis/data/fastqs/n197_1.fq.gz,/Users/shohei-noda/git/proj_wakayama_omi_pedigree_analysis/data/fastqs/n197_2.fq.gz
n198,/Users/shohei-noda/git/proj_wakayama_omi_pedigree_analysis/data/fastqs/n198_1.fq.gz,/Users/shohei-noda/git/proj_wakayama_omi_pedigree_analysis/data/fastqs/n198_2.fq.gz
n199,/Users/shohei-noda/git/proj_wakayama_omi_pedigree_analysis/data/fastqs/n199_1.fq.gz,/Users/shohei-noda/git/proj_wakayama_omi_pedigree_analysis/data/fastqs/n199_2.fq.gz
n200,/Users/shohei-noda/git/proj_wakayama_omi_pedigree_analysis/data/fastqs/n200_1.fq.gz,/Users/shohei-noda/git/proj_wakayama_omi_pedigree_analysis/data/fastqs/n200_2.fq.gz
n202,/Users/shohei-noda/git/proj_wakayama_omi_pedigree_analysis/data/fastqs/n202_1.fq.gz,/Users/shohei-noda/git/proj_wakayama_omi_pedigree_analysis/data/fastqs/n202_2.fq.gz
n204,/Users/shohei-noda/git/proj_wakayama_omi_pedigree_analysis/data/fastqs/n204_1.fq.gz,/Users/shohei-noda/git/proj_wakayama_omi_pedigree_analysis/data/fastqs/n204_2.fq.gz
n205,/Users/shohei-noda/git/proj_wakayama_omi_pedigree_analysis/data/fastqs/n205_1.fq.gz,/Users/shohei-noda/git/proj_wakayama_omi_pedigree_analysis/data/fastqs/n205_2.fq.gz
n206,/Users/shohei-noda/git/proj_wakayama_omi_pedigree_analysis/data/fastqs/n206_1.fq.gz,/Users/shohei-noda/git/proj_wakayama_omi_pedigree_analysis/data/fastqs/n206_2.fq.gz
n207,/Users/shohei-noda/git/proj_wakayama_omi_pedigree_analysis/data/fastqs/n207_1.fq.gz,/Users/shohei-noda/git/proj_wakayama_omi_pedigree_analysis/data/fastqs/n207_2.fq.gz
n208,/Users/shohei-noda/git/proj_wakayama_omi_pedigree_analysis/data/fastqs/n208_1.fq.gz,/Users/shohei-noda/git/proj_wakayama_omi_pedigree_analysis/data/fastqs/n208_2.fq.gz
n209,/Users/shohei-noda/git/proj_wakayama_omi_pedigree_analysis/data/fastqs/n209_1.fq.gz,/Users/shohei-noda/git/proj_wakayama_omi_pedigree_analysis/data/fastqs/n209_2.fq.gz
n210,/Users/shohei-noda/git/proj_wakayama_omi_pedigree_analysis/data/fastqs/n210_1.fq.gz,/Users/shohei-noda/git/proj_wakayama_omi_pedigree_analysis/data/fastqs/n210_2.fq.gz
n211,/Users/shohei-noda/git/proj_wakayama_omi_pedigree_analysis/data/fastqs/n211_1.fq.gz,/Users/shohei-noda/git/proj_wakayama_omi_pedigree_analysis/data/fastqs/n211_2.fq.gz
n212,/Users/shohei-noda/git/proj_wakayama_omi_pedigree_analysis/data/fastqs/n212_1.fq.gz,/Users/shohei-noda/git/proj_wakayama_omi_pedigree_analysis/data/fastqs/n212_2.fq.gz
n213,/Users/shohei-noda/git/proj_wakayama_omi_pedigree_analysis/data/fastqs/n213_1.fq.gz,/Users/shohei-noda/git/proj_wakayama_omi_pedigree_analysis/data/fastqs/n213_2.fq.gz
n214,/Users/shohei-noda/git/proj_wakayama_omi_pedigree_analysis/data/fastqs/n214_1.fq.gz,/Users/shohei-noda/git/proj_wakayama_omi_pedigree_analysis/data/fastqs/n214_2.fq.gz
n216,/Users/shohei-noda/git/proj_wakayama_omi_pedigree_analysis/data/fastqs/n216_1.fq.gz,/Users/shohei-noda/git/proj_wakayama_omi_pedigree_analysis/data/fastqs/n216_2.fq.gz
n217,/Users/shohei-noda/git/proj_wakayama_omi_pedigree_analysis/data/fastqs/n217_1.fq.gz,/Users/shohei-noda/git/proj_wakayama_omi_pedigree_analysis/data/fastqs/n217_2.fq.gz
n218,/Users/shohei-noda/git/proj_wakayama_omi_pedigree_analysis/data/fastqs/n218_1.fq.gz,/Users/shohei-noda/git/proj_wakayama_omi_pedigree_analysis/data/fastqs/n218_2.fq.gz
n219,/Users/shohei-noda/git/proj_wakayama_omi_pedigree_analysis/data/fastqs/n219_1.fq.gz,/Users/shohei-noda/git/proj_wakayama_omi_pedigree_analysis/data/fastqs/n219_2.fq.gz
n220,/Users/shohei-noda/git/proj_wakayama_omi_pedigree_analysis/data/fastqs/n220_1.fq.gz,/Users/shohei-noda/git/proj_wakayama_omi_pedigree_analysis/data/fastqs/n220_2.fq.gz
n221,/Users/shohei-noda/git/proj_wakayama_omi_pedigree_analysis/data/fastqs/n221_1.fq.gz,/Users/shohei-noda/git/proj_wakayama_omi_pedigree_analysis/data/fastqs/n221_2.fq.gz
n222,/Users/shohei-noda/git/proj_wakayama_omi_pedigree_analysis/data/fastqs/n222_1.fq.gz,/Users/shohei-noda/git/proj_wakayama_omi_pedigree_analysis/data/fastqs/n222_2.fq.gz
n223,/Users/shohei-noda/git/proj_wakayama_omi_pedigree_analysis/data/fastqs/n223_1.fq.gz,/Users/shohei-noda/git/proj_wakayama_omi_pedigree_analysis/data/fastqs/n223_2.fq.gz
n224,/Users/shohei-noda/git/proj_wakayama_omi_pedigree_analysis/data/fastqs/n224_1.fq.gz,/Users/shohei-noda/git/proj_wakayama_omi_pedigree_analysis/data/fastqs/n224_2.fq.gz
n225,/Users/shohei-noda/git/proj_wakayama_omi_pedigree_analysis/data/fastqs/n225_1.fq.gz,/Users/shohei-noda/git/proj_wakayama_omi_pedigree_analysis/data/fastqs/n225_2.fq.gz
n226,/Users/shohei-noda/git/proj_wakayama_omi_pedigree_analysis/data/fastqs/n226_1.fq.gz,/Users/shohei-noda/git/proj_wakayama_omi_pedigree_analysis/data/fastqs/n226_2.fq.gz
n227,/Users/shohei-noda/git/proj_wakayama_omi_pedigree_analysis/data/fastqs/n227_1.fq.gz,/Users/shohei-noda/git/proj_wakayama_omi_pedigree_analysis/data/fastqs/n227_2.fq.gz
n229,/Users/shohei-noda/git/proj_wakayama_omi_pedigree_analysis/data/fastqs/n229_1.fq.gz,/Users/shohei-noda/git/proj_wakayama_omi_pedigree_analysis/data/fastqs/n229_2.fq.gz
n230,/Users/shohei-noda/git/proj_wakayama_omi_pedigree_analysis/data/fastqs/n230_1.fq.gz,/Users/shohei-noda/git/proj_wakayama_omi_pedigree_analysis/data/fastqs/n230_2.fq.gz
n231,/Users/shohei-noda/git/proj_wakayama_omi_pedigree_analysis/data/fastqs/n231_1.fq.gz,/Users/shohei-noda/git/proj_wakayama_omi_pedigree_analysis/data/fastqs/n231_2.fq.gz
n232,/Users/shohei-noda/git/proj_wakayama_omi_pedigree_analysis/data/fastqs/n232_1.fq.gz,/Users/shohei-noda/git/proj_wakayama_omi_pedigree_analysis/data/fastqs/n232_2.fq.gz
n233,/Users/shohei-noda/git/proj_wakayama_omi_pedigree_analysis/data/fastqs/n233_1.fq.gz,/Users/shohei-noda/git/proj_wakayama_omi_pedigree_analysis/data/fastqs/n233_2.fq.gz
n234,/Users/shohei-noda/git/proj_wakayama_omi_pedigree_analysis/data/fastqs/n234_1.fq.gz,/Users/shohei-noda/git/proj_wakayama_omi_pedigree_analysis/data/fastqs/n234_2.fq.gz
n235,/Users/shohei-noda/git/proj_wakayama_omi_pedigree_analysis/data/fastqs/n235_1.fq.gz,/Users/shohei-noda/git/proj_wakayama_omi_pedigree_analysis/data/fastqs/n235_2.fq.gz
n236,/Users/shohei-noda/git/proj_wakayama_omi_pedigree_analysis/data/fastqs/n236_1.fq.gz,/Users/shohei-noda/git/proj_wakayama_omi_pedigree_analysis/data/fastqs/n236_2.fq.gz
n237,/Users/shohei-noda/git/proj_wakayama_omi_pedigree_analysis/data/fastqs/n237_1.fq.gz,/Users/shohei-noda/git/proj_wakayama_omi_pedigree_analysis/data/fastqs/n237_2.fq.gz
n238,/Users/shohei-noda/git/proj_wakayama_omi_pedigree_analysis/data/fastqs/n238_1.fq.gz,/Users/shohei-noda/git/proj_wakayama_omi_pedigree_analysis/data/fastqs/n238_2.fq.gz
n239,/Users/shohei-noda/git/proj_wakayama_omi_pedigree_analysis/data/fastqs/n239_1.fq.gz,/Users/shohei-noda/git/proj_wakayama_omi_pedigree_analysis/data/fastqs/n239_2.fq.gz
n240,/Users/shohei-noda/git/proj_wakayama_omi_pedigree_analysis/data/fastqs/n240_1.fq.gz,/Users/shohei-noda/git/proj_wakayama_omi_pedigree_analysis/data/fastqs/n240_2.fq.gz
n242,/Users/shohei-noda/git/proj_wakayama_omi_pedigree_analysis/data/fastqs/n242_1.fq.gz,/Users/shohei-noda/git/proj_wakayama_omi_pedigree_analysis/data/fastqs/n242_2.fq.gz
n243,/Users/shohei-noda/git/proj_wakayama_omi_pedigree_analysis/data/fastqs/n243_1.fq.gz,/Users/shohei-noda/git/proj_wakayama_omi_pedigree_analysis/data/fastqs/n243_2.fq.gz
n244,/Users/shohei-noda/git/proj_wakayama_omi_pedigree_analysis/data/fastqs/n244_1.fq.gz,/Users/shohei-noda/git/proj_wakayama_omi_pedigree_analysis/data/fastqs/n244_2.fq.gz
n245,/Users/shohei-noda/git/proj_wakayama_omi_pedigree_analysis/data/fastqs/n245_1.fq.gz,/Users/shohei-noda/git/proj_wakayama_omi_pedigree_analysis/data/fastqs/n245_2.fq.gz
n246,/Users/shohei-noda/git/proj_wakayama_omi_pedigree_analysis/data/fastqs/n246_1.fq.gz,/Users/shohei-noda/git/proj_wakayama_omi_pedigree_analysis/data/fastqs/n246_2.fq.gz
n248,/Users/shohei-noda/git/proj_wakayama_omi_pedigree_analysis/data/fastqs/n248_1.fq.gz,/Users/shohei-noda/git/proj_wakayama_omi_pedigree_analysis/data/fastqs/n248_2.fq.gz
n249,/Users/shohei-noda/git/proj_wakayama_omi_pedigree_analysis/data/fastqs/n249_1.fq.gz,/Users/shohei-noda/git/proj_wakayama_omi_pedigree_analysis/data/fastqs/n249_2.fq.gz
n250,/Users/shohei-noda/git/proj_wakayama_omi_pedigree_analysis/data/fastqs/n250_1.fq.gz,/Users/shohei-noda/git/proj_wakayama_omi_pedigree_analysis/data/fastqs/n250_2.fq.gz
n252,/Users/shohei-noda/git/proj_wakayama_omi_pedigree_analysis/data/fastqs/n252_1.fq.gz,/Users/shohei-noda/git/proj_wakayama_omi_pedigree_analysis/data/fastqs/n252_2.fq.gz
U450,/Users/shohei-noda/git/proj_wakayama_omi_pedigree_analysis/data/fastqs/U450_1.fq.gz,/Users/shohei-noda/git/proj_wakayama_omi_pedigree_analysis/data/fastqs/U450_2.fq.gz
n254,/Users/shohei-noda/git/proj_wakayama_omi_pedigree_analysis/data/fastqs/n254_1.fq.gz,/Users/shohei-noda/git/proj_wakayama_omi_pedigree_analysis/data/fastqs/n254_2.fq.gz
n255,/Users/shohei-noda/git/proj_wakayama_omi_pedigree_analysis/data/fastqs/n255_1.fq.gz,/Users/shohei-noda/git/proj_wakayama_omi_pedigree_analysis/data/fastqs/n255_2.fq.gz
n257,/Users/shohei-noda/git/proj_wakayama_omi_pedigree_analysis/data/fastqs/n257_1.fq.gz,/Users/shohei-noda/git/proj_wakayama_omi_pedigree_analysis/data/fastqs/n257_2.fq.gz
n259,/Users/shohei-noda/git/proj_wakayama_omi_pedigree_analysis/data/fastqs/n259_1.fq.gz,/Users/shohei-noda/git/proj_wakayama_omi_pedigree_analysis/data/fastqs/n259_2.fq.gz
n262,/Users/shohei-noda/git/proj_wakayama_omi_pedigree_analysis/data/fastqs/n262_1.fq.gz,/Users/shohei-noda/git/proj_wakayama_omi_pedigree_analysis/data/fastqs/n262_2.fq.gz
n263,/Users/shohei-noda/git/proj_wakayama_omi_pedigree_analysis/data/fastqs/n263_1.fq.gz,/Users/shohei-noda/git/proj_wakayama_omi_pedigree_analysis/data/fastqs/n263_2.fq.gz
n264,/Users/shohei-noda/git/proj_wakayama_omi_pedigree_analysis/data/fastqs/n264_1.fq.gz,/Users/shohei-noda/git/proj_wakayama_omi_pedigree_analysis/data/fastqs/n264_2.fq.gz
n265,/Users/shohei-noda/git/proj_wakayama_omi_pedigree_analysis/data/fastqs/n265_1.fq.gz,/Users/shohei-noda/git/proj_wakayama_omi_pedigree_analysis/data/fastqs/n265_2.fq.gz
n266,/Users/shohei-noda/git/proj_wakayama_omi_pedigree_analysis/data/fastqs/n266_1.fq.gz,/Users/shohei-noda/git/proj_wakayama_omi_pedigree_analysis/data/fastqs/n266_2.fq.gz
n267,/Users/shohei-noda/git/proj_wakayama_omi_pedigree_analysis/data/fastqs/n267_1.fq.gz,/Users/shohei-noda/git/proj_wakayama_omi_pedigree_analysis/data/fastqs/n267_2.fq.gz
n268,/Users/shohei-noda/git/proj_wakayama_omi_pedigree_analysis/data/fastqs/n268_1.fq.gz,/Users/shohei-noda/git/proj_wakayama_omi_pedigree_analysis/data/fastqs/n268_2.fq.gz
n269,/Users/shohei-noda/git/proj_wakayama_omi_pedigree_analysis/data/fastqs/n269_1.fq.gz,/Users/shohei-noda/git/proj_wakayama_omi_pedigree_analysis/data/fastqs/n269_2.fq.gz
n270,/Users/shohei-noda/git/proj_wakayama_omi_pedigree_analysis/data/fastqs/n270_1.fq.gz,/Users/shohei-noda/git/proj_wakayama_omi_pedigree_analysis/data/fastqs/n270_2.fq.gz
n271,/Users/shohei-noda/git/proj_wakayama_omi_pedigree_analysis/data/fastqs/n271_1.fq.gz,/Users/shohei-noda/git/proj_wakayama_omi_pedigree_analysis/data/fastqs/n271_2.fq.gz
n273,/Users/shohei-noda/git/proj_wakayama_omi_pedigree_analysis/data/fastqs/n273_1.fq.gz,/Users/shohei-noda/git/proj_wakayama_omi_pedigree_analysis/data/fastqs/n273_2.fq.gz
n274,/Users/shohei-noda/git/proj_wakayama_omi_pedigree_analysis/data/fastqs/n274_1.fq.gz,/Users/shohei-noda/git/proj_wakayama_omi_pedigree_analysis/data/fastqs/n274_2.fq.gz
n275,/Users/shohei-noda/git/proj_wakayama_omi_pedigree_analysis/data/fastqs/n275_1.fq.gz,/Users/shohei-noda/git/proj_wakayama_omi_pedigree_analysis/data/fastqs/n275_2.fq.gz
n276,/Users/shohei-noda/git/proj_wakayama_omi_pedigree_analysis/data/fastqs/n276_1.fq.gz,/Users/shohei-noda/git/proj_wakayama_omi_pedigree_analysis/data/fastqs/n276_2.fq.gz
n278,/Users/shohei-noda/git/proj_wakayama_omi_pedigree_analysis/data/fastqs/n278_1.fq.gz,/Users/shohei-noda/git/proj_wakayama_omi_pedigree_analysis/data/fastqs/n278_2.fq.gz
n279,/Users/shohei-noda/git/proj_wakayama_omi_pedigree_analysis/data/fastqs/n279_1.fq.gz,/Users/shohei-noda/git/proj_wakayama_omi_pedigree_analysis/data/fastqs/n279_2.fq.gz
n280,/Users/shohei-noda/git/proj_wakayama_omi_pedigree_analysis/data/fastqs/n280_1.fq.gz,/Users/shohei-noda/git/proj_wakayama_omi_pedigree_analysis/data/fastqs/n280_2.fq.gz
n281,/Users/shohei-noda/git/proj_wakayama_omi_pedigree_analysis/data/fastqs/n281_1.fq.gz,/Users/shohei-noda/git/proj_wakayama_omi_pedigree_analysis/data/fastqs/n281_2.fq.gz
n282,/Users/shohei-noda/git/proj_wakayama_omi_pedigree_analysis/data/fastqs/n282_1.fq.gz,/Users/shohei-noda/git/proj_wakayama_omi_pedigree_analysis/data/fastqs/n282_2.fq.gz
n283,/Users/shohei-noda/git/proj_wakayama_omi_pedigree_analysis/data/fastqs/n283_1.fq.gz,/Users/shohei-noda/git/proj_wakayama_omi_pedigree_analysis/data/fastqs/n283_2.fq.gz
n284,/Users/shohei-noda/git/proj_wakayama_omi_pedigree_analysis/data/fastqs/n284_1.fq.gz,/Users/shohei-noda/git/proj_wakayama_omi_pedigree_analysis/data/fastqs/n284_2.fq.gz
n286,/Users/shohei-noda/git/proj_wakayama_omi_pedigree_analysis/data/fastqs/n286_1.fq.gz,/Users/shohei-noda/git/proj_wakayama_omi_pedigree_analysis/data/fastqs/n286_2.fq.gz
n287,/Users/shohei-noda/git/proj_wakayama_omi_pedigree_analysis/data/fastqs/n287_1.fq.gz,/Users/shohei-noda/git/proj_wakayama_omi_pedigree_analysis/data/fastqs/n287_2.fq.gz
n288,/Users/shohei-noda/git/proj_wakayama_omi_pedigree_analysis/data/fastqs/n288_1.fq.gz,/Users/shohei-noda/git/proj_wakayama_omi_pedigree_analysis/data/fastqs/n288_2.fq.gz
n289,/Users/shohei-noda/git/proj_wakayama_omi_pedigree_analysis/data/fastqs/n289_1.fq.gz,/Users/shohei-noda/git/proj_wakayama_omi_pedigree_analysis/data/fastqs/n289_2.fq.gz
n290,/Users/shohei-noda/git/proj_wakayama_omi_pedigree_analysis/data/fastqs/n290_1.fq.gz,/Users/shohei-noda/git/proj_wakayama_omi_pedigree_analysis/data/fastqs/n290_2.fq.gz
n293,/Users/shohei-noda/git/proj_wakayama_omi_pedigree_analysis/data/fastqs/n293_1.fq.gz,/Users/shohei-noda/git/proj_wakayama_omi_pedigree_analysis/data/fastqs/n293_2.fq.gz
n294,/Users/shohei-noda/git/proj_wakayama_omi_pedigree_analysis/data/fastqs/n294_1.fq.gz,/Users/shohei-noda/git/proj_wakayama_omi_pedigree_analysis/data/fastqs/n294_2.fq.gz
n295,/Users/shohei-noda/git/proj_wakayama_omi_pedigree_analysis/data/fastqs/n295_1.fq.gz,/Users/shohei-noda/git/proj_wakayama_omi_pedigree_analysis/data/fastqs/n295_2.fq.gz
n296,/Users/shohei-noda/git/proj_wakayama_omi_pedigree_analysis/data/fastqs/n296_1.fq.gz,/Users/shohei-noda/git/proj_wakayama_omi_pedigree_analysis/data/fastqs/n296_2.fq.gz
n297,/Users/shohei-noda/git/proj_wakayama_omi_pedigree_analysis/data/fastqs/n297_1.fq.gz,/Users/shohei-noda/git/proj_wakayama_omi_pedigree_analysis/data/fastqs/n297_2.fq.gz
n299,/Users/shohei-noda/git/proj_wakayama_omi_pedigree_analysis/data/fastqs/n299_1.fq.gz,/Users/shohei-noda/git/proj_wakayama_omi_pedigree_analysis/data/fastqs/n299_2.fq.gz
n300,/Users/shohei-noda/git/proj_wakayama_omi_pedigree_analysis/data/fastqs/n300_1.fq.gz,/Users/shohei-noda/git/proj_wakayama_omi_pedigree_analysis/data/fastqs/n300_2.fq.gz
n301,/Users/shohei-noda/git/proj_wakayama_omi_pedigree_analysis/data/fastqs/n301_1.fq.gz,/Users/shohei-noda/git/proj_wakayama_omi_pedigree_analysis/data/fastqs/n301_2.fq.gz
n302,/Users/shohei-noda/git/proj_wakayama_omi_pedigree_analysis/data/fastqs/n302_1.fq.gz,/Users/shohei-noda/git/proj_wakayama_omi_pedigree_analysis/data/fastqs/n302_2.fq.gz
n303,/Users/shohei-noda/git/proj_wakayama_omi_pedigree_analysis/data/fastqs/n303_1.fq.gz,/Users/shohei-noda/git/proj_wakayama_omi_pedigree_analysis/data/fastqs/n303_2.fq.gz
n304,/Users/shohei-noda/git/proj_wakayama_omi_pedigree_analysis/data/fastqs/n304_1.fq.gz,/Users/shohei-noda/git/proj_wakayama_omi_pedigree_analysis/data/fastqs/n304_2.fq.gz
n305,/Users/shohei-noda/git/proj_wakayama_omi_pedigree_analysis/data/fastqs/n305_1.fq.gz,/Users/shohei-noda/git/proj_wakayama_omi_pedigree_analysis/data/fastqs/n305_2.fq.gz
n307,/Users/shohei-noda/git/proj_wakayama_omi_pedigree_analysis/data/fastqs/n307_1.fq.gz,/Users/shohei-noda/git/proj_wakayama_omi_pedigree_analysis/data/fastqs/n307_2.fq.gz
n308,/Users/shohei-noda/git/proj_wakayama_omi_pedigree_analysis/data/fastqs/n308_1.fq.gz,/Users/shohei-noda/git/proj_wakayama_omi_pedigree_analysis/data/fastqs/n308_2.fq.gz
n309,/Users/shohei-noda/git/proj_wakayama_omi_pedigree_analysis/data/fastqs/n309_1.fq.gz,/Users/shohei-noda/git/proj_wakayama_omi_pedigree_analysis/data/fastqs/n309_2.fq.gz
n311,/Users/shohei-noda/git/proj_wakayama_omi_pedigree_analysis/data/fastqs/n311_1.fq.gz,/Users/shohei-noda/git/proj_wakayama_omi_pedigree_analysis/data/fastqs/n311_2.fq.gz
n312,/Users/shohei-noda/git/proj_wakayama_omi_pedigree_analysis/data/fastqs/n312_1.fq.gz,/Users/shohei-noda/git/proj_wakayama_omi_pedigree_analysis/data/fastqs/n312_2.fq.gz
n313,/Users/shohei-noda/git/proj_wakayama_omi_pedigree_analysis/data/fastqs/n313_1.fq.gz,/Users/shohei-noda/git/proj_wakayama_omi_pedigree_analysis/data/fastqs/n313_2.fq.gz
n314,/Users/shohei-noda/git/proj_wakayama_omi_pedigree_analysis/data/fastqs/n314_1.fq.gz,/Users/shohei-noda/git/proj_wakayama_omi_pedigree_analysis/data/fastqs/n314_2.fq.gz
n315,/Users/shohei-noda/git/proj_wakayama_omi_pedigree_analysis/data/fastqs/n315_1.fq.gz,/Users/shohei-noda/git/proj_wakayama_omi_pedigree_analysis/data/fastqs/n315_2.fq.gz
n316,/Users/shohei-noda/git/proj_wakayama_omi_pedigree_analysis/data/fastqs/n316_1.fq.gz,/Users/shohei-noda/git/proj_wakayama_omi_pedigree_analysis/data/fastqs/n316_2.fq.gz
n317,/Users/shohei-noda/git/proj_wakayama_omi_pedigree_analysis/data/fastqs/n317_1.fq.gz,/Users/shohei-noda/git/proj_wakayama_omi_pedigree_analysis/data/fastqs/n317_2.fq.gz
n318,/Users/shohei-noda/git/proj_wakayama_omi_pedigree_analysis/data/fastqs/n318_1.fq.gz,/Users/shohei-noda/git/proj_wakayama_omi_pedigree_analysis/data/fastqs/n318_2.fq.gz
n319,/Users/shohei-noda/git/proj_wakayama_omi_pedigree_analysis/data/fastqs/n319_1.fq.gz,/Users/shohei-noda/git/proj_wakayama_omi_pedigree_analysis/data/fastqs/n319_2.fq.gz
n320,/Users/shohei-noda/git/proj_wakayama_omi_pedigree_analysis/data/fastqs/n320_1.fq.gz,/Users/shohei-noda/git/proj_wakayama_omi_pedigree_analysis/data/fastqs/n320_2.fq.gz
n321,/Users/shohei-noda/git/proj_wakayama_omi_pedigree_analysis/data/fastqs/n321_1.fq.gz,/Users/shohei-noda/git/proj_wakayama_omi_pedigree_analysis/data/fastqs/n321_2.fq.gz
n322,/Users/shohei-noda/git/proj_wakayama_omi_pedigree_analysis/data/fastqs/n322_1.fq.gz,/Users/shohei-noda/git/proj_wakayama_omi_pedigree_analysis/data/fastqs/n322_2.fq.gz
n323,/Users/shohei-noda/git/proj_wakayama_omi_pedigree_analysis/data/fastqs/n323_1.fq.gz,/Users/shohei-noda/git/proj_wakayama_omi_pedigree_analysis/data/fastqs/n323_2.fq.gz
n324,/Users/shohei-noda/git/proj_wakayama_omi_pedigree_analysis/data/fastqs/n324_1.fq.gz,/Users/shohei-noda/git/proj_wakayama_omi_pedigree_analysis/data/fastqs/n324_2.fq.gz
n325,/Users/shohei-noda/git/proj_wakayama_omi_pedigree_analysis/data/fastqs/n325_1.fq.gz,/Users/shohei-noda/git/proj_wakayama_omi_pedigree_analysis/data/fastqs/n325_2.fq.gz
n326,/Users/shohei-noda/git/proj_wakayama_omi_pedigree_analysis/data/fastqs/n326_1.fq.gz,/Users/shohei-noda/git/proj_wakayama_omi_pedigree_analysis/data/fastqs/n326_2.fq.gz
n327,/Users/shohei-noda/git/proj_wakayama_omi_pedigree_analysis/data/fastqs/n327_1.fq.gz,/Users/shohei-noda/git/proj_wakayama_omi_pedigree_analysis/data/fastqs/n327_2.fq.gz
n328,/Users/shohei-noda/git/proj_wakayama_omi_pedigree_analysis/data/fastqs/n328_1.fq.gz,/Users/shohei-noda/git/proj_wakayama_omi_pedigree_analysis/data/fastqs/n328_2.fq.gz
n330,/Users/shohei-noda/git/proj_wakayama_omi_pedigree_analysis/data/fastqs/n330_1.fq.gz,/Users/shohei-noda/git/proj_wakayama_omi_pedigree_analysis/data/fastqs/n330_2.fq.gz
n331,/Users/shohei-noda/git/proj_wakayama_omi_pedigree_analysis/data/fastqs/n331_1.fq.gz,/Users/shohei-noda/git/proj_wakayama_omi_pedigree_analysis/data/fastqs/n331_2.fq.gz
n332,/Users/shohei-noda/git/proj_wakayama_omi_pedigree_analysis/data/fastqs/n332_1.fq.gz,/Users/shohei-noda/git/proj_wakayama_omi_pedigree_analysis/data/fastqs/n332_2.fq.gz
n333,/Users/shohei-noda/git/proj_wakayama_omi_pedigree_analysis/data/fastqs/n333_1.fq.gz,/Users/shohei-noda/git/proj_wakayama_omi_pedigree_analysis/data/fastqs/n333_2.fq.gz
n334,/Users/shohei-noda/git/proj_wakayama_omi_pedigree_analysis/data/fastqs/n334_1.fq.gz,/Users/shohei-noda/git/proj_wakayama_omi_pedigree_analysis/data/fastqs/n334_2.fq.gz
n335,/Users/shohei-noda/git/proj_wakayama_omi_pedigree_analysis/data/fastqs/n335_1.fq.gz,/Users/shohei-noda/git/proj_wakayama_omi_pedigree_analysis/data/fastqs/n335_2.fq.gz
n337,/Users/shohei-noda/git/proj_wakayama_omi_pedigree_analysis/data/fastqs/n337_1.fq.gz,/Users/shohei-noda/git/proj_wakayama_omi_pedigree_analysis/data/fastqs/n337_2.fq.gz
n338,/Users/shohei-noda/git/proj_wakayama_omi_pedigree_analysis/data/fastqs/n338_1.fq.gz,/Users/shohei-noda/git/proj_wakayama_omi_pedigree_analysis/data/fastqs/n338_2.fq.gz
n341,/Users/shohei-noda/git/proj_wakayama_omi_pedigree_analysis/data/fastqs/n341_1.fq.gz,/Users/shohei-noda/git/proj_wakayama_omi_pedigree_analysis/data/fastqs/n341_2.fq.gz
n342,/Users/shohei-noda/git/proj_wakayama_omi_pedigree_analysis/data/fastqs/n342_1.fq.gz,/Users/shohei-noda/git/proj_wakayama_omi_pedigree_analysis/data/fastqs/n342_2.fq.gz
n343,/Users/shohei-noda/git/proj_wakayama_omi_pedigree_analysis/data/fastqs/n343_1.fq.gz,/Users/shohei-noda/git/proj_wakayama_omi_pedigree_analysis/data/fastqs/n343_2.fq.gz
n344,/Users/shohei-noda/git/proj_wakayama_omi_pedigree_analysis/data/fastqs/n344_1.fq.gz,/Users/shohei-noda/git/proj_wakayama_omi_pedigree_analysis/data/fastqs/n344_2.fq.gz
n345,/Users/shohei-noda/git/proj_wakayama_omi_pedigree_analysis/data/fastqs/n345_1.fq.gz,/Users/shohei-noda/git/proj_wakayama_omi_pedigree_analysis/data/fastqs/n345_2.fq.gz
n346,/Users/shohei-noda/git/proj_wakayama_omi_pedigree_analysis/data/fastqs/n346_1.fq.gz,/Users/shohei-noda/git/proj_wakayama_omi_pedigree_analysis/data/fastqs/n346_2.fq.gz
n347,/Users/shohei-noda/git/proj_wakayama_omi_pedigree_analysis/data/fastqs/n347_1.fq.gz,/Users/shohei-noda/git/proj_wakayama_omi_pedigree_analysis/data/fastqs/n347_2.fq.gz
n348,/Users/shohei-noda/git/proj_wakayama_omi_pedigree_analysis/data/fastqs/n348_1.fq.gz,/Users/shohei-noda/git/proj_wakayama_omi_pedigree_analysis/data/fastqs/n348_2.fq.gz
n349,/Users/shohei-noda/git/proj_wakayama_omi_pedigree_analysis/data/fastqs/n349_1.fq.gz,/Users/shohei-noda/git/proj_wakayama_omi_pedigree_analysis/data/fastqs/n349_2.fq.gz
n350,/Users/shohei-noda/git/proj_wakayama_omi_pedigree_analysis/data/fastqs/n350_1.fq.gz,/Users/shohei-noda/git/proj_wakayama_omi_pedigree_analysis/data/fastqs/n350_2.fq.gz
n352,/Users/shohei-noda/git/proj_wakayama_omi_pedigree_analysis/data/fastqs/n352_1.fq.gz,/Users/shohei-noda/git/proj_wakayama_omi_pedigree_analysis/data/fastqs/n352_2.fq.gz
n353,/Users/shohei-noda/git/proj_wakayama_omi_pedigree_analysis/data/fastqs/n353_1.fq.gz,/Users/shohei-noda/git/proj_wakayama_omi_pedigree_analysis/data/fastqs/n353_2.fq.gz
n354,/Users/shohei-noda/git/proj_wakayama_omi_pedigree_analysis/data/fastqs/n354_1.fq.gz,/Users/shohei-noda/git/proj_wakayama_omi_pedigree_analysis/data/fastqs/n354_2.fq.gz
n355,/Users/shohei-noda/git/proj_wakayama_omi_pedigree_analysis/data/fastqs/n355_1.fq.gz,/Users/shohei-noda/git/proj_wakayama_omi_pedigree_analysis/data/fastqs/n355_2.fq.gz
n357,/Users/shohei-noda/git/proj_wakayama_omi_pedigree_analysis/data/fastqs/n357_1.fq.gz,/Users/shohei-noda/git/proj_wakayama_omi_pedigree_analysis/data/fastqs/n357_2.fq.gz
n358,/Users/shohei-noda/git/proj_wakayama_omi_pedigree_analysis/data/fastqs/n358_1.fq.gz,/Users/shohei-noda/git/proj_wakayama_omi_pedigree_analysis/data/fastqs/n358_2.fq.gz
n359,/Users/shohei-noda/git/proj_wakayama_omi_pedigree_analysis/data/fastqs/n359_1.fq.gz,/Users/shohei-noda/git/proj_wakayama_omi_pedigree_analysis/data/fastqs/n359_2.fq.gz
n360,/Users/shohei-noda/git/proj_wakayama_omi_pedigree_analysis/data/fastqs/n360_1.fq.gz,/Users/shohei-noda/git/proj_wakayama_omi_pedigree_analysis/data/fastqs/n360_2.fq.gz
n361,/Users/shohei-noda/git/proj_wakayama_omi_pedigree_analysis/data/fastqs/n361_1.fq.gz,/Users/shohei-noda/git/proj_wakayama_omi_pedigree_analysis/data/fastqs/n361_2.fq.gz
n362,/Users/shohei-noda/git/proj_wakayama_omi_pedigree_analysis/data/fastqs/n362_1.fq.gz,/Users/shohei-noda/git/proj_wakayama_omi_pedigree_analysis/data/fastqs/n362_2.fq.gz
n363,/Users/shohei-noda/git/proj_wakayama_omi_pedigree_analysis/data/fastqs/n363_1.fq.gz,/Users/shohei-noda/git/proj_wakayama_omi_pedigree_analysis/data/fastqs/n363_2.fq.gz
n365,/Users/shohei-noda/git/proj_wakayama_omi_pedigree_analysis/data/fastqs/n365_1.fq.gz,/Users/shohei-noda/git/proj_wakayama_omi_pedigree_analysis/data/fastqs/n365_2.fq.gz
n366,/Users/shohei-noda/git/proj_wakayama_omi_pedigree_analysis/data/fastqs/n366_1.fq.gz,/Users/shohei-noda/git/proj_wakayama_omi_pedigree_analysis/data/fastqs/n366_2.fq.gz
n369,/Users/shohei-noda/git/proj_wakayama_omi_pedigree_analysis/data/fastqs/n369_1.fq.gz,/Users/shohei-noda/git/proj_wakayama_omi_pedigree_analysis/data/fastqs/n369_2.fq.gz
n371,/Users/shohei-noda/git/proj_wakayama_omi_pedigree_analysis/data/fastqs/n371_1.fq.gz,/Users/shohei-noda/git/proj_wakayama_omi_pedigree_analysis/data/fastqs/n371_2.fq.gz
n372,/Users/shohei-noda/git/proj_wakayama_omi_pedigree_analysis/data/fastqs/n372_1.fq.gz,/Users/shohei-noda/git/proj_wakayama_omi_pedigree_analysis/data/fastqs/n372_2.fq.gz
n374,/Users/shohei-noda/git/proj_wakayama_omi_pedigree_analysis/data/fastqs/n374_1.fq.gz,/Users/shohei-noda/git/proj_wakayama_omi_pedigree_analysis/data/fastqs/n374_2.fq.gz
n375,/Users/shohei-noda/git/proj_wakayama_omi_pedigree_analysis/data/fastqs/n375_1.fq.gz,/Users/shohei-noda/git/proj_wakayama_omi_pedigree_analysis/data/fastqs/n375_2.fq.gz
n376,/Users/shohei-noda/git/proj_wakayama_omi_pedigree_analysis/data/fastqs/n376_1.fq.gz,/Users/shohei-noda/git/proj_wakayama_omi_pedigree_analysis/data/fastqs/n376_2.fq.gz
n377,/Users/shohei-noda/git/proj_wakayama_omi_pedigree_analysis/data/fastqs/n377_1.fq.gz,/Users/shohei-noda/git/proj_wakayama_omi_pedigree_analysis/data/fastqs/n377_2.fq.gz
n378,/Users/shohei-noda/git/proj_wakayama_omi_pedigree_analysis/data/fastqs/n378_1.fq.gz,/Users/shohei-noda/git/proj_wakayama_omi_pedigree_analysis/data/fastqs/n378_2.fq.gz
n379,/Users/shohei-noda/git/proj_wakayama_omi_pedigree_analysis/data/fastqs/n379_1.fq.gz,/Users/shohei-noda/git/proj_wakayama_omi_pedigree_analysis/data/fastqs/n379_2.fq.gz
n380,/Users/shohei-noda/git/proj_wakayama_omi_pedigree_analysis/data/fastqs/n380_1.fq.gz,/Users/shohei-noda/git/proj_wakayama_omi_pedigree_analysis/data/fastqs/n380_2.fq.gz
n381,/Users/shohei-noda/git/proj_wakayama_omi_pedigree_analysis/data/fastqs/n381_1.fq.gz,/Users/shohei-noda/git/proj_wakayama_omi_pedigree_analysis/data/fastqs/n381_2.fq.gz
n382,/Users/shohei-noda/git/proj_wakayama_omi_pedigree_analysis/data/fastqs/n382_1.fq.gz,/Users/shohei-noda/git/proj_wakayama_omi_pedigree_analysis/data/fastqs/n382_2.fq.gz
n384,/Users/shohei-noda/git/proj_wakayama_omi_pedigree_analysis/data/fastqs/n384_1.fq.gz,/Users/shohei-noda/git/proj_wakayama_omi_pedigree_analysis/data/fastqs/n384_2.fq.gz
n386,/Users/shohei-noda/git/proj_wakayama_omi_pedigree_analysis/data/fastqs/n386_1.fq.gz,/Users/shohei-noda/git/proj_wakayama_omi_pedigree_analysis/data/fastqs/n386_2.fq.gz
n387,/Users/shohei-noda/git/proj_wakayama_omi_pedigree_analysis/data/fastqs/n387_1.fq.gz,/Users/shohei-noda/git/proj_wakayama_omi_pedigree_analysis/data/fastqs/n387_2.fq.gz
n388,/Users/shohei-noda/git/proj_wakayama_omi_pedigree_analysis/data/fastqs/n388_1.fq.gz,/Users/shohei-noda/git/proj_wakayama_omi_pedigree_analysis/data/fastqs/n388_2.fq.gz
n389,/Users/shohei-noda/git/proj_wakayama_omi_pedigree_analysis/data/fastqs/n389_1.fq.gz,/Users/shohei-noda/git/proj_wakayama_omi_pedigree_analysis/data/fastqs/n389_2.fq.gz
n390,/Users/shohei-noda/git/proj_wakayama_omi_pedigree_analysis/data/fastqs/n390_1.fq.gz,/Users/shohei-noda/git/proj_wakayama_omi_pedigree_analysis/data/fastqs/n390_2.fq.gz
n391,/Users/shohei-noda/git/proj_wakayama_omi_pedigree_analysis/data/fastqs/n391_1.fq.gz,/Users/shohei-noda/git/proj_wakayama_omi_pedigree_analysis/data/fastqs/n391_2.fq.gz
n392,/Users/shohei-noda/git/proj_wakayama_omi_pedigree_analysis/data/fastqs/n392_1.fq.gz,/Users/shohei-noda/git/proj_wakayama_omi_pedigree_analysis/data/fastqs/n392_2.fq.gz
n393,/Users/shohei-noda/git/proj_wakayama_omi_pedigree_analysis/data/fastqs/n393_1.fq.gz,/Users/shohei-noda/git/proj_wakayama_omi_pedigree_analysis/data/fastqs/n393_2.fq.gz
n394,/Users/shohei-noda/git/proj_wakayama_omi_pedigree_analysis/data/fastqs/n394_1.fq.gz,/Users/shohei-noda/git/proj_wakayama_omi_pedigree_analysis/data/fastqs/n394_2.fq.gz
n395,/Users/shohei-noda/git/proj_wakayama_omi_pedigree_analysis/data/fastqs/n395_1.fq.gz,/Users/shohei-noda/git/proj_wakayama_omi_pedigree_analysis/data/fastqs/n395_2.fq.gz
n397,/Users/shohei-noda/git/proj_wakayama_omi_pedigree_analysis/data/fastqs/n397_1.fq.gz,/Users/shohei-noda/git/proj_wakayama_omi_pedigree_analysis/data/fastqs/n397_2.fq.gz
n398,/Users/shohei-noda/git/proj_wakayama_omi_pedigree_analysis/data/fastqs/n398_1.fq.gz,/Users/shohei-noda/git/proj_wakayama_omi_pedigree_analysis/data/fastqs/n398_2.fq.gz
n400,/Users/shohei-noda/git/proj_wakayama_omi_pedigree_analysis/data/fastqs/n400_1.fq.gz,/Users/shohei-noda/git/proj_wakayama_omi_pedigree_analysis/data/fastqs/n400_2.fq.gz
n401,/Users/shohei-noda/git/proj_wakayama_omi_pedigree_analysis/data/fastqs/n401_1.fq.gz,/Users/shohei-noda/git/proj_wakayama_omi_pedigree_analysis/data/fastqs/n401_2.fq.gz
n402,/Users/shohei-noda/git/proj_wakayama_omi_pedigree_analysis/data/fastqs/n402_1.fq.gz,/Users/shohei-noda/git/proj_wakayama_omi_pedigree_analysis/data/fastqs/n402_2.fq.gz
n404,/Users/shohei-noda/git/proj_wakayama_omi_pedigree_analysis/data/fastqs/n404_1.fq.gz,/Users/shohei-noda/git/proj_wakayama_omi_pedigree_analysis/data/fastqs/n404_2.fq.gz
n405,/Users/shohei-noda/git/proj_wakayama_omi_pedigree_analysis/data/fastqs/n405_1.fq.gz,/Users/shohei-noda/git/proj_wakayama_omi_pedigree_analysis/data/fastqs/n405_2.fq.gz
n406,/Users/shohei-noda/git/proj_wakayama_omi_pedigree_analysis/data/fastqs/n406_1.fq.gz,/Users/shohei-noda/git/proj_wakayama_omi_pedigree_analysis/data/fastqs/n406_2.fq.gz
n407,/Users/shohei-noda/git/proj_wakayama_omi_pedigree_analysis/data/fastqs/n407_1.fq.gz,/Users/shohei-noda/git/proj_wakayama_omi_pedigree_analysis/data/fastqs/n407_2.fq.gz
n408,/Users/shohei-noda/git/proj_wakayama_omi_pedigree_analysis/data/fastqs/n408_1.fq.gz,/Users/shohei-noda/git/proj_wakayama_omi_pedigree_analysis/data/fastqs/n408_2.fq.gz
n409,/Users/shohei-noda/git/proj_wakayama_omi_pedigree_analysis/data/fastqs/n409_1.fq.gz,/Users/shohei-noda/git/proj_wakayama_omi_pedigree_analysis/data/fastqs/n409_2.fq.gz
n410,/Users/shohei-noda/git/proj_wakayama_omi_pedigree_analysis/data/fastqs/n410_1.fq.gz,/Users/shohei-noda/git/proj_wakayama_omi_pedigree_analysis/data/fastqs/n410_2.fq.gz
n412,/Users/shohei-noda/git/proj_wakayama_omi_pedigree_analysis/data/fastqs/n412_1.fq.gz,/Users/shohei-noda/git/proj_wakayama_omi_pedigree_analysis/data/fastqs/n412_2.fq.gz
n413,/Users/shohei-noda/git/proj_wakayama_omi_pedigree_analysis/data/fastqs/n413_1.fq.gz,/Users/shohei-noda/git/proj_wakayama_omi_pedigree_analysis/data/fastqs/n413_2.fq.gz
n414,/Users/shohei-noda/git/proj_wakayama_omi_pedigree_analysis/data/fastqs/n414_1.fq.gz,/Users/shohei-noda/git/proj_wakayama_omi_pedigree_analysis/data/fastqs/n414_2.fq.gz
n415,/Users/shohei-noda/git/proj_wakayama_omi_pedigree_analysis/data/fastqs/n415_1.fq.gz,/Users/shohei-noda/git/proj_wakayama_omi_pedigree_analysis/data/fastqs/n415_2.fq.gz
n417,/Users/shohei-noda/git/proj_wakayama_omi_pedigree_analysis/data/fastqs/n417_1.fq.gz,/Users/shohei-noda/git/proj_wakayama_omi_pedigree_analysis/data/fastqs/n417_2.fq.gz
n418,/Users/shohei-noda/git/proj_wakayama_omi_pedigree_analysis/data/fastqs/n418_1.fq.gz,/Users/shohei-noda/git/proj_wakayama_omi_pedigree_analysis/data/fastqs/n418_2.fq.gz
n420,/Users/shohei-noda/git/proj_wakayama_omi_pedigree_analysis/data/fastqs/n420_1.fq.gz,/Users/shohei-noda/git/proj_wakayama_omi_pedigree_analysis/data/fastqs/n420_2.fq.gz
n421,/Users/shohei-noda/git/proj_wakayama_omi_pedigree_analysis/data/fastqs/n421_1.fq.gz,/Users/shohei-noda/git/proj_wakayama_omi_pedigree_analysis/data/fastqs/n421_2.fq.gz
n422,/Users/shohei-noda/git/proj_wakayama_omi_pedigree_analysis/data/fastqs/n422_1.fq.gz,/Users/shohei-noda/git/proj_wakayama_omi_pedigree_analysis/data/fastqs/n422_2.fq.gz
n423,/Users/shohei-noda/git/proj_wakayama_omi_pedigree_analysis/data/fastqs/n423_1.fq.gz,/Users/shohei-noda/git/proj_wakayama_omi_pedigree_analysis/data/fastqs/n423_2.fq.gz
n427,/Users/shohei-noda/git/proj_wakayama_omi_pedigree_analysis/data/fastqs/n427_1.fq.gz,/Users/shohei-noda/git/proj_wakayama_omi_pedigree_analysis/data/fastqs/n427_2.fq.gz
n425,/Users/shohei-noda/git/proj_wakayama_omi_pedigree_analysis/data/fastqs/n425_1.fq.gz,/Users/shohei-noda/git/proj_wakayama_omi_pedigree_analysis/data/fastqs/n425_2.fq.gz
n429,/Users/shohei-noda/git/proj_wakayama_omi_pedigree_analysis/data/fastqs/n429_1.fq.gz,/Users/shohei-noda/git/proj_wakayama_omi_pedigree_analysis/data/fastqs/n429_2.fq.gz
n430,/Users/shohei-noda/git/proj_wakayama_omi_pedigree_analysis/data/fastqs/n430_1.fq.gz,/Users/shohei-noda/git/proj_wakayama_omi_pedigree_analysis/data/fastqs/n430_2.fq.gz
n431,/Users/shohei-noda/git/proj_wakayama_omi_pedigree_analysis/data/fastqs/n431_1.fq.gz,/Users/shohei-noda/git/proj_wakayama_omi_pedigree_analysis/data/fastqs/n431_2.fq.gz
n435,/Users/shohei-noda/git/proj_wakayama_omi_pedigree_analysis/data/fastqs/n435_1.fq.gz,/Users/shohei-noda/git/proj_wakayama_omi_pedigree_analysis/data/fastqs/n435_2.fq.gz
n437,/Users/shohei-noda/git/proj_wakayama_omi_pedigree_analysis/data/fastqs/n437_1.fq.gz,/Users/shohei-noda/git/proj_wakayama_omi_pedigree_analysis/data/fastqs/n437_2.fq.gz
n438,/Users/shohei-noda/git/proj_wakayama_omi_pedigree_analysis/data/fastqs/n438_1.fq.gz,/Users/shohei-noda/git/proj_wakayama_omi_pedigree_analysis/data/fastqs/n438_2.fq.gz
n439,/Users/shohei-noda/git/proj_wakayama_omi_pedigree_analysis/data/fastqs/n439_1.fq.gz,/Users/shohei-noda/git/proj_wakayama_omi_pedigree_analysis/data/fastqs/n439_2.fq.gz
n443,/Users/shohei-noda/git/proj_wakayama_omi_pedigree_analysis/data/fastqs/n443_1.fq.gz,/Users/shohei-noda/git/proj_wakayama_omi_pedigree_analysis/data/fastqs/n443_2.fq.gz
n444,/Users/shohei-noda/git/proj_wakayama_omi_pedigree_analysis/data/fastqs/n444_1.fq.gz,/Users/shohei-noda/git/proj_wakayama_omi_pedigree_analysis/data/fastqs/n444_2.fq.gz
n445,/Users/shohei-noda/git/proj_wakayama_omi_pedigree_analysis/data/fastqs/n445_1.fq.gz,/Users/shohei-noda/git/proj_wakayama_omi_pedigree_analysis/data/fastqs/n445_2.fq.gz
n446,/Users/shohei-noda/git/proj_wakayama_omi_pedigree_analysis/data/fastqs/n446_1.fq.gz,/Users/shohei-noda/git/proj_wakayama_omi_pedigree_analysis/data/fastqs/n446_2.fq.gz
n447,/Users/shohei-noda/git/proj_wakayama_omi_pedigree_analysis/data/fastqs/n447_1.fq.gz,/Users/shohei-noda/git/proj_wakayama_omi_pedigree_analysis/data/fastqs/n447_2.fq.gz
n449,/Users/shohei-noda/git/proj_wakayama_omi_pedigree_analysis/data/fastqs/n449_1.fq.gz,/Users/shohei-noda/git/proj_wakayama_omi_pedigree_analysis/data/fastqs/n449_2.fq.gz
n450,/Users/shohei-noda/git/proj_wakayama_omi_pedigree_analysis/data/fastqs/n450_1.fq.gz,/Users/shohei-noda/git/proj_wakayama_omi_pedigree_analysis/data/fastqs/n450_2.fq.gz
n451,/Users/shohei-noda/git/proj_wakayama_omi_pedigree_analysis/data/fastqs/n451_1.fq.gz,/Users/shohei-noda/git/proj_wakayama_omi_pedigree_analysis/data/fastqs/n451_2.fq.gz
n452,/Users/shohei-noda/git/proj_wakayama_omi_pedigree_analysis/data/fastqs/n452_1.fq.gz,/Users/shohei-noda/git/proj_wakayama_omi_pedigree_analysis/data/fastqs/n452_2.fq.gz
n454,/Users/shohei-noda/git/proj_wakayama_omi_pedigree_analysis/data/fastqs/n454_1.fq.gz,/Users/shohei-noda/git/proj_wakayama_omi_pedigree_analysis/data/fastqs/n454_2.fq.gz
n455,/Users/shohei-noda/git/proj_wakayama_omi_pedigree_analysis/data/fastqs/n455_1.fq.gz,/Users/shohei-noda/git/proj_wakayama_omi_pedigree_analysis/data/fastqs/n455_2.fq.gz
n457,/Users/shohei-noda/git/proj_wakayama_omi_pedigree_analysis/data/fastqs/n457_1.fq.gz,/Users/shohei-noda/git/proj_wakayama_omi_pedigree_analysis/data/fastqs/n457_2.fq.gz
n459,/Users/shohei-noda/git/proj_wakayama_omi_pedigree_analysis/data/fastqs/n459_1.fq.gz,/Users/shohei-noda/git/proj_wakayama_omi_pedigree_analysis/data/fastqs/n459_2.fq.gz
n473,/Users/shohei-noda/git/proj_wakayama_omi_pedigree_analysis/data/fastqs/n473_1.fq.gz,/Users/shohei-noda/git/proj_wakayama_omi_pedigree_analysis/data/fastqs/n473_2.fq.gz
n523,/Users/shohei-noda/git/proj_wakayama_omi_pedigree_analysis/data/fastqs/n523_1.fq.gz,/Users/shohei-noda/git/proj_wakayama_omi_pedigree_analysis/data/fastqs/n523_2.fq.gz
n526,/Users/shohei-noda/git/proj_wakayama_omi_pedigree_analysis/data/fastqs/n526_1.fq.gz,/Users/shohei-noda/git/proj_wakayama_omi_pedigree_analysis/data/fastqs/n526_2.fq.gz
n529,/Users/shohei-noda/git/proj_wakayama_omi_pedigree_analysis/data/fastqs/n529_1.fq.gz,/Users/shohei-noda/git/proj_wakayama_omi_pedigree_analysis/data/fastqs/n529_2.fq.gz
n531,/Users/shohei-noda/git/proj_wakayama_omi_pedigree_analysis/data/fastqs/n531_1.fq.gz,/Users/shohei-noda/git/proj_wakayama_omi_pedigree_analysis/data/fastqs/n531_2.fq.gz
n774,/Users/shohei-noda/git/proj_wakayama_omi_pedigree_analysis/data/fastqs/n774_1.fq.gz,/Users/shohei-noda/git/proj_wakayama_omi_pedigree_analysis/data/fastqs/n774_2.fq.gz
n683,/Users/shohei-noda/git/proj_wakayama_omi_pedigree_analysis/data/fastqs/n683_1.fq.gz,/Users/shohei-noda/git/proj_wakayama_omi_pedigree_analysis/data/fastqs/n683_2.fq.gz
n615,/Users/shohei-noda/git/proj_wakayama_omi_pedigree_analysis/data/fastqs/n615_1.fq.gz,/Users/shohei-noda/git/proj_wakayama_omi_pedigree_analysis/data/fastqs/n615_2.fq.gz
n692,/Users/shohei-noda/git/proj_wakayama_omi_pedigree_analysis/data/fastqs/n692_1.fq.gz,/Users/shohei-noda/git/proj_wakayama_omi_pedigree_analysis/data/fastqs/n692_2.fq.gz
n588,/Users/shohei-noda/git/proj_wakayama_omi_pedigree_analysis/data/fastqs/n588_1.fq.gz,/Users/shohei-noda/git/proj_wakayama_omi_pedigree_analysis/data/fastqs/n588_2.fq.gz
n577,/Users/shohei-noda/git/proj_wakayama_omi_pedigree_analysis/data/fastqs/n577_1.fq.gz,/Users/shohei-noda/git/proj_wakayama_omi_pedigree_analysis/data/fastqs/n577_2.fq.gz
n685,/Users/shohei-noda/git/proj_wakayama_omi_pedigree_analysis/data/fastqs/n685_1.fq.gz,/Users/shohei-noda/git/proj_wakayama_omi_pedigree_analysis/data/fastqs/n685_2.fq.gz
n722,/Users/shohei-noda/git/proj_wakayama_omi_pedigree_analysis/data/fastqs/n722_1.fq.gz,/Users/shohei-noda/git/proj_wakayama_omi_pedigree_analysis/data/fastqs/n722_2.fq.gz
n534,/Users/shohei-noda/git/proj_wakayama_omi_pedigree_analysis/data/fastqs/n534_1.fq.gz,/Users/shohei-noda/git/proj_wakayama_omi_pedigree_analysis/data/fastqs/n534_2.fq.gz
n757,/Users/shohei-noda/git/proj_wakayama_omi_pedigree_analysis/data/fastqs/n757_1.fq.gz,/Users/shohei-noda/git/proj_wakayama_omi_pedigree_analysis/data/fastqs/n757_2.fq.gz
n746,/Users/shohei-noda/git/proj_wakayama_omi_pedigree_analysis/data/fastqs/n746_1.fq.gz,/Users/shohei-noda/git/proj_wakayama_omi_pedigree_analysis/data/fastqs/n746_2.fq.gz
n604,/Users/shohei-noda/git/proj_wakayama_omi_pedigree_analysis/data/fastqs/n604_1.fq.gz,/Users/shohei-noda/git/proj_wakayama_omi_pedigree_analysis/data/fastqs/n604_2.fq.gz
n799,/Users/shohei-noda/git/proj_wakayama_omi_pedigree_analysis/data/fastqs/n799_1.fq.gz,/Users/shohei-noda/git/proj_wakayama_omi_pedigree_analysis/data/fastqs/n799_2.fq.gz
n725,/Users/shohei-noda/git/proj_wakayama_omi_pedigree_analysis/data/fastqs/n725_1.fq.gz,/Users/shohei-noda/git/proj_wakayama_omi_pedigree_analysis/data/fastqs/n725_2.fq.gz
n673,/Users/shohei-noda/git/proj_wakayama_omi_pedigree_analysis/data/fastqs/n673_1.fq.gz,/Users/shohei-noda/git/proj_wakayama_omi_pedigree_analysis/data/fastqs/n673_2.fq.gz
n608,/Users/shohei-noda/git/proj_wakayama_omi_pedigree_analysis/data/fastqs/n608_1.fq.gz,/Users/shohei-noda/git/proj_wakayama_omi_pedigree_analysis/data/fastqs/n608_2.fq.gz
n1828,/Users/shohei-noda/git/proj_wakayama_omi_pedigree_analysis/data/fastqs/n1828_1.fq.gz,/Users/shohei-noda/git/proj_wakayama_omi_pedigree_analysis/data/fastqs/n1828_2.fq.gz
n790,/Users/shohei-noda/git/proj_wakayama_omi_pedigree_analysis/data/fastqs/n790_1.fq.gz,/Users/shohei-noda/git/proj_wakayama_omi_pedigree_analysis/data/fastqs/n790_2.fq.gz
n634,/Users/shohei-noda/git/proj_wakayama_omi_pedigree_analysis/data/fastqs/n634_1.fq.gz,/Users/shohei-noda/git/proj_wakayama_omi_pedigree_analysis/data/fastqs/n634_2.fq.gz
n744,/Users/shohei-noda/git/proj_wakayama_omi_pedigree_analysis/data/fastqs/n744_1.fq.gz,/Users/shohei-noda/git/proj_wakayama_omi_pedigree_analysis/data/fastqs/n744_2.fq.gz
n751,/Users/shohei-noda/git/proj_wakayama_omi_pedigree_analysis/data/fastqs/n751_1.fq.gz,/Users/shohei-noda/git/proj_wakayama_omi_pedigree_analysis/data/fastqs/n751_2.fq.gz
n754,/Users/shohei-noda/git/proj_wakayama_omi_pedigree_analysis/data/fastqs/n754_1.fq.gz,/Users/shohei-noda/git/proj_wakayama_omi_pedigree_analysis/data/fastqs/n754_2.fq.gz
n644,/Users/shohei-noda/git/proj_wakayama_omi_pedigree_analysis/data/fastqs/n644_1.fq.gz,/Users/shohei-noda/git/proj_wakayama_omi_pedigree_analysis/data/fastqs/n644_2.fq.gz
n735,/Users/shohei-noda/git/proj_wakayama_omi_pedigree_analysis/data/fastqs/n735_1.fq.gz,/Users/shohei-noda/git/proj_wakayama_omi_pedigree_analysis/data/fastqs/n735_2.fq.gz
n742,/Users/shohei-noda/git/proj_wakayama_omi_pedigree_analysis/data/fastqs/n742_1.fq.gz,/Users/shohei-noda/git/proj_wakayama_omi_pedigree_analysis/data/fastqs/n742_2.fq.gz
n748,/Users/shohei-noda/git/proj_wakayama_omi_pedigree_analysis/data/fastqs/n748_1.fq.gz,/Users/shohei-noda/git/proj_wakayama_omi_pedigree_analysis/data/fastqs/n748_2.fq.gz
n726,/Users/shohei-noda/git/proj_wakayama_omi_pedigree_analysis/data/fastqs/n726_1.fq.gz,/Users/shohei-noda/git/proj_wakayama_omi_pedigree_analysis/data/fastqs/n726_2.fq.gz
n705,/Users/shohei-noda/git/proj_wakayama_omi_pedigree_analysis/data/fastqs/n705_1.fq.gz,/Users/shohei-noda/git/proj_wakayama_omi_pedigree_analysis/data/fastqs/n705_2.fq.gz
n712,/Users/shohei-noda/git/proj_wakayama_omi_pedigree_analysis/data/fastqs/n712_1.fq.gz,/Users/shohei-noda/git/proj_wakayama_omi_pedigree_analysis/data/fastqs/n712_2.fq.gz
n638,/Users/shohei-noda/git/proj_wakayama_omi_pedigree_analysis/data/fastqs/n638_1.fq.gz,/Users/shohei-noda/git/proj_wakayama_omi_pedigree_analysis/data/fastqs/n638_2.fq.gz
n733,/Users/shohei-noda/git/proj_wakayama_omi_pedigree_analysis/data/fastqs/n733_1.fq.gz,/Users/shohei-noda/git/proj_wakayama_omi_pedigree_analysis/data/fastqs/n733_2.fq.gz
n707,/Users/shohei-noda/git/proj_wakayama_omi_pedigree_analysis/data/fastqs/n707_1.fq.gz,/Users/shohei-noda/git/proj_wakayama_omi_pedigree_analysis/data/fastqs/n707_2.fq.gz
n672,/Users/shohei-noda/git/proj_wakayama_omi_pedigree_analysis/data/fastqs/n672_1.fq.gz,/Users/shohei-noda/git/proj_wakayama_omi_pedigree_analysis/data/fastqs/n672_2.fq.gz
n727,/Users/shohei-noda/git/proj_wakayama_omi_pedigree_analysis/data/fastqs/n727_1.fq.gz,/Users/shohei-noda/git/proj_wakayama_omi_pedigree_analysis/data/fastqs/n727_2.fq.gz
n702,/Users/shohei-noda/git/proj_wakayama_omi_pedigree_analysis/data/fastqs/n702_1.fq.gz,/Users/shohei-noda/git/proj_wakayama_omi_pedigree_analysis/data/fastqs/n702_2.fq.gz
n690,/Users/shohei-noda/git/proj_wakayama_omi_pedigree_analysis/data/fastqs/n690_1.fq.gz,/Users/shohei-noda/git/proj_wakayama_omi_pedigree_analysis/data/fastqs/n690_2.fq.gz
n745,/Users/shohei-noda/git/proj_wakayama_omi_pedigree_analysis/data/fastqs/n745_1.fq.gz,/Users/shohei-noda/git/proj_wakayama_omi_pedigree_analysis/data/fastqs/n745_2.fq.gz
n749,/Users/shohei-noda/git/proj_wakayama_omi_pedigree_analysis/data/fastqs/n749_1.fq.gz,/Users/shohei-noda/git/proj_wakayama_omi_pedigree_analysis/data/fastqs/n749_2.fq.gz
n714,/Users/shohei-noda/git/proj_wakayama_omi_pedigree_analysis/data/fastqs/n714_1.fq.gz,/Users/shohei-noda/git/proj_wakayama_omi_pedigree_analysis/data/fastqs/n714_2.fq.gz
n533,/Users/shohei-noda/git/proj_wakayama_omi_pedigree_analysis/data/fastqs/n533_1.fq.gz,/Users/shohei-noda/git/proj_wakayama_omi_pedigree_analysis/data/fastqs/n533_2.fq.gz
n1751,/Users/shohei-noda/git/proj_wakayama_omi_pedigree_analysis/data/fastqs/n1751_1.fq.gz,/Users/shohei-noda/git/proj_wakayama_omi_pedigree_analysis/data/fastqs/n1751_2.fq.gz
n581,/Users/shohei-noda/git/proj_wakayama_omi_pedigree_analysis/data/fastqs/n581_1.fq.gz,/Users/shohei-noda/git/proj_wakayama_omi_pedigree_analysis/data/fastqs/n581_2.fq.gz
n599,/Users/shohei-noda/git/proj_wakayama_omi_pedigree_analysis/data/fastqs/n599_1.fq.gz,/Users/shohei-noda/git/proj_wakayama_omi_pedigree_analysis/data/fastqs/n599_2.fq.gz
n596,/Users/shohei-noda/git/proj_wakayama_omi_pedigree_analysis/data/fastqs/n596_1.fq.gz,/Users/shohei-noda/git/proj_wakayama_omi_pedigree_analysis/data/fastqs/n596_2.fq.gz
n762,/Users/shohei-noda/git/proj_wakayama_omi_pedigree_analysis/data/fastqs/n762_1.fq.gz,/Users/shohei-noda/git/proj_wakayama_omi_pedigree_analysis/data/fastqs/n762_2.fq.gz
n688,/Users/shohei-noda/git/proj_wakayama_omi_pedigree_analysis/data/fastqs/n688_1.fq.gz,/Users/shohei-noda/git/proj_wakayama_omi_pedigree_analysis/data/fastqs/n688_2.fq.gz
n717,/Users/shohei-noda/git/proj_wakayama_omi_pedigree_analysis/data/fastqs/n717_1.fq.gz,/Users/shohei-noda/git/proj_wakayama_omi_pedigree_analysis/data/fastqs/n717_2.fq.gz
n724,/Users/shohei-noda/git/proj_wakayama_omi_pedigree_analysis/data/fastqs/n724_1.fq.gz,/Users/shohei-noda/git/proj_wakayama_omi_pedigree_analysis/data/fastqs/n724_2.fq.gz
n719,/Users/shohei-noda/git/proj_wakayama_omi_pedigree_analysis/data/fastqs/n719_1.fq.gz,/Users/shohei-noda/git/proj_wakayama_omi_pedigree_analysis/data/fastqs/n719_2.fq.gz
n797,/Users/shohei-noda/git/proj_wakayama_omi_pedigree_analysis/data/fastqs/n797_1.fq.gz,/Users/shohei-noda/git/proj_wakayama_omi_pedigree_analysis/data/fastqs/n797_2.fq.gz
n794,/Users/shohei-noda/git/proj_wakayama_omi_pedigree_analysis/data/fastqs/n794_1.fq.gz,/Users/shohei-noda/git/proj_wakayama_omi_pedigree_analysis/data/fastqs/n794_2.fq.gz
n640,/Users/shohei-noda/git/proj_wakayama_omi_pedigree_analysis/data/fastqs/n640_1.fq.gz,/Users/shohei-noda/git/proj_wakayama_omi_pedigree_analysis/data/fastqs/n640_2.fq.gz
n767,/Users/shohei-noda/git/proj_wakayama_omi_pedigree_analysis/data/fastqs/n767_1.fq.gz,/Users/shohei-noda/git/proj_wakayama_omi_pedigree_analysis/data/fastqs/n767_2.fq.gz
n678,/Users/shohei-noda/git/proj_wakayama_omi_pedigree_analysis/data/fastqs/n678_1.fq.gz,/Users/shohei-noda/git/proj_wakayama_omi_pedigree_analysis/data/fastqs/n678_2.fq.gz
n684,/Users/shohei-noda/git/proj_wakayama_omi_pedigree_analysis/data/fastqs/n684_1.fq.gz,/Users/shohei-noda/git/proj_wakayama_omi_pedigree_analysis/data/fastqs/n684_2.fq.gz
n629,/Users/shohei-noda/git/proj_wakayama_omi_pedigree_analysis/data/fastqs/n629_1.fq.gz,/Users/shohei-noda/git/proj_wakayama_omi_pedigree_analysis/data/fastqs/n629_2.fq.gz
n687,/Users/shohei-noda/git/proj_wakayama_omi_pedigree_analysis/data/fastqs/n687_1.fq.gz,/Users/shohei-noda/git/proj_wakayama_omi_pedigree_analysis/data/fastqs/n687_2.fq.gz
n795,/Users/shohei-noda/git/proj_wakayama_omi_pedigree_analysis/data/fastqs/n795_1.fq.gz,/Users/shohei-noda/git/proj_wakayama_omi_pedigree_analysis/data/fastqs/n795_2.fq.gz
n602,/Users/shohei-noda/git/proj_wakayama_omi_pedigree_analysis/data/fastqs/n602_1.fq.gz,/Users/shohei-noda/git/proj_wakayama_omi_pedigree_analysis/data/fastqs/n602_2.fq.gz
n580,/Users/shohei-noda/git/proj_wakayama_omi_pedigree_analysis/data/fastqs/n580_1.fq.gz,/Users/shohei-noda/git/proj_wakayama_omi_pedigree_analysis/data/fastqs/n580_2.fq.gz
n699,/Users/shohei-noda/git/proj_wakayama_omi_pedigree_analysis/data/fastqs/n699_1.fq.gz,/Users/shohei-noda/git/proj_wakayama_omi_pedigree_analysis/data/fastqs/n699_2.fq.gz
n568,/Users/shohei-noda/git/proj_wakayama_omi_pedigree_analysis/data/fastqs/n568_1.fq.gz,/Users/shohei-noda/git/proj_wakayama_omi_pedigree_analysis/data/fastqs/n568_2.fq.gz
n630,/Users/shohei-noda/git/proj_wakayama_omi_pedigree_analysis/data/fastqs/n630_1.fq.gz,/Users/shohei-noda/git/proj_wakayama_omi_pedigree_analysis/data/fastqs/n630_2.fq.gz
n753,/Users/shohei-noda/git/proj_wakayama_omi_pedigree_analysis/data/fastqs/n753_1.fq.gz,/Users/shohei-noda/git/proj_wakayama_omi_pedigree_analysis/data/fastqs/n753_2.fq.gz
n1886,/Users/shohei-noda/git/proj_wakayama_omi_pedigree_analysis/data/fastqs/n1886_1.fq.gz,/Users/shohei-noda/git/proj_wakayama_omi_pedigree_analysis/data/fastqs/n1886_2.fq.gz
n773,/Users/shohei-noda/git/proj_wakayama_omi_pedigree_analysis/data/fastqs/n773_1.fq.gz,/Users/shohei-noda/git/proj_wakayama_omi_pedigree_analysis/data/fastqs/n773_2.fq.gz
n556,/Users/shohei-noda/git/proj_wakayama_omi_pedigree_analysis/data/fastqs/n556_1.fq.gz,/Users/shohei-noda/git/proj_wakayama_omi_pedigree_analysis/data/fastqs/n556_2.fq.gz
n772,/Users/shohei-noda/git/proj_wakayama_omi_pedigree_analysis/data/fastqs/n772_1.fq.gz,/Users/shohei-noda/git/proj_wakayama_omi_pedigree_analysis/data/fastqs/n772_2.fq.gz
n662,/Users/shohei-noda/git/proj_wakayama_omi_pedigree_analysis/data/fastqs/n662_1.fq.gz,/Users/shohei-noda/git/proj_wakayama_omi_pedigree_analysis/data/fastqs/n662_2.fq.gz
n731,/Users/shohei-noda/git/proj_wakayama_omi_pedigree_analysis/data/fastqs/n731_1.fq.gz,/Users/shohei-noda/git/proj_wakayama_omi_pedigree_analysis/data/fastqs/n731_2.fq.gz
n756,/Users/shohei-noda/git/proj_wakayama_omi_pedigree_analysis/data/fastqs/n756_1.fq.gz,/Users/shohei-noda/git/proj_wakayama_omi_pedigree_analysis/data/fastqs/n756_2.fq.gz
n532,/Users/shohei-noda/git/proj_wakayama_omi_pedigree_analysis/data/fastqs/n532_1.fq.gz,/Users/shohei-noda/git/proj_wakayama_omi_pedigree_analysis/data/fastqs/n532_2.fq.gz
n668,/Users/shohei-noda/git/proj_wakayama_omi_pedigree_analysis/data/fastqs/n668_1.fq.gz,/Users/shohei-noda/git/proj_wakayama_omi_pedigree_analysis/data/fastqs/n668_2.fq.gz
n715,/Users/shohei-noda/git/proj_wakayama_omi_pedigree_analysis/data/fastqs/n715_1.fq.gz,/Users/shohei-noda/git/proj_wakayama_omi_pedigree_analysis/data/fastqs/n715_2.fq.gz
n697,/Users/shohei-noda/git/proj_wakayama_omi_pedigree_analysis/data/fastqs/n697_1.fq.gz,/Users/shohei-noda/git/proj_wakayama_omi_pedigree_analysis/data/fastqs/n697_2.fq.gz
n582,/Users/shohei-noda/git/proj_wakayama_omi_pedigree_analysis/data/fastqs/n582_1.fq.gz,/Users/shohei-noda/git/proj_wakayama_omi_pedigree_analysis/data/fastqs/n582_2.fq.gz
n578,/Users/shohei-noda/git/proj_wakayama_omi_pedigree_analysis/data/fastqs/n578_1.fq.gz,/Users/shohei-noda/git/proj_wakayama_omi_pedigree_analysis/data/fastqs/n578_2.fq.gz
n522,/Users/shohei-noda/git/proj_wakayama_omi_pedigree_analysis/data/fastqs/n522_1.fq.gz,/Users/shohei-noda/git/proj_wakayama_omi_pedigree_analysis/data/fastqs/n522_2.fq.gz
n585,/Users/shohei-noda/git/proj_wakayama_omi_pedigree_analysis/data/fastqs/n585_1.fq.gz,/Users/shohei-noda/git/proj_wakayama_omi_pedigree_analysis/data/fastqs/n585_2.fq.gz
n704,/Users/shohei-noda/git/proj_wakayama_omi_pedigree_analysis/data/fastqs/n704_1.fq.gz,/Users/shohei-noda/git/proj_wakayama_omi_pedigree_analysis/data/fastqs/n704_2.fq.gz
n669,/Users/shohei-noda/git/proj_wakayama_omi_pedigree_analysis/data/fastqs/n669_1.fq.gz,/Users/shohei-noda/git/proj_wakayama_omi_pedigree_analysis/data/fastqs/n669_2.fq.gz
n784,/Users/shohei-noda/git/proj_wakayama_omi_pedigree_analysis/data/fastqs/n784_1.fq.gz,/Users/shohei-noda/git/proj_wakayama_omi_pedigree_analysis/data/fastqs/n784_2.fq.gz
n570,/Users/shohei-noda/git/proj_wakayama_omi_pedigree_analysis/data/fastqs/n570_1.fq.gz,/Users/shohei-noda/git/proj_wakayama_omi_pedigree_analysis/data/fastqs/n570_2.fq.gz
n695,/Users/shohei-noda/git/proj_wakayama_omi_pedigree_analysis/data/fastqs/n695_1.fq.gz,/Users/shohei-noda/git/proj_wakayama_omi_pedigree_analysis/data/fastqs/n695_2.fq.gz
n1844,/Users/shohei-noda/git/proj_wakayama_omi_pedigree_analysis/data/fastqs/n1844_1.fq.gz,/Users/shohei-noda/git/proj_wakayama_omi_pedigree_analysis/data/fastqs/n1844_2.fq.gz
n716,/Users/shohei-noda/git/proj_wakayama_omi_pedigree_analysis/data/fastqs/n716_1.fq.gz,/Users/shohei-noda/git/proj_wakayama_omi_pedigree_analysis/data/fastqs/n716_2.fq.gz
n558,/Users/shohei-noda/git/proj_wakayama_omi_pedigree_analysis/data/fastqs/n558_1.fq.gz,/Users/shohei-noda/git/proj_wakayama_omi_pedigree_analysis/data/fastqs/n558_2.fq.gz
n786,/Users/shohei-noda/git/proj_wakayama_omi_pedigree_analysis/data/fastqs/n786_1.fq.gz,/Users/shohei-noda/git/proj_wakayama_omi_pedigree_analysis/data/fastqs/n786_2.fq.gz
n652,/Users/shohei-noda/git/proj_wakayama_omi_pedigree_analysis/data/fastqs/n652_1.fq.gz,/Users/shohei-noda/git/proj_wakayama_omi_pedigree_analysis/data/fastqs/n652_2.fq.gz
n675,/Users/shohei-noda/git/proj_wakayama_omi_pedigree_analysis/data/fastqs/n675_1.fq.gz,/Users/shohei-noda/git/proj_wakayama_omi_pedigree_analysis/data/fastqs/n675_2.fq.gz
n658,/Users/shohei-noda/git/proj_wakayama_omi_pedigree_analysis/data/fastqs/n658_1.fq.gz,/Users/shohei-noda/git/proj_wakayama_omi_pedigree_analysis/data/fastqs/n658_2.fq.gz
n611,/Users/shohei-noda/git/proj_wakayama_omi_pedigree_analysis/data/fastqs/n611_1.fq.gz,/Users/shohei-noda/git/proj_wakayama_omi_pedigree_analysis/data/fastqs/n611_2.fq.gz
n780,/Users/shohei-noda/git/proj_wakayama_omi_pedigree_analysis/data/fastqs/n780_1.fq.gz,/Users/shohei-noda/git/proj_wakayama_omi_pedigree_analysis/data/fastqs/n780_2.fq.gz
n701,/Users/shohei-noda/git/proj_wakayama_omi_pedigree_analysis/data/fastqs/n701_1.fq.gz,/Users/shohei-noda/git/proj_wakayama_omi_pedigree_analysis/data/fastqs/n701_2.fq.gz
n565,/Users/shohei-noda/git/proj_wakayama_omi_pedigree_analysis/data/fastqs/n565_1.fq.gz,/Users/shohei-noda/git/proj_wakayama_omi_pedigree_analysis/data/fastqs/n565_2.fq.gz
n545,/Users/shohei-noda/git/proj_wakayama_omi_pedigree_analysis/data/fastqs/n545_1.fq.gz,/Users/shohei-noda/git/proj_wakayama_omi_pedigree_analysis/data/fastqs/n545_2.fq.gz
n592,/Users/shohei-noda/git/proj_wakayama_omi_pedigree_analysis/data/fastqs/n592_1.fq.gz,/Users/shohei-noda/git/proj_wakayama_omi_pedigree_analysis/data/fastqs/n592_2.fq.gz
n1897,/Users/shohei-noda/git/proj_wakayama_omi_pedigree_analysis/data/fastqs/n1897_1.fq.gz,/Users/shohei-noda/git/proj_wakayama_omi_pedigree_analysis/data/fastqs/n1897_2.fq.gz
n657,/Users/shohei-noda/git/proj_wakayama_omi_pedigree_analysis/data/fastqs/n657_1.fq.gz,/Users/shohei-noda/git/proj_wakayama_omi_pedigree_analysis/data/fastqs/n657_2.fq.gz
n621,/Users/shohei-noda/git/proj_wakayama_omi_pedigree_analysis/data/fastqs/n621_1.fq.gz,/Users/shohei-noda/git/proj_wakayama_omi_pedigree_analysis/data/fastqs/n621_2.fq.gz
n743,/Users/shohei-noda/git/proj_wakayama_omi_pedigree_analysis/data/fastqs/n743_1.fq.gz,/Users/shohei-noda/git/proj_wakayama_omi_pedigree_analysis/data/fastqs/n743_2.fq.gz
n583,/Users/shohei-noda/git/proj_wakayama_omi_pedigree_analysis/data/fastqs/n583_1.fq.gz,/Users/shohei-noda/git/proj_wakayama_omi_pedigree_analysis/data/fastqs/n583_2.fq.gz
n653,/Users/shohei-noda/git/proj_wakayama_omi_pedigree_analysis/data/fastqs/n653_1.fq.gz,/Users/shohei-noda/git/proj_wakayama_omi_pedigree_analysis/data/fastqs/n653_2.fq.gz
n549,/Users/shohei-noda/git/proj_wakayama_omi_pedigree_analysis/data/fastqs/n549_1.fq.gz,/Users/shohei-noda/git/proj_wakayama_omi_pedigree_analysis/data/fastqs/n549_2.fq.gz
n647,/Users/shohei-noda/git/proj_wakayama_omi_pedigree_analysis/data/fastqs/n647_1.fq.gz,/Users/shohei-noda/git/proj_wakayama_omi_pedigree_analysis/data/fastqs/n647_2.fq.gz
n572,/Users/shohei-noda/git/proj_wakayama_omi_pedigree_analysis/data/fastqs/n572_1.fq.gz,/Users/shohei-noda/git/proj_wakayama_omi_pedigree_analysis/data/fastqs/n572_2.fq.gz
n698,/Users/shohei-noda/git/proj_wakayama_omi_pedigree_analysis/data/fastqs/n698_1.fq.gz,/Users/shohei-noda/git/proj_wakayama_omi_pedigree_analysis/data/fastqs/n698_2.fq.gz
n711,/Users/shohei-noda/git/proj_wakayama_omi_pedigree_analysis/data/fastqs/n711_1.fq.gz,/Users/shohei-noda/git/proj_wakayama_omi_pedigree_analysis/data/fastqs/n711_2.fq.gz
n635,/Users/shohei-noda/git/proj_wakayama_omi_pedigree_analysis/data/fastqs/n635_1.fq.gz,/Users/shohei-noda/git/proj_wakayama_omi_pedigree_analysis/data/fastqs/n635_2.fq.gz
n718,/Users/shohei-noda/git/proj_wakayama_omi_pedigree_analysis/data/fastqs/n718_1.fq.gz,/Users/shohei-noda/git/proj_wakayama_omi_pedigree_analysis/data/fastqs/n718_2.fq.gz
n632,/Users/shohei-noda/git/proj_wakayama_omi_pedigree_analysis/data/fastqs/n632_1.fq.gz,/Users/shohei-noda/git/proj_wakayama_omi_pedigree_analysis/data/fastqs/n632_2.fq.gz
n618,/Users/shohei-noda/git/proj_wakayama_omi_pedigree_analysis/data/fastqs/n618_1.fq.gz,/Users/shohei-noda/git/proj_wakayama_omi_pedigree_analysis/data/fastqs/n618_2.fq.gz
n586,/Users/shohei-noda/git/proj_wakayama_omi_pedigree_analysis/data/fastqs/n586_1.fq.gz,/Users/shohei-noda/git/proj_wakayama_omi_pedigree_analysis/data/fastqs/n586_2.fq.gz
n796,/Users/shohei-noda/git/proj_wakayama_omi_pedigree_analysis/data/fastqs/n796_1.fq.gz,/Users/shohei-noda/git/proj_wakayama_omi_pedigree_analysis/data/fastqs/n796_2.fq.gz
n650,/Users/shohei-noda/git/proj_wakayama_omi_pedigree_analysis/data/fastqs/n650_1.fq.gz,/Users/shohei-noda/git/proj_wakayama_omi_pedigree_analysis/data/fastqs/n650_2.fq.gz
n747,/Users/shohei-noda/git/proj_wakayama_omi_pedigree_analysis/data/fastqs/n747_1.fq.gz,/Users/shohei-noda/git/proj_wakayama_omi_pedigree_analysis/data/fastqs/n747_2.fq.gz
n595,/Users/shohei-noda/git/proj_wakayama_omi_pedigree_analysis/data/fastqs/n595_1.fq.gz,/Users/shohei-noda/git/proj_wakayama_omi_pedigree_analysis/data/fastqs/n595_2.fq.gz
n775,/Users/shohei-noda/git/proj_wakayama_omi_pedigree_analysis/data/fastqs/n775_1.fq.gz,/Users/shohei-noda/git/proj_wakayama_omi_pedigree_analysis/data/fastqs/n775_2.fq.gz
n783,/Users/shohei-noda/git/proj_wakayama_omi_pedigree_analysis/data/fastqs/n783_1.fq.gz,/Users/shohei-noda/git/proj_wakayama_omi_pedigree_analysis/data/fastqs/n783_2.fq.gz
n665,/Users/shohei-noda/git/proj_wakayama_omi_pedigree_analysis/data/fastqs/n665_1.fq.gz,/Users/shohei-noda/git/proj_wakayama_omi_pedigree_analysis/data/fastqs/n665_2.fq.gz
n758,/Users/shohei-noda/git/proj_wakayama_omi_pedigree_analysis/data/fastqs/n758_1.fq.gz,/Users/shohei-noda/git/proj_wakayama_omi_pedigree_analysis/data/fastqs/n758_2.fq.gz
n677,/Users/shohei-noda/git/proj_wakayama_omi_pedigree_analysis/data/fastqs/n677_1.fq.gz,/Users/shohei-noda/git/proj_wakayama_omi_pedigree_analysis/data/fastqs/n677_2.fq.gz
n574,/Users/shohei-noda/git/proj_wakayama_omi_pedigree_analysis/data/fastqs/n574_1.fq.gz,/Users/shohei-noda/git/proj_wakayama_omi_pedigree_analysis/data/fastqs/n574_2.fq.gz
n607,/Users/shohei-noda/git/proj_wakayama_omi_pedigree_analysis/data/fastqs/n607_1.fq.gz,/Users/shohei-noda/git/proj_wakayama_omi_pedigree_analysis/data/fastqs/n607_2.fq.gz
n610,/Users/shohei-noda/git/proj_wakayama_omi_pedigree_analysis/data/fastqs/n610_1.fq.gz,/Users/shohei-noda/git/proj_wakayama_omi_pedigree_analysis/data/fastqs/n610_2.fq.gz
n633,/Users/shohei-noda/git/proj_wakayama_omi_pedigree_analysis/data/fastqs/n633_1.fq.gz,/Users/shohei-noda/git/proj_wakayama_omi_pedigree_analysis/data/fastqs/n633_2.fq.gz
n551,/Users/shohei-noda/git/proj_wakayama_omi_pedigree_analysis/data/fastqs/n551_1.fq.gz,/Users/shohei-noda/git/proj_wakayama_omi_pedigree_analysis/data/fastqs/n551_2.fq.gz
n656,/Users/shohei-noda/git/proj_wakayama_omi_pedigree_analysis/data/fastqs/n656_1.fq.gz,/Users/shohei-noda/git/proj_wakayama_omi_pedigree_analysis/data/fastqs/n656_2.fq.gz
n617,/Users/shohei-noda/git/proj_wakayama_omi_pedigree_analysis/data/fastqs/n617_1.fq.gz,/Users/shohei-noda/git/proj_wakayama_omi_pedigree_analysis/data/fastqs/n617_2.fq.gz
n694,/Users/shohei-noda/git/proj_wakayama_omi_pedigree_analysis/data/fastqs/n694_1.fq.gz,/Users/shohei-noda/git/proj_wakayama_omi_pedigree_analysis/data/fastqs/n694_2.fq.gz
n563,/Users/shohei-noda/git/proj_wakayama_omi_pedigree_analysis/data/fastqs/n563_1.fq.gz,/Users/shohei-noda/git/proj_wakayama_omi_pedigree_analysis/data/fastqs/n563_2.fq.gz
n566,/Users/shohei-noda/git/proj_wakayama_omi_pedigree_analysis/data/fastqs/n566_1.fq.gz,/Users/shohei-noda/git/proj_wakayama_omi_pedigree_analysis/data/fastqs/n566_2.fq.gz
n706,/Users/shohei-noda/git/proj_wakayama_omi_pedigree_analysis/data/fastqs/n706_1.fq.gz,/Users/shohei-noda/git/proj_wakayama_omi_pedigree_analysis/data/fastqs/n706_2.fq.gz
n546,/Users/shohei-noda/git/proj_wakayama_omi_pedigree_analysis/data/fastqs/n546_1.fq.gz,/Users/shohei-noda/git/proj_wakayama_omi_pedigree_analysis/data/fastqs/n546_2.fq.gz
n661,/Users/shohei-noda/git/proj_wakayama_omi_pedigree_analysis/data/fastqs/n661_1.fq.gz,/Users/shohei-noda/git/proj_wakayama_omi_pedigree_analysis/data/fastqs/n661_2.fq.gz
n766,/Users/shohei-noda/git/proj_wakayama_omi_pedigree_analysis/data/fastqs/n766_1.fq.gz,/Users/shohei-noda/git/proj_wakayama_omi_pedigree_analysis/data/fastqs/n766_2.fq.gz
n606,/Users/shohei-noda/git/proj_wakayama_omi_pedigree_analysis/data/fastqs/n606_1.fq.gz,/Users/shohei-noda/git/proj_wakayama_omi_pedigree_analysis/data/fastqs/n606_2.fq.gz
n562,/Users/shohei-noda/git/proj_wakayama_omi_pedigree_analysis/data/fastqs/n562_1.fq.gz,/Users/shohei-noda/git/proj_wakayama_omi_pedigree_analysis/data/fastqs/n562_2.fq.gz
n800,/Users/shohei-noda/git/proj_wakayama_omi_pedigree_analysis/data/fastqs/n800_1.fq.gz,/Users/shohei-noda/git/proj_wakayama_omi_pedigree_analysis/data/fastqs/n800_2.fq.gz
n625,/Users/shohei-noda/git/proj_wakayama_omi_pedigree_analysis/data/fastqs/n625_1.fq.gz,/Users/shohei-noda/git/proj_wakayama_omi_pedigree_analysis/data/fastqs/n625_2.fq.gz
n643,/Users/shohei-noda/git/proj_wakayama_omi_pedigree_analysis/data/fastqs/n643_1.fq.gz,/Users/shohei-noda/git/proj_wakayama_omi_pedigree_analysis/data/fastqs/n643_2.fq.gz
n777,/Users/shohei-noda/git/proj_wakayama_omi_pedigree_analysis/data/fastqs/n777_1.fq.gz,/Users/shohei-noda/git/proj_wakayama_omi_pedigree_analysis/data/fastqs/n777_2.fq.gz
n759,/Users/shohei-noda/git/proj_wakayama_omi_pedigree_analysis/data/fastqs/n759_1.fq.gz,/Users/shohei-noda/git/proj_wakayama_omi_pedigree_analysis/data/fastqs/n759_2.fq.gz
n541,/Users/shohei-noda/git/proj_wakayama_omi_pedigree_analysis/data/fastqs/n541_1.fq.gz,/Users/shohei-noda/git/proj_wakayama_omi_pedigree_analysis/data/fastqs/n541_2.fq.gz
n709,/Users/shohei-noda/git/proj_wakayama_omi_pedigree_analysis/data/fastqs/n709_1.fq.gz,/Users/shohei-noda/git/proj_wakayama_omi_pedigree_analysis/data/fastqs/n709_2.fq.gz
n639,/Users/shohei-noda/git/proj_wakayama_omi_pedigree_analysis/data/fastqs/n639_1.fq.gz,/Users/shohei-noda/git/proj_wakayama_omi_pedigree_analysis/data/fastqs/n639_2.fq.gz
n636,/Users/shohei-noda/git/proj_wakayama_omi_pedigree_analysis/data/fastqs/n636_1.fq.gz,/Users/shohei-noda/git/proj_wakayama_omi_pedigree_analysis/data/fastqs/n636_2.fq.gz
n686,/Users/shohei-noda/git/proj_wakayama_omi_pedigree_analysis/data/fastqs/n686_1.fq.gz,/Users/shohei-noda/git/proj_wakayama_omi_pedigree_analysis/data/fastqs/n686_2.fq.gz
n670,/Users/shohei-noda/git/proj_wakayama_omi_pedigree_analysis/data/fastqs/n670_1.fq.gz,/Users/shohei-noda/git/proj_wakayama_omi_pedigree_analysis/data/fastqs/n670_2.fq.gz
n616,/Users/shohei-noda/git/proj_wakayama_omi_pedigree_analysis/data/fastqs/n616_1.fq.gz,/Users/shohei-noda/git/proj_wakayama_omi_pedigree_analysis/data/fastqs/n616_2.fq.gz
n732,/Users/shohei-noda/git/proj_wakayama_omi_pedigree_analysis/data/fastqs/n732_1.fq.gz,/Users/shohei-noda/git/proj_wakayama_omi_pedigree_analysis/data/fastqs/n732_2.fq.gz
n770,/Users/shohei-noda/git/proj_wakayama_omi_pedigree_analysis/data/fastqs/n770_1.fq.gz,/Users/shohei-noda/git/proj_wakayama_omi_pedigree_analysis/data/fastqs/n770_2.fq.gz
n696,/Users/shohei-noda/git/proj_wakayama_omi_pedigree_analysis/data/fastqs/n696_1.fq.gz,/Users/shohei-noda/git/proj_wakayama_omi_pedigree_analysis/data/fastqs/n696_2.fq.gz
n628,/Users/shohei-noda/git/proj_wakayama_omi_pedigree_analysis/data/fastqs/n628_1.fq.gz,/Users/shohei-noda/git/proj_wakayama_omi_pedigree_analysis/data/fastqs/n628_2.fq.gz
n792,/Users/shohei-noda/git/proj_wakayama_omi_pedigree_analysis/data/fastqs/n792_1.fq.gz,/Users/shohei-noda/git/proj_wakayama_omi_pedigree_analysis/data/fastqs/n792_2.fq.gz
n622,/Users/shohei-noda/git/proj_wakayama_omi_pedigree_analysis/data/fastqs/n622_1.fq.gz,/Users/shohei-noda/git/proj_wakayama_omi_pedigree_analysis/data/fastqs/n622_2.fq.gz
n769,/Users/shohei-noda/git/proj_wakayama_omi_pedigree_analysis/data/fastqs/n769_1.fq.gz,/Users/shohei-noda/git/proj_wakayama_omi_pedigree_analysis/data/fastqs/n769_2.fq.gz
n614,/Users/shohei-noda/git/proj_wakayama_omi_pedigree_analysis/data/fastqs/n614_1.fq.gz,/Users/shohei-noda/git/proj_wakayama_omi_pedigree_analysis/data/fastqs/n614_2.fq.gz
n778,/Users/shohei-noda/git/proj_wakayama_omi_pedigree_analysis/data/fastqs/n778_1.fq.gz,/Users/shohei-noda/git/proj_wakayama_omi_pedigree_analysis/data/fastqs/n778_2.fq.gz
n738,/Users/shohei-noda/git/proj_wakayama_omi_pedigree_analysis/data/fastqs/n738_1.fq.gz,/Users/shohei-noda/git/proj_wakayama_omi_pedigree_analysis/data/fastqs/n738_2.fq.gz
n550,/Users/shohei-noda/git/proj_wakayama_omi_pedigree_analysis/data/fastqs/n550_1.fq.gz,/Users/shohei-noda/git/proj_wakayama_omi_pedigree_analysis/data/fastqs/n550_2.fq.gz
n761,/Users/shohei-noda/git/proj_wakayama_omi_pedigree_analysis/data/fastqs/n761_1.fq.gz,/Users/shohei-noda/git/proj_wakayama_omi_pedigree_analysis/data/fastqs/n761_2.fq.gz
n710,/Users/shohei-noda/git/proj_wakayama_omi_pedigree_analysis/data/fastqs/n710_1.fq.gz,/Users/shohei-noda/git/proj_wakayama_omi_pedigree_analysis/data/fastqs/n710_2.fq.gz
n609,/Users/shohei-noda/git/proj_wakayama_omi_pedigree_analysis/data/fastqs/n609_1.fq.gz,/Users/shohei-noda/git/proj_wakayama_omi_pedigree_analysis/data/fastqs/n609_2.fq.gz
n613,/Users/shohei-noda/git/proj_wakayama_omi_pedigree_analysis/data/fastqs/n613_1.fq.gz,/Users/shohei-noda/git/proj_wakayama_omi_pedigree_analysis/data/fastqs/n613_2.fq.gz
n539,/Users/shohei-noda/git/proj_wakayama_omi_pedigree_analysis/data/fastqs/n539_1.fq.gz,/Users/shohei-noda/git/proj_wakayama_omi_pedigree_analysis/data/fastqs/n539_2.fq.gz
n548,/Users/shohei-noda/git/proj_wakayama_omi_pedigree_analysis/data/fastqs/n548_1.fq.gz,/Users/shohei-noda/git/proj_wakayama_omi_pedigree_analysis/data/fastqs/n548_2.fq.gz
n729,/Users/shohei-noda/git/proj_wakayama_omi_pedigree_analysis/data/fastqs/n729_1.fq.gz,/Users/shohei-noda/git/proj_wakayama_omi_pedigree_analysis/data/fastqs/n729_2.fq.gz
n623,/Users/shohei-noda/git/proj_wakayama_omi_pedigree_analysis/data/fastqs/n623_1.fq.gz,/Users/shohei-noda/git/proj_wakayama_omi_pedigree_analysis/data/fastqs/n623_2.fq.gz
n760,/Users/shohei-noda/git/proj_wakayama_omi_pedigree_analysis/data/fastqs/n760_1.fq.gz,/Users/shohei-noda/git/proj_wakayama_omi_pedigree_analysis/data/fastqs/n760_2.fq.gz
n589,/Users/shohei-noda/git/proj_wakayama_omi_pedigree_analysis/data/fastqs/n589_1.fq.gz,/Users/shohei-noda/git/proj_wakayama_omi_pedigree_analysis/data/fastqs/n589_2.fq.gz
n680,/Users/shohei-noda/git/proj_wakayama_omi_pedigree_analysis/data/fastqs/n680_1.fq.gz,/Users/shohei-noda/git/proj_wakayama_omi_pedigree_analysis/data/fastqs/n680_2.fq.gz
n663,/Users/shohei-noda/git/proj_wakayama_omi_pedigree_analysis/data/fastqs/n663_1.fq.gz,/Users/shohei-noda/git/proj_wakayama_omi_pedigree_analysis/data/fastqs/n663_2.fq.gz
n651,/Users/shohei-noda/git/proj_wakayama_omi_pedigree_analysis/data/fastqs/n651_1.fq.gz,/Users/shohei-noda/git/proj_wakayama_omi_pedigree_analysis/data/fastqs/n651_2.fq.gz
n655,/Users/shohei-noda/git/proj_wakayama_omi_pedigree_analysis/data/fastqs/n655_1.fq.gz,/Users/shohei-noda/git/proj_wakayama_omi_pedigree_analysis/data/fastqs/n655_2.fq.gz
n605,/Users/shohei-noda/git/proj_wakayama_omi_pedigree_analysis/data/fastqs/n605_1.fq.gz,/Users/shohei-noda/git/proj_wakayama_omi_pedigree_analysis/data/fastqs/n605_2.fq.gz
n741,/Users/shohei-noda/git/proj_wakayama_omi_pedigree_analysis/data/fastqs/n741_1.fq.gz,/Users/shohei-noda/git/proj_wakayama_omi_pedigree_analysis/data/fastqs/n741_2.fq.gz
n641,/Users/shohei-noda/git/proj_wakayama_omi_pedigree_analysis/data/fastqs/n641_1.fq.gz,/Users/shohei-noda/git/proj_wakayama_omi_pedigree_analysis/data/fastqs/n641_2.fq.gz
n648,/Users/shohei-noda/git/proj_wakayama_omi_pedigree_analysis/data/fastqs/n648_1.fq.gz,/Users/shohei-noda/git/proj_wakayama_omi_pedigree_analysis/data/fastqs/n648_2.fq.gz
n1717,/Users/shohei-noda/git/proj_wakayama_omi_pedigree_analysis/data/fastqs/n1717_1.fq.gz,/Users/shohei-noda/git/proj_wakayama_omi_pedigree_analysis/data/fastqs/n1717_2.fq.gz
n646,/Users/shohei-noda/git/proj_wakayama_omi_pedigree_analysis/data/fastqs/n646_1.fq.gz,/Users/shohei-noda/git/proj_wakayama_omi_pedigree_analysis/data/fastqs/n646_2.fq.gz
n542,/Users/shohei-noda/git/proj_wakayama_omi_pedigree_analysis/data/fastqs/n542_1.fq.gz,/Users/shohei-noda/git/proj_wakayama_omi_pedigree_analysis/data/fastqs/n542_2.fq.gz
n637,/Users/shohei-noda/git/proj_wakayama_omi_pedigree_analysis/data/fastqs/n637_1.fq.gz,/Users/shohei-noda/git/proj_wakayama_omi_pedigree_analysis/data/fastqs/n637_2.fq.gz
n569,/Users/shohei-noda/git/proj_wakayama_omi_pedigree_analysis/data/fastqs/n569_1.fq.gz,/Users/shohei-noda/git/proj_wakayama_omi_pedigree_analysis/data/fastqs/n569_2.fq.gz
n713,/Users/shohei-noda/git/proj_wakayama_omi_pedigree_analysis/data/fastqs/n713_1.fq.gz,/Users/shohei-noda/git/proj_wakayama_omi_pedigree_analysis/data/fastqs/n713_2.fq.gz
n782,/Users/shohei-noda/git/proj_wakayama_omi_pedigree_analysis/data/fastqs/n782_1.fq.gz,/Users/shohei-noda/git/proj_wakayama_omi_pedigree_analysis/data/fastqs/n782_2.fq.gz
n560,/Users/shohei-noda/git/proj_wakayama_omi_pedigree_analysis/data/fastqs/n560_1.fq.gz,/Users/shohei-noda/git/proj_wakayama_omi_pedigree_analysis/data/fastqs/n560_2.fq.gz
n691,/Users/shohei-noda/git/proj_wakayama_omi_pedigree_analysis/data/fastqs/n691_1.fq.gz,/Users/shohei-noda/git/proj_wakayama_omi_pedigree_analysis/data/fastqs/n691_2.fq.gz
n620,/Users/shohei-noda/git/proj_wakayama_omi_pedigree_analysis/data/fastqs/n620_1.fq.gz,/Users/shohei-noda/git/proj_wakayama_omi_pedigree_analysis/data/fastqs/n620_2.fq.gz
n1887,/Users/shohei-noda/git/proj_wakayama_omi_pedigree_analysis/data/fastqs/n1887_1.fq.gz,/Users/shohei-noda/git/proj_wakayama_omi_pedigree_analysis/data/fastqs/n1887_2.fq.gz
n788,/Users/shohei-noda/git/proj_wakayama_omi_pedigree_analysis/data/fastqs/n788_1.fq.gz,/Users/shohei-noda/git/proj_wakayama_omi_pedigree_analysis/data/fastqs/n788_2.fq.gz
n1874,/Users/shohei-noda/git/proj_wakayama_omi_pedigree_analysis/data/fastqs/n1874_1.fq.gz,/Users/shohei-noda/git/proj_wakayama_omi_pedigree_analysis/data/fastqs/n1874_2.fq.gz
n538,/Users/shohei-noda/git/proj_wakayama_omi_pedigree_analysis/data/fastqs/n538_1.fq.gz,/Users/shohei-noda/git/proj_wakayama_omi_pedigree_analysis/data/fastqs/n538_2.fq.gz
n579,/Users/shohei-noda/git/proj_wakayama_omi_pedigree_analysis/data/fastqs/n579_1.fq.gz,/Users/shohei-noda/git/proj_wakayama_omi_pedigree_analysis/data/fastqs/n579_2.fq.gz
n703,/Users/shohei-noda/git/proj_wakayama_omi_pedigree_analysis/data/fastqs/n703_1.fq.gz,/Users/shohei-noda/git/proj_wakayama_omi_pedigree_analysis/data/fastqs/n703_2.fq.gz
n591,/Users/shohei-noda/git/proj_wakayama_omi_pedigree_analysis/data/fastqs/n591_1.fq.gz,/Users/shohei-noda/git/proj_wakayama_omi_pedigree_analysis/data/fastqs/n591_2.fq.gz
n1847,/Users/shohei-noda/git/proj_wakayama_omi_pedigree_analysis/data/fastqs/n1847_1.fq.gz,/Users/shohei-noda/git/proj_wakayama_omi_pedigree_analysis/data/fastqs/n1847_2.fq.gz
n642,/Users/shohei-noda/git/proj_wakayama_omi_pedigree_analysis/data/fastqs/n642_1.fq.gz,/Users/shohei-noda/git/proj_wakayama_omi_pedigree_analysis/data/fastqs/n642_2.fq.gz
n700,/Users/shohei-noda/git/proj_wakayama_omi_pedigree_analysis/data/fastqs/n700_1.fq.gz,/Users/shohei-noda/git/proj_wakayama_omi_pedigree_analysis/data/fastqs/n700_2.fq.gz
n594,/Users/shohei-noda/git/proj_wakayama_omi_pedigree_analysis/data/fastqs/n594_1.fq.gz,/Users/shohei-noda/git/proj_wakayama_omi_pedigree_analysis/data/fastqs/n594_2.fq.gz
n664,/Users/shohei-noda/git/proj_wakayama_omi_pedigree_analysis/data/fastqs/n664_1.fq.gz,/Users/shohei-noda/git/proj_wakayama_omi_pedigree_analysis/data/fastqs/n664_2.fq.gz
n1824,/Users/shohei-noda/git/proj_wakayama_omi_pedigree_analysis/data/fastqs/n1824_1.fq.gz,/Users/shohei-noda/git/proj_wakayama_omi_pedigree_analysis/data/fastqs/n1824_2.fq.gz
n597,/Users/shohei-noda/git/proj_wakayama_omi_pedigree_analysis/data/fastqs/n597_1.fq.gz,/Users/shohei-noda/git/proj_wakayama_omi_pedigree_analysis/data/fastqs/n597_2.fq.gz
n730,/Users/shohei-noda/git/proj_wakayama_omi_pedigree_analysis/data/fastqs/n730_1.fq.gz,/Users/shohei-noda/git/proj_wakayama_omi_pedigree_analysis/data/fastqs/n730_2.fq.gz
n654,/Users/shohei-noda/git/proj_wakayama_omi_pedigree_analysis/data/fastqs/n654_1.fq.gz,/Users/shohei-noda/git/proj_wakayama_omi_pedigree_analysis/data/fastqs/n654_2.fq.gz
n561,/Users/shohei-noda/git/proj_wakayama_omi_pedigree_analysis/data/fastqs/n561_1.fq.gz,/Users/shohei-noda/git/proj_wakayama_omi_pedigree_analysis/data/fastqs/n561_2.fq.gz
n554,/Users/shohei-noda/git/proj_wakayama_omi_pedigree_analysis/data/fastqs/n554_1.fq.gz,/Users/shohei-noda/git/proj_wakayama_omi_pedigree_analysis/data/fastqs/n554_2.fq.gz
n645,/Users/shohei-noda/git/proj_wakayama_omi_pedigree_analysis/data/fastqs/n645_1.fq.gz,/Users/shohei-noda/git/proj_wakayama_omi_pedigree_analysis/data/fastqs/n645_2.fq.gz
n660,/Users/shohei-noda/git/proj_wakayama_omi_pedigree_analysis/data/fastqs/n660_1.fq.gz,/Users/shohei-noda/git/proj_wakayama_omi_pedigree_analysis/data/fastqs/n660_2.fq.gz
n659,/Users/shohei-noda/git/proj_wakayama_omi_pedigree_analysis/data/fastqs/n659_1.fq.gz,/Users/shohei-noda/git/proj_wakayama_omi_pedigree_analysis/data/fastqs/n659_2.fq.gz
n671,/Users/shohei-noda/git/proj_wakayama_omi_pedigree_analysis/data/fastqs/n671_1.fq.gz,/Users/shohei-noda/git/proj_wakayama_omi_pedigree_analysis/data/fastqs/n671_2.fq.gz
n576,/Users/shohei-noda/git/proj_wakayama_omi_pedigree_analysis/data/fastqs/n576_1.fq.gz,/Users/shohei-noda/git/proj_wakayama_omi_pedigree_analysis/data/fastqs/n576_2.fq.gz
n740,/Users/shohei-noda/git/proj_wakayama_omi_pedigree_analysis/data/fastqs/n740_1.fq.gz,/Users/shohei-noda/git/proj_wakayama_omi_pedigree_analysis/data/fastqs/n740_2.fq.gz
n736,/Users/shohei-noda/git/proj_wakayama_omi_pedigree_analysis/data/fastqs/n736_1.fq.gz,/Users/shohei-noda/git/proj_wakayama_omi_pedigree_analysis/data/fastqs/n736_2.fq.gz
n723,/Users/shohei-noda/git/proj_wakayama_omi_pedigree_analysis/data/fastqs/n723_1.fq.gz,/Users/shohei-noda/git/proj_wakayama_omi_pedigree_analysis/data/fastqs/n723_2.fq.gz
n791,/Users/shohei-noda/git/proj_wakayama_omi_pedigree_analysis/data/fastqs/n791_1.fq.gz,/Users/shohei-noda/git/proj_wakayama_omi_pedigree_analysis/data/fastqs/n791_2.fq.gz
n771,/Users/shohei-noda/git/proj_wakayama_omi_pedigree_analysis/data/fastqs/n771_1.fq.gz,/Users/shohei-noda/git/proj_wakayama_omi_pedigree_analysis/data/fastqs/n771_2.fq.gz
n624,/Users/shohei-noda/git/proj_wakayama_omi_pedigree_analysis/data/fastqs/n624_1.fq.gz,/Users/shohei-noda/git/proj_wakayama_omi_pedigree_analysis/data/fastqs/n624_2.fq.gz
n601,/Users/shohei-noda/git/proj_wakayama_omi_pedigree_analysis/data/fastqs/n601_1.fq.gz,/Users/shohei-noda/git/proj_wakayama_omi_pedigree_analysis/data/fastqs/n601_2.fq.gz
n575,/Users/shohei-noda/git/proj_wakayama_omi_pedigree_analysis/data/fastqs/n575_1.fq.gz,/Users/shohei-noda/git/proj_wakayama_omi_pedigree_analysis/data/fastqs/n575_2.fq.gz
n689,/Users/shohei-noda/git/proj_wakayama_omi_pedigree_analysis/data/fastqs/n689_1.fq.gz,/Users/shohei-noda/git/proj_wakayama_omi_pedigree_analysis/data/fastqs/n689_2.fq.gz
n764,/Users/shohei-noda/git/proj_wakayama_omi_pedigree_analysis/data/fastqs/n764_1.fq.gz,/Users/shohei-noda/git/proj_wakayama_omi_pedigree_analysis/data/fastqs/n764_2.fq.gz
n721,/Users/shohei-noda/git/proj_wakayama_omi_pedigree_analysis/data/fastqs/n721_1.fq.gz,/Users/shohei-noda/git/proj_wakayama_omi_pedigree_analysis/data/fastqs/n721_2.fq.gz
n557,/Users/shohei-noda/git/proj_wakayama_omi_pedigree_analysis/data/fastqs/n557_1.fq.gz,/Users/shohei-noda/git/proj_wakayama_omi_pedigree_analysis/data/fastqs/n557_2.fq.gz
n768,/Users/shohei-noda/git/proj_wakayama_omi_pedigree_analysis/data/fastqs/n768_1.fq.gz,/Users/shohei-noda/git/proj_wakayama_omi_pedigree_analysis/data/fastqs/n768_2.fq.gz
n734,/Users/shohei-noda/git/proj_wakayama_omi_pedigree_analysis/data/fastqs/n734_1.fq.gz,/Users/shohei-noda/git/proj_wakayama_omi_pedigree_analysis/data/fastqs/n734_2.fq.gz
n739,/Users/shohei-noda/git/proj_wakayama_omi_pedigree_analysis/data/fastqs/n739_1.fq.gz,/Users/shohei-noda/git/proj_wakayama_omi_pedigree_analysis/data/fastqs/n739_2.fq.gz
n626,/Users/shohei-noda/git/proj_wakayama_omi_pedigree_analysis/data/fastqs/n626_1.fq.gz,/Users/shohei-noda/git/proj_wakayama_omi_pedigree_analysis/data/fastqs/n626_2.fq.gz
n737,/Users/shohei-noda/git/proj_wakayama_omi_pedigree_analysis/data/fastqs/n737_1.fq.gz,/Users/shohei-noda/git/proj_wakayama_omi_pedigree_analysis/data/fastqs/n737_2.fq.gz
n666,/Users/shohei-noda/git/proj_wakayama_omi_pedigree_analysis/data/fastqs/n666_1.fq.gz,/Users/shohei-noda/git/proj_wakayama_omi_pedigree_analysis/data/fastqs/n666_2.fq.gz
n540,/Users/shohei-noda/git/proj_wakayama_omi_pedigree_analysis/data/fastqs/n540_1.fq.gz,/Users/shohei-noda/git/proj_wakayama_omi_pedigree_analysis/data/fastqs/n540_2.fq.gz
n631,/Users/shohei-noda/git/proj_wakayama_omi_pedigree_analysis/data/fastqs/n631_1.fq.gz,/Users/shohei-noda/git/proj_wakayama_omi_pedigree_analysis/data/fastqs/n631_2.fq.gz
n590,/Users/shohei-noda/git/proj_wakayama_omi_pedigree_analysis/data/fastqs/n590_1.fq.gz,/Users/shohei-noda/git/proj_wakayama_omi_pedigree_analysis/data/fastqs/n590_2.fq.gz
n765,/Users/shohei-noda/git/proj_wakayama_omi_pedigree_analysis/data/fastqs/n765_1.fq.gz,/Users/shohei-noda/git/proj_wakayama_omi_pedigree_analysis/data/fastqs/n765_2.fq.gz
n536,/Users/shohei-noda/git/proj_wakayama_omi_pedigree_analysis/data/fastqs/n536_1.fq.gz,/Users/shohei-noda/git/proj_wakayama_omi_pedigree_analysis/data/fastqs/n536_2.fq.gz
n1815,/Users/shohei-noda/git/proj_wakayama_omi_pedigree_analysis/data/fastqs/n1815_1.fq.gz,/Users/shohei-noda/git/proj_wakayama_omi_pedigree_analysis/data/fastqs/n1815_2.fq.gz
n787,/Users/shohei-noda/git/proj_wakayama_omi_pedigree_analysis/data/fastqs/n787_1.fq.gz,/Users/shohei-noda/git/proj_wakayama_omi_pedigree_analysis/data/fastqs/n787_2.fq.gz
n793,/Users/shohei-noda/git/proj_wakayama_omi_pedigree_analysis/data/fastqs/n793_1.fq.gz,/Users/shohei-noda/git/proj_wakayama_omi_pedigree_analysis/data/fastqs/n793_2.fq.gz
n584,/Users/shohei-noda/git/proj_wakayama_omi_pedigree_analysis/data/fastqs/n584_1.fq.gz,/Users/shohei-noda/git/proj_wakayama_omi_pedigree_analysis/data/fastqs/n584_2.fq.gz
n693,/Users/shohei-noda/git/proj_wakayama_omi_pedigree_analysis/data/fastqs/n693_1.fq.gz,/Users/shohei-noda/git/proj_wakayama_omi_pedigree_analysis/data/fastqs/n693_2.fq.gz
n559,/Users/shohei-noda/git/proj_wakayama_omi_pedigree_analysis/data/fastqs/n559_1.fq.gz,/Users/shohei-noda/git/proj_wakayama_omi_pedigree_analysis/data/fastqs/n559_2.fq.gz
n619,/Users/shohei-noda/git/proj_wakayama_omi_pedigree_analysis/data/fastqs/n619_1.fq.gz,/Users/shohei-noda/git/proj_wakayama_omi_pedigree_analysis/data/fastqs/n619_2.fq.gz
n573,/Users/shohei-noda/git/proj_wakayama_omi_pedigree_analysis/data/fastqs/n573_1.fq.gz,/Users/shohei-noda/git/proj_wakayama_omi_pedigree_analysis/data/fastqs/n573_2.fq.gz
n1850,/Users/shohei-noda/git/proj_wakayama_omi_pedigree_analysis/data/fastqs/n1850_1.fq.gz,/Users/shohei-noda/git/proj_wakayama_omi_pedigree_analysis/data/fastqs/n1850_2.fq.gz
n537,/Users/shohei-noda/git/proj_wakayama_omi_pedigree_analysis/data/fastqs/n537_1.fq.gz,/Users/shohei-noda/git/proj_wakayama_omi_pedigree_analysis/data/fastqs/n537_2.fq.gz
n555,/Users/shohei-noda/git/proj_wakayama_omi_pedigree_analysis/data/fastqs/n555_1.fq.gz,/Users/shohei-noda/git/proj_wakayama_omi_pedigree_analysis/data/fastqs/n555_2.fq.gz
n755,/Users/shohei-noda/git/proj_wakayama_omi_pedigree_analysis/data/fastqs/n755_1.fq.gz,/Users/shohei-noda/git/proj_wakayama_omi_pedigree_analysis/data/fastqs/n755_2.fq.gz
n674,/Users/shohei-noda/git/proj_wakayama_omi_pedigree_analysis/data/fastqs/n674_1.fq.gz,/Users/shohei-noda/git/proj_wakayama_omi_pedigree_analysis/data/fastqs/n674_2.fq.gz
n728,/Users/shohei-noda/git/proj_wakayama_omi_pedigree_analysis/data/fastqs/n728_1.fq.gz,/Users/shohei-noda/git/proj_wakayama_omi_pedigree_analysis/data/fastqs/n728_2.fq.gz
n779,/Users/shohei-noda/git/proj_wakayama_omi_pedigree_analysis/data/fastqs/n779_1.fq.gz,/Users/shohei-noda/git/proj_wakayama_omi_pedigree_analysis/data/fastqs/n779_2.fq.gz
n649,/Users/shohei-noda/git/proj_wakayama_omi_pedigree_analysis/data/fastqs/n649_1.fq.gz,/Users/shohei-noda/git/proj_wakayama_omi_pedigree_analysis/data/fastqs/n649_2.fq.gz
n776,/Users/shohei-noda/git/proj_wakayama_omi_pedigree_analysis/data/fastqs/n776_1.fq.gz,/Users/shohei-noda/git/proj_wakayama_omi_pedigree_analysis/data/fastqs/n776_2.fq.gz
n789,/Users/shohei-noda/git/proj_wakayama_omi_pedigree_analysis/data/fastqs/n789_1.fq.gz,/Users/shohei-noda/git/proj_wakayama_omi_pedigree_analysis/data/fastqs/n789_2.fq.gz
n708,/Users/shohei-noda/git/proj_wakayama_omi_pedigree_analysis/data/fastqs/n708_1.fq.gz,/Users/shohei-noda/git/proj_wakayama_omi_pedigree_analysis/data/fastqs/n708_2.fq.gz
n798,/Users/shohei-noda/git/proj_wakayama_omi_pedigree_analysis/data/fastqs/n798_1.fq.gz,/Users/shohei-noda/git/proj_wakayama_omi_pedigree_analysis/data/fastqs/n798_2.fq.gz
n612,/Users/shohei-noda/git/proj_wakayama_omi_pedigree_analysis/data/fastqs/n612_1.fq.gz,/Users/shohei-noda/git/proj_wakayama_omi_pedigree_analysis/data/fastqs/n612_2.fq.gz
n750,/Users/shohei-noda/git/proj_wakayama_omi_pedigree_analysis/data/fastqs/n750_1.fq.gz,/Users/shohei-noda/git/proj_wakayama_omi_pedigree_analysis/data/fastqs/n750_2.fq.gz
n600,/Users/shohei-noda/git/proj_wakayama_omi_pedigree_analysis/data/fastqs/n600_1.fq.gz,/Users/shohei-noda/git/proj_wakayama_omi_pedigree_analysis/data/fastqs/n600_2.fq.gz
n781,/Users/shohei-noda/git/proj_wakayama_omi_pedigree_analysis/data/fastqs/n781_1.fq.gz,/Users/shohei-noda/git/proj_wakayama_omi_pedigree_analysis/data/fastqs/n781_2.fq.gz
n571,/Users/shohei-noda/git/proj_wakayama_omi_pedigree_analysis/data/fastqs/n571_1.fq.gz,/Users/shohei-noda/git/proj_wakayama_omi_pedigree_analysis/data/fastqs/n571_2.fq.gz
n547,/Users/shohei-noda/git/proj_wakayama_omi_pedigree_analysis/data/fastqs/n547_1.fq.gz,/Users/shohei-noda/git/proj_wakayama_omi_pedigree_analysis/data/fastqs/n547_2.fq.gz
n603,/Users/shohei-noda/git/proj_wakayama_omi_pedigree_analysis/data/fastqs/n603_1.fq.gz,/Users/shohei-noda/git/proj_wakayama_omi_pedigree_analysis/data/fastqs/n603_2.fq.gz
n564,/Users/shohei-noda/git/proj_wakayama_omi_pedigree_analysis/data/fastqs/n564_1.fq.gz,/Users/shohei-noda/git/proj_wakayama_omi_pedigree_analysis/data/fastqs/n564_2.fq.gz
n593,/Users/shohei-noda/git/proj_wakayama_omi_pedigree_analysis/data/fastqs/n593_1.fq.gz,/Users/shohei-noda/git/proj_wakayama_omi_pedigree_analysis/data/fastqs/n593_2.fq.gz
n720,/Users/shohei-noda/git/proj_wakayama_omi_pedigree_analysis/data/fastqs/n720_1.fq.gz,/Users/shohei-noda/git/proj_wakayama_omi_pedigree_analysis/data/fastqs/n720_2.fq.gz
n553,/Users/shohei-noda/git/proj_wakayama_omi_pedigree_analysis/data/fastqs/n553_1.fq.gz,/Users/shohei-noda/git/proj_wakayama_omi_pedigree_analysis/data/fastqs/n553_2.fq.gz
n676,/Users/shohei-noda/git/proj_wakayama_omi_pedigree_analysis/data/fastqs/n676_1.fq.gz,/Users/shohei-noda/git/proj_wakayama_omi_pedigree_analysis/data/fastqs/n676_2.fq.gz
n682,/Users/shohei-noda/git/proj_wakayama_omi_pedigree_analysis/data/fastqs/n682_1.fq.gz,/Users/shohei-noda/git/proj_wakayama_omi_pedigree_analysis/data/fastqs/n682_2.fq.gz
n587,/Users/shohei-noda/git/proj_wakayama_omi_pedigree_analysis/data/fastqs/n587_1.fq.gz,/Users/shohei-noda/git/proj_wakayama_omi_pedigree_analysis/data/fastqs/n587_2.fq.gz
n598,/Users/shohei-noda/git/proj_wakayama_omi_pedigree_analysis/data/fastqs/n598_1.fq.gz,/Users/shohei-noda/git/proj_wakayama_omi_pedigree_analysis/data/fastqs/n598_2.fq.gz
n679,/Users/shohei-noda/git/proj_wakayama_omi_pedigree_analysis/data/fastqs/n679_1.fq.gz,/Users/shohei-noda/git/proj_wakayama_omi_pedigree_analysis/data/fastqs/n679_2.fq.gz
n827,/Users/shohei-noda/git/proj_wakayama_omi_pedigree_analysis/data/fastqs/n827_1.fq.gz,/Users/shohei-noda/git/proj_wakayama_omi_pedigree_analysis/data/fastqs/n827_2.fq.gz
n818,/Users/shohei-noda/git/proj_wakayama_omi_pedigree_analysis/data/fastqs/n818_1.fq.gz,/Users/shohei-noda/git/proj_wakayama_omi_pedigree_analysis/data/fastqs/n818_2.fq.gz
n812,/Users/shohei-noda/git/proj_wakayama_omi_pedigree_analysis/data/fastqs/n812_1.fq.gz,/Users/shohei-noda/git/proj_wakayama_omi_pedigree_analysis/data/fastqs/n812_2.fq.gz
n840,/Users/shohei-noda/git/proj_wakayama_omi_pedigree_analysis/data/fastqs/n840_1.fq.gz,/Users/shohei-noda/git/proj_wakayama_omi_pedigree_analysis/data/fastqs/n840_2.fq.gz
n842,/Users/shohei-noda/git/proj_wakayama_omi_pedigree_analysis/data/fastqs/n842_1.fq.gz,/Users/shohei-noda/git/proj_wakayama_omi_pedigree_analysis/data/fastqs/n842_2.fq.gz
n843,/Users/shohei-noda/git/proj_wakayama_omi_pedigree_analysis/data/fastqs/n843_1.fq.gz,/Users/shohei-noda/git/proj_wakayama_omi_pedigree_analysis/data/fastqs/n843_2.fq.gz
n845,/Users/shohei-noda/git/proj_wakayama_omi_pedigree_analysis/data/fastqs/n845_1.fq.gz,/Users/shohei-noda/git/proj_wakayama_omi_pedigree_analysis/data/fastqs/n845_2.fq.gz
n811,/Users/shohei-noda/git/proj_wakayama_omi_pedigree_analysis/data/fastqs/n811_1.fq.gz,/Users/shohei-noda/git/proj_wakayama_omi_pedigree_analysis/data/fastqs/n811_2.fq.gz
n834,/Users/shohei-noda/git/proj_wakayama_omi_pedigree_analysis/data/fastqs/n834_1.fq.gz,/Users/shohei-noda/git/proj_wakayama_omi_pedigree_analysis/data/fastqs/n834_2.fq.gz
n815,/Users/shohei-noda/git/proj_wakayama_omi_pedigree_analysis/data/fastqs/n815_1.fq.gz,/Users/shohei-noda/git/proj_wakayama_omi_pedigree_analysis/data/fastqs/n815_2.fq.gz
n824,/Users/shohei-noda/git/proj_wakayama_omi_pedigree_analysis/data/fastqs/n824_1.fq.gz,/Users/shohei-noda/git/proj_wakayama_omi_pedigree_analysis/data/fastqs/n824_2.fq.gz
n844,/Users/shohei-noda/git/proj_wakayama_omi_pedigree_analysis/data/fastqs/n844_1.fq.gz,/Users/shohei-noda/git/proj_wakayama_omi_pedigree_analysis/data/fastqs/n844_2.fq.gz
n808,/Users/shohei-noda/git/proj_wakayama_omi_pedigree_analysis/data/fastqs/n808_1.fq.gz,/Users/shohei-noda/git/proj_wakayama_omi_pedigree_analysis/data/fastqs/n808_2.fq.gz
n802,/Users/shohei-noda/git/proj_wakayama_omi_pedigree_analysis/data/fastqs/n802_1.fq.gz,/Users/shohei-noda/git/proj_wakayama_omi_pedigree_analysis/data/fastqs/n802_2.fq.gz
n832,/Users/shohei-noda/git/proj_wakayama_omi_pedigree_analysis/data/fastqs/n832_1.fq.gz,/Users/shohei-noda/git/proj_wakayama_omi_pedigree_analysis/data/fastqs/n832_2.fq.gz
n837,/Users/shohei-noda/git/proj_wakayama_omi_pedigree_analysis/data/fastqs/n837_1.fq.gz,/Users/shohei-noda/git/proj_wakayama_omi_pedigree_analysis/data/fastqs/n837_2.fq.gz
n846,/Users/shohei-noda/git/proj_wakayama_omi_pedigree_analysis/data/fastqs/n846_1.fq.gz,/Users/shohei-noda/git/proj_wakayama_omi_pedigree_analysis/data/fastqs/n846_2.fq.gz
n829,/Users/shohei-noda/git/proj_wakayama_omi_pedigree_analysis/data/fastqs/n829_1.fq.gz,/Users/shohei-noda/git/proj_wakayama_omi_pedigree_analysis/data/fastqs/n829_2.fq.gz
n830,/Users/shohei-noda/git/proj_wakayama_omi_pedigree_analysis/data/fastqs/n830_1.fq.gz,/Users/shohei-noda/git/proj_wakayama_omi_pedigree_analysis/data/fastqs/n830_2.fq.gz
n819,/Users/shohei-noda/git/proj_wakayama_omi_pedigree_analysis/data/fastqs/n819_1.fq.gz,/Users/shohei-noda/git/proj_wakayama_omi_pedigree_analysis/data/fastqs/n819_2.fq.gz
n823,/Users/shohei-noda/git/proj_wakayama_omi_pedigree_analysis/data/fastqs/n823_1.fq.gz,/Users/shohei-noda/git/proj_wakayama_omi_pedigree_analysis/data/fastqs/n823_2.fq.gz
n828,/Users/shohei-noda/git/proj_wakayama_omi_pedigree_analysis/data/fastqs/n828_1.fq.gz,/Users/shohei-noda/git/proj_wakayama_omi_pedigree_analysis/data/fastqs/n828_2.fq.gz
n839,/Users/shohei-noda/git/proj_wakayama_omi_pedigree_analysis/data/fastqs/n839_1.fq.gz,/Users/shohei-noda/git/proj_wakayama_omi_pedigree_analysis/data/fastqs/n839_2.fq.gz
n803,/Users/shohei-noda/git/proj_wakayama_omi_pedigree_analysis/data/fastqs/n803_1.fq.gz,/Users/shohei-noda/git/proj_wakayama_omi_pedigree_analysis/data/fastqs/n803_2.fq.gz
n847,/Users/shohei-noda/git/proj_wakayama_omi_pedigree_analysis/data/fastqs/n847_1.fq.gz,/Users/shohei-noda/git/proj_wakayama_omi_pedigree_analysis/data/fastqs/n847_2.fq.gz
n816,/Users/shohei-noda/git/proj_wakayama_omi_pedigree_analysis/data/fastqs/n816_1.fq.gz,/Users/shohei-noda/git/proj_wakayama_omi_pedigree_analysis/data/fastqs/n816_2.fq.gz
n801,/Users/shohei-noda/git/proj_wakayama_omi_pedigree_analysis/data/fastqs/n801_1.fq.gz,/Users/shohei-noda/git/proj_wakayama_omi_pedigree_analysis/data/fastqs/n801_2.fq.gz
n836,/Users/shohei-noda/git/proj_wakayama_omi_pedigree_analysis/data/fastqs/n836_1.fq.gz,/Users/shohei-noda/git/proj_wakayama_omi_pedigree_analysis/data/fastqs/n836_2.fq.gz
n831,/Users/shohei-noda/git/proj_wakayama_omi_pedigree_analysis/data/fastqs/n831_1.fq.gz,/Users/shohei-noda/git/proj_wakayama_omi_pedigree_analysis/data/fastqs/n831_2.fq.gz
n868,/Users/shohei-noda/git/proj_wakayama_omi_pedigree_analysis/data/fastqs/n868_1.fq.gz,/Users/shohei-noda/git/proj_wakayama_omi_pedigree_analysis/data/fastqs/n868_2.fq.gz
n821,/Users/shohei-noda/git/proj_wakayama_omi_pedigree_analysis/data/fastqs/n821_1.fq.gz,/Users/shohei-noda/git/proj_wakayama_omi_pedigree_analysis/data/fastqs/n821_2.fq.gz
n833,/Users/shohei-noda/git/proj_wakayama_omi_pedigree_analysis/data/fastqs/n833_1.fq.gz,/Users/shohei-noda/git/proj_wakayama_omi_pedigree_analysis/data/fastqs/n833_2.fq.gz
n804,/Users/shohei-noda/git/proj_wakayama_omi_pedigree_analysis/data/fastqs/n804_1.fq.gz,/Users/shohei-noda/git/proj_wakayama_omi_pedigree_analysis/data/fastqs/n804_2.fq.gz
n875,/Users/shohei-noda/git/proj_wakayama_omi_pedigree_analysis/data/fastqs/n875_1.fq.gz,/Users/shohei-noda/git/proj_wakayama_omi_pedigree_analysis/data/fastqs/n875_2.fq.gz
n817,/Users/shohei-noda/git/proj_wakayama_omi_pedigree_analysis/data/fastqs/n817_1.fq.gz,/Users/shohei-noda/git/proj_wakayama_omi_pedigree_analysis/data/fastqs/n817_2.fq.gz
n881,/Users/shohei-noda/git/proj_wakayama_omi_pedigree_analysis/data/fastqs/n881_1.fq.gz,/Users/shohei-noda/git/proj_wakayama_omi_pedigree_analysis/data/fastqs/n881_2.fq.gz
n806,/Users/shohei-noda/git/proj_wakayama_omi_pedigree_analysis/data/fastqs/n806_1.fq.gz,/Users/shohei-noda/git/proj_wakayama_omi_pedigree_analysis/data/fastqs/n806_2.fq.gz
n882,/Users/shohei-noda/git/proj_wakayama_omi_pedigree_analysis/data/fastqs/n882_1.fq.gz,/Users/shohei-noda/git/proj_wakayama_omi_pedigree_analysis/data/fastqs/n882_2.fq.gz
n878,/Users/shohei-noda/git/proj_wakayama_omi_pedigree_analysis/data/fastqs/n878_1.fq.gz,/Users/shohei-noda/git/proj_wakayama_omi_pedigree_analysis/data/fastqs/n878_2.fq.gz
n883,/Users/shohei-noda/git/proj_wakayama_omi_pedigree_analysis/data/fastqs/n883_1.fq.gz,/Users/shohei-noda/git/proj_wakayama_omi_pedigree_analysis/data/fastqs/n883_2.fq.gz
n822,/Users/shohei-noda/git/proj_wakayama_omi_pedigree_analysis/data/fastqs/n822_1.fq.gz,/Users/shohei-noda/git/proj_wakayama_omi_pedigree_analysis/data/fastqs/n822_2.fq.gz
n848,/Users/shohei-noda/git/proj_wakayama_omi_pedigree_analysis/data/fastqs/n848_1.fq.gz,/Users/shohei-noda/git/proj_wakayama_omi_pedigree_analysis/data/fastqs/n848_2.fq.gz
n810,/Users/shohei-noda/git/proj_wakayama_omi_pedigree_analysis/data/fastqs/n810_1.fq.gz,/Users/shohei-noda/git/proj_wakayama_omi_pedigree_analysis/data/fastqs/n810_2.fq.gz
n807,/Users/shohei-noda/git/proj_wakayama_omi_pedigree_analysis/data/fastqs/n807_1.fq.gz,/Users/shohei-noda/git/proj_wakayama_omi_pedigree_analysis/data/fastqs/n807_2.fq.gz
n849,/Users/shohei-noda/git/proj_wakayama_omi_pedigree_analysis/data/fastqs/n849_1.fq.gz,/Users/shohei-noda/git/proj_wakayama_omi_pedigree_analysis/data/fastqs/n849_2.fq.gz
n841,/Users/shohei-noda/git/proj_wakayama_omi_pedigree_analysis/data/fastqs/n841_1.fq.gz,/Users/shohei-noda/git/proj_wakayama_omi_pedigree_analysis/data/fastqs/n841_2.fq.gz
n838,/Users/shohei-noda/git/proj_wakayama_omi_pedigree_analysis/data/fastqs/n838_1.fq.gz,/Users/shohei-noda/git/proj_wakayama_omi_pedigree_analysis/data/fastqs/n838_2.fq.gz
n825,/Users/shohei-noda/git/proj_wakayama_omi_pedigree_analysis/data/fastqs/n825_1.fq.gz,/Users/shohei-noda/git/proj_wakayama_omi_pedigree_analysis/data/fastqs/n825_2.fq.gz
n869,/Users/shohei-noda/git/proj_wakayama_omi_pedigree_analysis/data/fastqs/n869_1.fq.gz,/Users/shohei-noda/git/proj_wakayama_omi_pedigree_analysis/data/fastqs/n869_2.fq.gz
n850,/Users/shohei-noda/git/proj_wakayama_omi_pedigree_analysis/data/fastqs/n850_1.fq.gz,/Users/shohei-noda/git/proj_wakayama_omi_pedigree_analysis/data/fastqs/n850_2.fq.gz
n826,/Users/shohei-noda/git/proj_wakayama_omi_pedigree_analysis/data/fastqs/n826_1.fq.gz,/Users/shohei-noda/git/proj_wakayama_omi_pedigree_analysis/data/fastqs/n826_2.fq.gz
n813,/Users/shohei-noda/git/proj_wakayama_omi_pedigree_analysis/data/fastqs/n813_1.fq.gz,/Users/shohei-noda/git/proj_wakayama_omi_pedigree_analysis/data/fastqs/n813_2.fq.gz
n820,/Users/shohei-noda/git/proj_wakayama_omi_pedigree_analysis/data/fastqs/n820_1.fq.gz,/Users/shohei-noda/git/proj_wakayama_omi_pedigree_analysis/data/fastqs/n820_2.fq.gz
n805,/Users/shohei-noda/git/proj_wakayama_omi_pedigree_analysis/data/fastqs/n805_1.fq.gz,/Users/shohei-noda/git/proj_wakayama_omi_pedigree_analysis/data/fastqs/n805_2.fq.gz
n873,/Users/shohei-noda/git/proj_wakayama_omi_pedigree_analysis/data/fastqs/n873_1.fq.gz,/Users/shohei-noda/git/proj_wakayama_omi_pedigree_analysis/data/fastqs/n873_2.fq.gz
n877,/Users/shohei-noda/git/proj_wakayama_omi_pedigree_analysis/data/fastqs/n877_1.fq.gz,/Users/shohei-noda/git/proj_wakayama_omi_pedigree_analysis/data/fastqs/n877_2.fq.gz
n889,/Users/shohei-noda/git/proj_wakayama_omi_pedigree_analysis/data/fastqs/n889_1.fq.gz,/Users/shohei-noda/git/proj_wakayama_omi_pedigree_analysis/data/fastqs/n889_2.fq.gz
n858,/Users/shohei-noda/git/proj_wakayama_omi_pedigree_analysis/data/fastqs/n858_1.fq.gz,/Users/shohei-noda/git/proj_wakayama_omi_pedigree_analysis/data/fastqs/n858_2.fq.gz
n898,/Users/shohei-noda/git/proj_wakayama_omi_pedigree_analysis/data/fastqs/n898_1.fq.gz,/Users/shohei-noda/git/proj_wakayama_omi_pedigree_analysis/data/fastqs/n898_2.fq.gz
n853,/Users/shohei-noda/git/proj_wakayama_omi_pedigree_analysis/data/fastqs/n853_1.fq.gz,/Users/shohei-noda/git/proj_wakayama_omi_pedigree_analysis/data/fastqs/n853_2.fq.gz
n888,/Users/shohei-noda/git/proj_wakayama_omi_pedigree_analysis/data/fastqs/n888_1.fq.gz,/Users/shohei-noda/git/proj_wakayama_omi_pedigree_analysis/data/fastqs/n888_2.fq.gz
n862,/Users/shohei-noda/git/proj_wakayama_omi_pedigree_analysis/data/fastqs/n862_1.fq.gz,/Users/shohei-noda/git/proj_wakayama_omi_pedigree_analysis/data/fastqs/n862_2.fq.gz
n851,/Users/shohei-noda/git/proj_wakayama_omi_pedigree_analysis/data/fastqs/n851_1.fq.gz,/Users/shohei-noda/git/proj_wakayama_omi_pedigree_analysis/data/fastqs/n851_2.fq.gz
n899,/Users/shohei-noda/git/proj_wakayama_omi_pedigree_analysis/data/fastqs/n899_1.fq.gz,/Users/shohei-noda/git/proj_wakayama_omi_pedigree_analysis/data/fastqs/n899_2.fq.gz
n894,/Users/shohei-noda/git/proj_wakayama_omi_pedigree_analysis/data/fastqs/n894_1.fq.gz,/Users/shohei-noda/git/proj_wakayama_omi_pedigree_analysis/data/fastqs/n894_2.fq.gz
n892,/Users/shohei-noda/git/proj_wakayama_omi_pedigree_analysis/data/fastqs/n892_1.fq.gz,/Users/shohei-noda/git/proj_wakayama_omi_pedigree_analysis/data/fastqs/n892_2.fq.gz
n887,/Users/shohei-noda/git/proj_wakayama_omi_pedigree_analysis/data/fastqs/n887_1.fq.gz,/Users/shohei-noda/git/proj_wakayama_omi_pedigree_analysis/data/fastqs/n887_2.fq.gz
n855,/Users/shohei-noda/git/proj_wakayama_omi_pedigree_analysis/data/fastqs/n855_1.fq.gz,/Users/shohei-noda/git/proj_wakayama_omi_pedigree_analysis/data/fastqs/n855_2.fq.gz
n879,/Users/shohei-noda/git/proj_wakayama_omi_pedigree_analysis/data/fastqs/n879_1.fq.gz,/Users/shohei-noda/git/proj_wakayama_omi_pedigree_analysis/data/fastqs/n879_2.fq.gz
n866,/Users/shohei-noda/git/proj_wakayama_omi_pedigree_analysis/data/fastqs/n866_1.fq.gz,/Users/shohei-noda/git/proj_wakayama_omi_pedigree_analysis/data/fastqs/n866_2.fq.gz
n864,/Users/shohei-noda/git/proj_wakayama_omi_pedigree_analysis/data/fastqs/n864_1.fq.gz,/Users/shohei-noda/git/proj_wakayama_omi_pedigree_analysis/data/fastqs/n864_2.fq.gz
n865,/Users/shohei-noda/git/proj_wakayama_omi_pedigree_analysis/data/fastqs/n865_1.fq.gz,/Users/shohei-noda/git/proj_wakayama_omi_pedigree_analysis/data/fastqs/n865_2.fq.gz
n863,/Users/shohei-noda/git/proj_wakayama_omi_pedigree_analysis/data/fastqs/n863_1.fq.gz,/Users/shohei-noda/git/proj_wakayama_omi_pedigree_analysis/data/fastqs/n863_2.fq.gz
n880,/Users/shohei-noda/git/proj_wakayama_omi_pedigree_analysis/data/fastqs/n880_1.fq.gz,/Users/shohei-noda/git/proj_wakayama_omi_pedigree_analysis/data/fastqs/n880_2.fq.gz
n809,/Users/shohei-noda/git/proj_wakayama_omi_pedigree_analysis/data/fastqs/n809_1.fq.gz,/Users/shohei-noda/git/proj_wakayama_omi_pedigree_analysis/data/fastqs/n809_2.fq.gz
n891,/Users/shohei-noda/git/proj_wakayama_omi_pedigree_analysis/data/fastqs/n891_1.fq.gz,/Users/shohei-noda/git/proj_wakayama_omi_pedigree_analysis/data/fastqs/n891_2.fq.gz
n859,/Users/shohei-noda/git/proj_wakayama_omi_pedigree_analysis/data/fastqs/n859_1.fq.gz,/Users/shohei-noda/git/proj_wakayama_omi_pedigree_analysis/data/fastqs/n859_2.fq.gz
n893,/Users/shohei-noda/git/proj_wakayama_omi_pedigree_analysis/data/fastqs/n893_1.fq.gz,/Users/shohei-noda/git/proj_wakayama_omi_pedigree_analysis/data/fastqs/n893_2.fq.gz
n890,/Users/shohei-noda/git/proj_wakayama_omi_pedigree_analysis/data/fastqs/n890_1.fq.gz,/Users/shohei-noda/git/proj_wakayama_omi_pedigree_analysis/data/fastqs/n890_2.fq.gz
n870,/Users/shohei-noda/git/proj_wakayama_omi_pedigree_analysis/data/fastqs/n870_1.fq.gz,/Users/shohei-noda/git/proj_wakayama_omi_pedigree_analysis/data/fastqs/n870_2.fq.gz
n814,/Users/shohei-noda/git/proj_wakayama_omi_pedigree_analysis/data/fastqs/n814_1.fq.gz,/Users/shohei-noda/git/proj_wakayama_omi_pedigree_analysis/data/fastqs/n814_2.fq.gz
n867,/Users/shohei-noda/git/proj_wakayama_omi_pedigree_analysis/data/fastqs/n867_1.fq.gz,/Users/shohei-noda/git/proj_wakayama_omi_pedigree_analysis/data/fastqs/n867_2.fq.gz
n860,/Users/shohei-noda/git/proj_wakayama_omi_pedigree_analysis/data/fastqs/n860_1.fq.gz,/Users/shohei-noda/git/proj_wakayama_omi_pedigree_analysis/data/fastqs/n860_2.fq.gz
n876,/Users/shohei-noda/git/proj_wakayama_omi_pedigree_analysis/data/fastqs/n876_1.fq.gz,/Users/shohei-noda/git/proj_wakayama_omi_pedigree_analysis/data/fastqs/n876_2.fq.gz
n861,/Users/shohei-noda/git/proj_wakayama_omi_pedigree_analysis/data/fastqs/n861_1.fq.gz,/Users/shohei-noda/git/proj_wakayama_omi_pedigree_analysis/data/fastqs/n861_2.fq.gz
n874,/Users/shohei-noda/git/proj_wakayama_omi_pedigree_analysis/data/fastqs/n874_1.fq.gz,/Users/shohei-noda/git/proj_wakayama_omi_pedigree_analysis/data/fastqs/n874_2.fq.gz
n900,/Users/shohei-noda/git/proj_wakayama_omi_pedigree_analysis/data/fastqs/n900_1.fq.gz,/Users/shohei-noda/git/proj_wakayama_omi_pedigree_analysis/data/fastqs/n900_2.fq.gz
n857,/Users/shohei-noda/git/proj_wakayama_omi_pedigree_analysis/data/fastqs/n857_1.fq.gz,/Users/shohei-noda/git/proj_wakayama_omi_pedigree_analysis/data/fastqs/n857_2.fq.gz
n884,/Users/shohei-noda/git/proj_wakayama_omi_pedigree_analysis/data/fastqs/n884_1.fq.gz,/Users/shohei-noda/git/proj_wakayama_omi_pedigree_analysis/data/fastqs/n884_2.fq.gz
n886,/Users/shohei-noda/git/proj_wakayama_omi_pedigree_analysis/data/fastqs/n886_1.fq.gz,/Users/shohei-noda/git/proj_wakayama_omi_pedigree_analysis/data/fastqs/n886_2.fq.gz
n896,/Users/shohei-noda/git/proj_wakayama_omi_pedigree_analysis/data/fastqs/n896_1.fq.gz,/Users/shohei-noda/git/proj_wakayama_omi_pedigree_analysis/data/fastqs/n896_2.fq.gz
n852,/Users/shohei-noda/git/proj_wakayama_omi_pedigree_analysis/data/fastqs/n852_1.fq.gz,/Users/shohei-noda/git/proj_wakayama_omi_pedigree_analysis/data/fastqs/n852_2.fq.gz
n895,/Users/shohei-noda/git/proj_wakayama_omi_pedigree_analysis/data/fastqs/n895_1.fq.gz,/Users/shohei-noda/git/proj_wakayama_omi_pedigree_analysis/data/fastqs/n895_2.fq.gz
n872,/Users/shohei-noda/git/proj_wakayama_omi_pedigree_analysis/data/fastqs/n872_1.fq.gz,/Users/shohei-noda/git/proj_wakayama_omi_pedigree_analysis/data/fastqs/n872_2.fq.gz
n885,/Users/shohei-noda/git/proj_wakayama_omi_pedigree_analysis/data/fastqs/n885_1.fq.gz,/Users/shohei-noda/git/proj_wakayama_omi_pedigree_analysis/data/fastqs/n885_2.fq.gz
n897,/Users/shohei-noda/git/proj_wakayama_omi_pedigree_analysis/data/fastqs/n897_1.fq.gz,/Users/shohei-noda/git/proj_wakayama_omi_pedigree_analysis/data/fastqs/n897_2.fq.gz
n871,/Users/shohei-noda/git/proj_wakayama_omi_pedigree_analysis/data/fastqs/n871_1.fq.gz,/Users/shohei-noda/git/proj_wakayama_omi_pedigree_analysis/data/fastqs/n871_2.fq.gz
n854,/Users/shohei-noda/git/proj_wakayama_omi_pedigree_analysis/data/fastqs/n854_1.fq.gz,/Users/shohei-noda/git/proj_wakayama_omi_pedigree_analysis/data/fastqs/n854_2.fq.gz
n917,/Users/shohei-noda/git/proj_wakayama_omi_pedigree_analysis/data/fastqs/n917_1.fq.gz,/Users/shohei-noda/git/proj_wakayama_omi_pedigree_analysis/data/fastqs/n917_2.fq.gz
n949,/Users/shohei-noda/git/proj_wakayama_omi_pedigree_analysis/data/fastqs/n949_1.fq.gz,/Users/shohei-noda/git/proj_wakayama_omi_pedigree_analysis/data/fastqs/n949_2.fq.gz
n919,/Users/shohei-noda/git/proj_wakayama_omi_pedigree_analysis/data/fastqs/n919_1.fq.gz,/Users/shohei-noda/git/proj_wakayama_omi_pedigree_analysis/data/fastqs/n919_2.fq.gz
n929,/Users/shohei-noda/git/proj_wakayama_omi_pedigree_analysis/data/fastqs/n929_1.fq.gz,/Users/shohei-noda/git/proj_wakayama_omi_pedigree_analysis/data/fastqs/n929_2.fq.gz
n910,/Users/shohei-noda/git/proj_wakayama_omi_pedigree_analysis/data/fastqs/n910_1.fq.gz,/Users/shohei-noda/git/proj_wakayama_omi_pedigree_analysis/data/fastqs/n910_2.fq.gz
n940,/Users/shohei-noda/git/proj_wakayama_omi_pedigree_analysis/data/fastqs/n940_1.fq.gz,/Users/shohei-noda/git/proj_wakayama_omi_pedigree_analysis/data/fastqs/n940_2.fq.gz
n907,/Users/shohei-noda/git/proj_wakayama_omi_pedigree_analysis/data/fastqs/n907_1.fq.gz,/Users/shohei-noda/git/proj_wakayama_omi_pedigree_analysis/data/fastqs/n907_2.fq.gz
n908,/Users/shohei-noda/git/proj_wakayama_omi_pedigree_analysis/data/fastqs/n908_1.fq.gz,/Users/shohei-noda/git/proj_wakayama_omi_pedigree_analysis/data/fastqs/n908_2.fq.gz
n936,/Users/shohei-noda/git/proj_wakayama_omi_pedigree_analysis/data/fastqs/n936_1.fq.gz,/Users/shohei-noda/git/proj_wakayama_omi_pedigree_analysis/data/fastqs/n936_2.fq.gz
n914,/Users/shohei-noda/git/proj_wakayama_omi_pedigree_analysis/data/fastqs/n914_1.fq.gz,/Users/shohei-noda/git/proj_wakayama_omi_pedigree_analysis/data/fastqs/n914_2.fq.gz
n934,/Users/shohei-noda/git/proj_wakayama_omi_pedigree_analysis/data/fastqs/n934_1.fq.gz,/Users/shohei-noda/git/proj_wakayama_omi_pedigree_analysis/data/fastqs/n934_2.fq.gz
n924,/Users/shohei-noda/git/proj_wakayama_omi_pedigree_analysis/data/fastqs/n924_1.fq.gz,/Users/shohei-noda/git/proj_wakayama_omi_pedigree_analysis/data/fastqs/n924_2.fq.gz
n906,/Users/shohei-noda/git/proj_wakayama_omi_pedigree_analysis/data/fastqs/n906_1.fq.gz,/Users/shohei-noda/git/proj_wakayama_omi_pedigree_analysis/data/fastqs/n906_2.fq.gz
n921,/Users/shohei-noda/git/proj_wakayama_omi_pedigree_analysis/data/fastqs/n921_1.fq.gz,/Users/shohei-noda/git/proj_wakayama_omi_pedigree_analysis/data/fastqs/n921_2.fq.gz
n926,/Users/shohei-noda/git/proj_wakayama_omi_pedigree_analysis/data/fastqs/n926_1.fq.gz,/Users/shohei-noda/git/proj_wakayama_omi_pedigree_analysis/data/fastqs/n926_2.fq.gz
n902,/Users/shohei-noda/git/proj_wakayama_omi_pedigree_analysis/data/fastqs/n902_1.fq.gz,/Users/shohei-noda/git/proj_wakayama_omi_pedigree_analysis/data/fastqs/n902_2.fq.gz
n935,/Users/shohei-noda/git/proj_wakayama_omi_pedigree_analysis/data/fastqs/n935_1.fq.gz,/Users/shohei-noda/git/proj_wakayama_omi_pedigree_analysis/data/fastqs/n935_2.fq.gz
n941,/Users/shohei-noda/git/proj_wakayama_omi_pedigree_analysis/data/fastqs/n941_1.fq.gz,/Users/shohei-noda/git/proj_wakayama_omi_pedigree_analysis/data/fastqs/n941_2.fq.gz
n931,/Users/shohei-noda/git/proj_wakayama_omi_pedigree_analysis/data/fastqs/n931_1.fq.gz,/Users/shohei-noda/git/proj_wakayama_omi_pedigree_analysis/data/fastqs/n931_2.fq.gz
n922,/Users/shohei-noda/git/proj_wakayama_omi_pedigree_analysis/data/fastqs/n922_1.fq.gz,/Users/shohei-noda/git/proj_wakayama_omi_pedigree_analysis/data/fastqs/n922_2.fq.gz
n932,/Users/shohei-noda/git/proj_wakayama_omi_pedigree_analysis/data/fastqs/n932_1.fq.gz,/Users/shohei-noda/git/proj_wakayama_omi_pedigree_analysis/data/fastqs/n932_2.fq.gz
n944,/Users/shohei-noda/git/proj_wakayama_omi_pedigree_analysis/data/fastqs/n944_1.fq.gz,/Users/shohei-noda/git/proj_wakayama_omi_pedigree_analysis/data/fastqs/n944_2.fq.gz
n909,/Users/shohei-noda/git/proj_wakayama_omi_pedigree_analysis/data/fastqs/n909_1.fq.gz,/Users/shohei-noda/git/proj_wakayama_omi_pedigree_analysis/data/fastqs/n909_2.fq.gz
n933,/Users/shohei-noda/git/proj_wakayama_omi_pedigree_analysis/data/fastqs/n933_1.fq.gz,/Users/shohei-noda/git/proj_wakayama_omi_pedigree_analysis/data/fastqs/n933_2.fq.gz
n923,/Users/shohei-noda/git/proj_wakayama_omi_pedigree_analysis/data/fastqs/n923_1.fq.gz,/Users/shohei-noda/git/proj_wakayama_omi_pedigree_analysis/data/fastqs/n923_2.fq.gz
n947,/Users/shohei-noda/git/proj_wakayama_omi_pedigree_analysis/data/fastqs/n947_1.fq.gz,/Users/shohei-noda/git/proj_wakayama_omi_pedigree_analysis/data/fastqs/n947_2.fq.gz
n911,/Users/shohei-noda/git/proj_wakayama_omi_pedigree_analysis/data/fastqs/n911_1.fq.gz,/Users/shohei-noda/git/proj_wakayama_omi_pedigree_analysis/data/fastqs/n911_2.fq.gz
n925,/Users/shohei-noda/git/proj_wakayama_omi_pedigree_analysis/data/fastqs/n925_1.fq.gz,/Users/shohei-noda/git/proj_wakayama_omi_pedigree_analysis/data/fastqs/n925_2.fq.gz
n905,/Users/shohei-noda/git/proj_wakayama_omi_pedigree_analysis/data/fastqs/n905_1.fq.gz,/Users/shohei-noda/git/proj_wakayama_omi_pedigree_analysis/data/fastqs/n905_2.fq.gz
n912,/Users/shohei-noda/git/proj_wakayama_omi_pedigree_analysis/data/fastqs/n912_1.fq.gz,/Users/shohei-noda/git/proj_wakayama_omi_pedigree_analysis/data/fastqs/n912_2.fq.gz
n903,/Users/shohei-noda/git/proj_wakayama_omi_pedigree_analysis/data/fastqs/n903_1.fq.gz,/Users/shohei-noda/git/proj_wakayama_omi_pedigree_analysis/data/fastqs/n903_2.fq.gz
n913,/Users/shohei-noda/git/proj_wakayama_omi_pedigree_analysis/data/fastqs/n913_1.fq.gz,/Users/shohei-noda/git/proj_wakayama_omi_pedigree_analysis/data/fastqs/n913_2.fq.gz
n901,/Users/shohei-noda/git/proj_wakayama_omi_pedigree_analysis/data/fastqs/n901_1.fq.gz,/Users/shohei-noda/git/proj_wakayama_omi_pedigree_analysis/data/fastqs/n901_2.fq.gz
n938,/Users/shohei-noda/git/proj_wakayama_omi_pedigree_analysis/data/fastqs/n938_1.fq.gz,/Users/shohei-noda/git/proj_wakayama_omi_pedigree_analysis/data/fastqs/n938_2.fq.gz
n948,/Users/shohei-noda/git/proj_wakayama_omi_pedigree_analysis/data/fastqs/n948_1.fq.gz,/Users/shohei-noda/git/proj_wakayama_omi_pedigree_analysis/data/fastqs/n948_2.fq.gz
n918,/Users/shohei-noda/git/proj_wakayama_omi_pedigree_analysis/data/fastqs/n918_1.fq.gz,/Users/shohei-noda/git/proj_wakayama_omi_pedigree_analysis/data/fastqs/n918_2.fq.gz
n930,/Users/shohei-noda/git/proj_wakayama_omi_pedigree_analysis/data/fastqs/n930_1.fq.gz,/Users/shohei-noda/git/proj_wakayama_omi_pedigree_analysis/data/fastqs/n930_2.fq.gz
n915,/Users/shohei-noda/git/proj_wakayama_omi_pedigree_analysis/data/fastqs/n915_1.fq.gz,/Users/shohei-noda/git/proj_wakayama_omi_pedigree_analysis/data/fastqs/n915_2.fq.gz
n950,/Users/shohei-noda/git/proj_wakayama_omi_pedigree_analysis/data/fastqs/n950_1.fq.gz,/Users/shohei-noda/git/proj_wakayama_omi_pedigree_analysis/data/fastqs/n950_2.fq.gz
n904,/Users/shohei-noda/git/proj_wakayama_omi_pedigree_analysis/data/fastqs/n904_1.fq.gz,/Users/shohei-noda/git/proj_wakayama_omi_pedigree_analysis/data/fastqs/n904_2.fq.gz
n920,/Users/shohei-noda/git/proj_wakayama_omi_pedigree_analysis/data/fastqs/n920_1.fq.gz,/Users/shohei-noda/git/proj_wakayama_omi_pedigree_analysis/data/fastqs/n920_2.fq.gz
n946,/Users/shohei-noda/git/proj_wakayama_omi_pedigree_analysis/data/fastqs/n946_1.fq.gz,/Users/shohei-noda/git/proj_wakayama_omi_pedigree_analysis/data/fastqs/n946_2.fq.gz
n942,/Users/shohei-noda/git/proj_wakayama_omi_pedigree_analysis/data/fastqs/n942_1.fq.gz,/Users/shohei-noda/git/proj_wakayama_omi_pedigree_analysis/data/fastqs/n942_2.fq.gz
n945,/Users/shohei-noda/git/proj_wakayama_omi_pedigree_analysis/data/fastqs/n945_1.fq.gz,/Users/shohei-noda/git/proj_wakayama_omi_pedigree_analysis/data/fastqs/n945_2.fq.gz
n927,/Users/shohei-noda/git/proj_wakayama_omi_pedigree_analysis/data/fastqs/n927_1.fq.gz,/Users/shohei-noda/git/proj_wakayama_omi_pedigree_analysis/data/fastqs/n927_2.fq.gz
n937,/Users/shohei-noda/git/proj_wakayama_omi_pedigree_analysis/data/fastqs/n937_1.fq.gz,/Users/shohei-noda/git/proj_wakayama_omi_pedigree_analysis/data/fastqs/n937_2.fq.gz
n939,/Users/shohei-noda/git/proj_wakayama_omi_pedigree_analysis/data/fastqs/n939_1.fq.gz,/Users/shohei-noda/git/proj_wakayama_omi_pedigree_analysis/data/fastqs/n939_2.fq.gz
n916,/Users/shohei-noda/git/proj_wakayama_omi_pedigree_analysis/data/fastqs/n916_1.fq.gz,/Users/shohei-noda/git/proj_wakayama_omi_pedigree_analysis/data/fastqs/n916_2.fq.gz
n1000,/Users/shohei-noda/git/proj_wakayama_omi_pedigree_analysis/data/fastqs/n1000_1.fq.gz,/Users/shohei-noda/git/proj_wakayama_omi_pedigree_analysis/data/fastqs/n1000_2.fq.gz
n962,/Users/shohei-noda/git/proj_wakayama_omi_pedigree_analysis/data/fastqs/n962_1.fq.gz,/Users/shohei-noda/git/proj_wakayama_omi_pedigree_analysis/data/fastqs/n962_2.fq.gz
n970,/Users/shohei-noda/git/proj_wakayama_omi_pedigree_analysis/data/fastqs/n970_1.fq.gz,/Users/shohei-noda/git/proj_wakayama_omi_pedigree_analysis/data/fastqs/n970_2.fq.gz
n987,/Users/shohei-noda/git/proj_wakayama_omi_pedigree_analysis/data/fastqs/n987_1.fq.gz,/Users/shohei-noda/git/proj_wakayama_omi_pedigree_analysis/data/fastqs/n987_2.fq.gz
n955,/Users/shohei-noda/git/proj_wakayama_omi_pedigree_analysis/data/fastqs/n955_1.fq.gz,/Users/shohei-noda/git/proj_wakayama_omi_pedigree_analysis/data/fastqs/n955_2.fq.gz
n980,/Users/shohei-noda/git/proj_wakayama_omi_pedigree_analysis/data/fastqs/n980_1.fq.gz,/Users/shohei-noda/git/proj_wakayama_omi_pedigree_analysis/data/fastqs/n980_2.fq.gz
n992,/Users/shohei-noda/git/proj_wakayama_omi_pedigree_analysis/data/fastqs/n992_1.fq.gz,/Users/shohei-noda/git/proj_wakayama_omi_pedigree_analysis/data/fastqs/n992_2.fq.gz
n972,/Users/shohei-noda/git/proj_wakayama_omi_pedigree_analysis/data/fastqs/n972_1.fq.gz,/Users/shohei-noda/git/proj_wakayama_omi_pedigree_analysis/data/fastqs/n972_2.fq.gz
n984,/Users/shohei-noda/git/proj_wakayama_omi_pedigree_analysis/data/fastqs/n984_1.fq.gz,/Users/shohei-noda/git/proj_wakayama_omi_pedigree_analysis/data/fastqs/n984_2.fq.gz
n967,/Users/shohei-noda/git/proj_wakayama_omi_pedigree_analysis/data/fastqs/n967_1.fq.gz,/Users/shohei-noda/git/proj_wakayama_omi_pedigree_analysis/data/fastqs/n967_2.fq.gz
n957,/Users/shohei-noda/git/proj_wakayama_omi_pedigree_analysis/data/fastqs/n957_1.fq.gz,/Users/shohei-noda/git/proj_wakayama_omi_pedigree_analysis/data/fastqs/n957_2.fq.gz
n969,/Users/shohei-noda/git/proj_wakayama_omi_pedigree_analysis/data/fastqs/n969_1.fq.gz,/Users/shohei-noda/git/proj_wakayama_omi_pedigree_analysis/data/fastqs/n969_2.fq.gz
n961,/Users/shohei-noda/git/proj_wakayama_omi_pedigree_analysis/data/fastqs/n961_1.fq.gz,/Users/shohei-noda/git/proj_wakayama_omi_pedigree_analysis/data/fastqs/n961_2.fq.gz
n994,/Users/shohei-noda/git/proj_wakayama_omi_pedigree_analysis/data/fastqs/n994_1.fq.gz,/Users/shohei-noda/git/proj_wakayama_omi_pedigree_analysis/data/fastqs/n994_2.fq.gz
n966,/Users/shohei-noda/git/proj_wakayama_omi_pedigree_analysis/data/fastqs/n966_1.fq.gz,/Users/shohei-noda/git/proj_wakayama_omi_pedigree_analysis/data/fastqs/n966_2.fq.gz
n956,/Users/shohei-noda/git/proj_wakayama_omi_pedigree_analysis/data/fastqs/n956_1.fq.gz,/Users/shohei-noda/git/proj_wakayama_omi_pedigree_analysis/data/fastqs/n956_2.fq.gz
n997,/Users/shohei-noda/git/proj_wakayama_omi_pedigree_analysis/data/fastqs/n997_1.fq.gz,/Users/shohei-noda/git/proj_wakayama_omi_pedigree_analysis/data/fastqs/n997_2.fq.gz
n928,/Users/shohei-noda/git/proj_wakayama_omi_pedigree_analysis/data/fastqs/n928_1.fq.gz,/Users/shohei-noda/git/proj_wakayama_omi_pedigree_analysis/data/fastqs/n928_2.fq.gz
n951,/Users/shohei-noda/git/proj_wakayama_omi_pedigree_analysis/data/fastqs/n951_1.fq.gz,/Users/shohei-noda/git/proj_wakayama_omi_pedigree_analysis/data/fastqs/n951_2.fq.gz
n982,/Users/shohei-noda/git/proj_wakayama_omi_pedigree_analysis/data/fastqs/n982_1.fq.gz,/Users/shohei-noda/git/proj_wakayama_omi_pedigree_analysis/data/fastqs/n982_2.fq.gz
n953,/Users/shohei-noda/git/proj_wakayama_omi_pedigree_analysis/data/fastqs/n953_1.fq.gz,/Users/shohei-noda/git/proj_wakayama_omi_pedigree_analysis/data/fastqs/n953_2.fq.gz
n963,/Users/shohei-noda/git/proj_wakayama_omi_pedigree_analysis/data/fastqs/n963_1.fq.gz,/Users/shohei-noda/git/proj_wakayama_omi_pedigree_analysis/data/fastqs/n963_2.fq.gz
n958,/Users/shohei-noda/git/proj_wakayama_omi_pedigree_analysis/data/fastqs/n958_1.fq.gz,/Users/shohei-noda/git/proj_wakayama_omi_pedigree_analysis/data/fastqs/n958_2.fq.gz
n979,/Users/shohei-noda/git/proj_wakayama_omi_pedigree_analysis/data/fastqs/n979_1.fq.gz,/Users/shohei-noda/git/proj_wakayama_omi_pedigree_analysis/data/fastqs/n979_2.fq.gz
n964,/Users/shohei-noda/git/proj_wakayama_omi_pedigree_analysis/data/fastqs/n964_1.fq.gz,/Users/shohei-noda/git/proj_wakayama_omi_pedigree_analysis/data/fastqs/n964_2.fq.gz
n999,/Users/shohei-noda/git/proj_wakayama_omi_pedigree_analysis/data/fastqs/n999_1.fq.gz,/Users/shohei-noda/git/proj_wakayama_omi_pedigree_analysis/data/fastqs/n999_2.fq.gz
n998,/Users/shohei-noda/git/proj_wakayama_omi_pedigree_analysis/data/fastqs/n998_1.fq.gz,/Users/shohei-noda/git/proj_wakayama_omi_pedigree_analysis/data/fastqs/n998_2.fq.gz
n986,/Users/shohei-noda/git/proj_wakayama_omi_pedigree_analysis/data/fastqs/n986_1.fq.gz,/Users/shohei-noda/git/proj_wakayama_omi_pedigree_analysis/data/fastqs/n986_2.fq.gz
n990,/Users/shohei-noda/git/proj_wakayama_omi_pedigree_analysis/data/fastqs/n990_1.fq.gz,/Users/shohei-noda/git/proj_wakayama_omi_pedigree_analysis/data/fastqs/n990_2.fq.gz
n974,/Users/shohei-noda/git/proj_wakayama_omi_pedigree_analysis/data/fastqs/n974_1.fq.gz,/Users/shohei-noda/git/proj_wakayama_omi_pedigree_analysis/data/fastqs/n974_2.fq.gz
n996,/Users/shohei-noda/git/proj_wakayama_omi_pedigree_analysis/data/fastqs/n996_1.fq.gz,/Users/shohei-noda/git/proj_wakayama_omi_pedigree_analysis/data/fastqs/n996_2.fq.gz
n983,/Users/shohei-noda/git/proj_wakayama_omi_pedigree_analysis/data/fastqs/n983_1.fq.gz,/Users/shohei-noda/git/proj_wakayama_omi_pedigree_analysis/data/fastqs/n983_2.fq.gz
n952,/Users/shohei-noda/git/proj_wakayama_omi_pedigree_analysis/data/fastqs/n952_1.fq.gz,/Users/shohei-noda/git/proj_wakayama_omi_pedigree_analysis/data/fastqs/n952_2.fq.gz
n943,/Users/shohei-noda/git/proj_wakayama_omi_pedigree_analysis/data/fastqs/n943_1.fq.gz,/Users/shohei-noda/git/proj_wakayama_omi_pedigree_analysis/data/fastqs/n943_2.fq.gz
n989,/Users/shohei-noda/git/proj_wakayama_omi_pedigree_analysis/data/fastqs/n989_1.fq.gz,/Users/shohei-noda/git/proj_wakayama_omi_pedigree_analysis/data/fastqs/n989_2.fq.gz
n991,/Users/shohei-noda/git/proj_wakayama_omi_pedigree_analysis/data/fastqs/n991_1.fq.gz,/Users/shohei-noda/git/proj_wakayama_omi_pedigree_analysis/data/fastqs/n991_2.fq.gz
n954,/Users/shohei-noda/git/proj_wakayama_omi_pedigree_analysis/data/fastqs/n954_1.fq.gz,/Users/shohei-noda/git/proj_wakayama_omi_pedigree_analysis/data/fastqs/n954_2.fq.gz
n978,/Users/shohei-noda/git/proj_wakayama_omi_pedigree_analysis/data/fastqs/n978_1.fq.gz,/Users/shohei-noda/git/proj_wakayama_omi_pedigree_analysis/data/fastqs/n978_2.fq.gz
n993,/Users/shohei-noda/git/proj_wakayama_omi_pedigree_analysis/data/fastqs/n993_1.fq.gz,/Users/shohei-noda/git/proj_wakayama_omi_pedigree_analysis/data/fastqs/n993_2.fq.gz
n965,/Users/shohei-noda/git/proj_wakayama_omi_pedigree_analysis/data/fastqs/n965_1.fq.gz,/Users/shohei-noda/git/proj_wakayama_omi_pedigree_analysis/data/fastqs/n965_2.fq.gz
n959,/Users/shohei-noda/git/proj_wakayama_omi_pedigree_analysis/data/fastqs/n959_1.fq.gz,/Users/shohei-noda/git/proj_wakayama_omi_pedigree_analysis/data/fastqs/n959_2.fq.gz
n975,/Users/shohei-noda/git/proj_wakayama_omi_pedigree_analysis/data/fastqs/n975_1.fq.gz,/Users/shohei-noda/git/proj_wakayama_omi_pedigree_analysis/data/fastqs/n975_2.fq.gz
n985,/Users/shohei-noda/git/proj_wakayama_omi_pedigree_analysis/data/fastqs/n985_1.fq.gz,/Users/shohei-noda/git/proj_wakayama_omi_pedigree_analysis/data/fastqs/n985_2.fq.gz
n976,/Users/shohei-noda/git/proj_wakayama_omi_pedigree_analysis/data/fastqs/n976_1.fq.gz,/Users/shohei-noda/git/proj_wakayama_omi_pedigree_analysis/data/fastqs/n976_2.fq.gz
n988,/Users/shohei-noda/git/proj_wakayama_omi_pedigree_analysis/data/fastqs/n988_1.fq.gz,/Users/shohei-noda/git/proj_wakayama_omi_pedigree_analysis/data/fastqs/n988_2.fq.gz
n971,/Users/shohei-noda/git/proj_wakayama_omi_pedigree_analysis/data/fastqs/n971_1.fq.gz,/Users/shohei-noda/git/proj_wakayama_omi_pedigree_analysis/data/fastqs/n971_2.fq.gz
n960,/Users/shohei-noda/git/proj_wakayama_omi_pedigree_analysis/data/fastqs/n960_1.fq.gz,/Users/shohei-noda/git/proj_wakayama_omi_pedigree_analysis/data/fastqs/n960_2.fq.gz
n981,/Users/shohei-noda/git/proj_wakayama_omi_pedigree_analysis/data/fastqs/n981_1.fq.gz,/Users/shohei-noda/git/proj_wakayama_omi_pedigree_analysis/data/fastqs/n981_2.fq.gz
n977,/Users/shohei-noda/git/proj_wakayama_omi_pedigree_analysis/data/fastqs/n977_1.fq.gz,/Users/shohei-noda/git/proj_wakayama_omi_pedigree_analysis/data/fastqs/n977_2.fq.gz
n968,/Users/shohei-noda/git/proj_wakayama_omi_pedigree_analysis/data/fastqs/n968_1.fq.gz,/Users/shohei-noda/git/proj_wakayama_omi_pedigree_analysis/data/fastqs/n968_2.fq.gz
n1017,/Users/shohei-noda/git/proj_wakayama_omi_pedigree_analysis/data/fastqs/n1017_1.fq.gz,/Users/shohei-noda/git/proj_wakayama_omi_pedigree_analysis/data/fastqs/n1017_2.fq.gz
n1031,/Users/shohei-noda/git/proj_wakayama_omi_pedigree_analysis/data/fastqs/n1031_1.fq.gz,/Users/shohei-noda/git/proj_wakayama_omi_pedigree_analysis/data/fastqs/n1031_2.fq.gz
n1040,/Users/shohei-noda/git/proj_wakayama_omi_pedigree_analysis/data/fastqs/n1040_1.fq.gz,/Users/shohei-noda/git/proj_wakayama_omi_pedigree_analysis/data/fastqs/n1040_2.fq.gz
n1025,/Users/shohei-noda/git/proj_wakayama_omi_pedigree_analysis/data/fastqs/n1025_1.fq.gz,/Users/shohei-noda/git/proj_wakayama_omi_pedigree_analysis/data/fastqs/n1025_2.fq.gz
n1024,/Users/shohei-noda/git/proj_wakayama_omi_pedigree_analysis/data/fastqs/n1024_1.fq.gz,/Users/shohei-noda/git/proj_wakayama_omi_pedigree_analysis/data/fastqs/n1024_2.fq.gz
n1037,/Users/shohei-noda/git/proj_wakayama_omi_pedigree_analysis/data/fastqs/n1037_1.fq.gz,/Users/shohei-noda/git/proj_wakayama_omi_pedigree_analysis/data/fastqs/n1037_2.fq.gz
n1010,/Users/shohei-noda/git/proj_wakayama_omi_pedigree_analysis/data/fastqs/n1010_1.fq.gz,/Users/shohei-noda/git/proj_wakayama_omi_pedigree_analysis/data/fastqs/n1010_2.fq.gz
n1039,/Users/shohei-noda/git/proj_wakayama_omi_pedigree_analysis/data/fastqs/n1039_1.fq.gz,/Users/shohei-noda/git/proj_wakayama_omi_pedigree_analysis/data/fastqs/n1039_2.fq.gz
n1146,/Users/shohei-noda/git/proj_wakayama_omi_pedigree_analysis/data/fastqs/n1146_1.fq.gz,/Users/shohei-noda/git/proj_wakayama_omi_pedigree_analysis/data/fastqs/n1146_2.fq.gz
n1109,/Users/shohei-noda/git/proj_wakayama_omi_pedigree_analysis/data/fastqs/n1109_1.fq.gz,/Users/shohei-noda/git/proj_wakayama_omi_pedigree_analysis/data/fastqs/n1109_2.fq.gz
n1110,/Users/shohei-noda/git/proj_wakayama_omi_pedigree_analysis/data/fastqs/n1110_1.fq.gz,/Users/shohei-noda/git/proj_wakayama_omi_pedigree_analysis/data/fastqs/n1110_2.fq.gz
n1154,/Users/shohei-noda/git/proj_wakayama_omi_pedigree_analysis/data/fastqs/n1154_1.fq.gz,/Users/shohei-noda/git/proj_wakayama_omi_pedigree_analysis/data/fastqs/n1154_2.fq.gz
n1175,/Users/shohei-noda/git/proj_wakayama_omi_pedigree_analysis/data/fastqs/n1175_1.fq.gz,/Users/shohei-noda/git/proj_wakayama_omi_pedigree_analysis/data/fastqs/n1175_2.fq.gz
n1115,/Users/shohei-noda/git/proj_wakayama_omi_pedigree_analysis/data/fastqs/n1115_1.fq.gz,/Users/shohei-noda/git/proj_wakayama_omi_pedigree_analysis/data/fastqs/n1115_2.fq.gz
n1174,/Users/shohei-noda/git/proj_wakayama_omi_pedigree_analysis/data/fastqs/n1174_1.fq.gz,/Users/shohei-noda/git/proj_wakayama_omi_pedigree_analysis/data/fastqs/n1174_2.fq.gz
n1192,/Users/shohei-noda/git/proj_wakayama_omi_pedigree_analysis/data/fastqs/n1192_1.fq.gz,/Users/shohei-noda/git/proj_wakayama_omi_pedigree_analysis/data/fastqs/n1192_2.fq.gz
n1117,/Users/shohei-noda/git/proj_wakayama_omi_pedigree_analysis/data/fastqs/n1117_1.fq.gz,/Users/shohei-noda/git/proj_wakayama_omi_pedigree_analysis/data/fastqs/n1117_2.fq.gz
n1111,/Users/shohei-noda/git/proj_wakayama_omi_pedigree_analysis/data/fastqs/n1111_1.fq.gz,/Users/shohei-noda/git/proj_wakayama_omi_pedigree_analysis/data/fastqs/n1111_2.fq.gz
n1102,/Users/shohei-noda/git/proj_wakayama_omi_pedigree_analysis/data/fastqs/n1102_1.fq.gz,/Users/shohei-noda/git/proj_wakayama_omi_pedigree_analysis/data/fastqs/n1102_2.fq.gz
n1122,/Users/shohei-noda/git/proj_wakayama_omi_pedigree_analysis/data/fastqs/n1122_1.fq.gz,/Users/shohei-noda/git/proj_wakayama_omi_pedigree_analysis/data/fastqs/n1122_2.fq.gz
n1126,/Users/shohei-noda/git/proj_wakayama_omi_pedigree_analysis/data/fastqs/n1126_1.fq.gz,/Users/shohei-noda/git/proj_wakayama_omi_pedigree_analysis/data/fastqs/n1126_2.fq.gz
n1133,/Users/shohei-noda/git/proj_wakayama_omi_pedigree_analysis/data/fastqs/n1133_1.fq.gz,/Users/shohei-noda/git/proj_wakayama_omi_pedigree_analysis/data/fastqs/n1133_2.fq.gz
n1123,/Users/shohei-noda/git/proj_wakayama_omi_pedigree_analysis/data/fastqs/n1123_1.fq.gz,/Users/shohei-noda/git/proj_wakayama_omi_pedigree_analysis/data/fastqs/n1123_2.fq.gz
n1166,/Users/shohei-noda/git/proj_wakayama_omi_pedigree_analysis/data/fastqs/n1166_1.fq.gz,/Users/shohei-noda/git/proj_wakayama_omi_pedigree_analysis/data/fastqs/n1166_2.fq.gz
n1114,/Users/shohei-noda/git/proj_wakayama_omi_pedigree_analysis/data/fastqs/n1114_1.fq.gz,/Users/shohei-noda/git/proj_wakayama_omi_pedigree_analysis/data/fastqs/n1114_2.fq.gz
n1105,/Users/shohei-noda/git/proj_wakayama_omi_pedigree_analysis/data/fastqs/n1105_1.fq.gz,/Users/shohei-noda/git/proj_wakayama_omi_pedigree_analysis/data/fastqs/n1105_2.fq.gz
n1130,/Users/shohei-noda/git/proj_wakayama_omi_pedigree_analysis/data/fastqs/n1130_1.fq.gz,/Users/shohei-noda/git/proj_wakayama_omi_pedigree_analysis/data/fastqs/n1130_2.fq.gz
n1023,/Users/shohei-noda/git/proj_wakayama_omi_pedigree_analysis/data/fastqs/n1023_1.fq.gz,/Users/shohei-noda/git/proj_wakayama_omi_pedigree_analysis/data/fastqs/n1023_2.fq.gz
n1030,/Users/shohei-noda/git/proj_wakayama_omi_pedigree_analysis/data/fastqs/n1030_1.fq.gz,/Users/shohei-noda/git/proj_wakayama_omi_pedigree_analysis/data/fastqs/n1030_2.fq.gz
n1034,/Users/shohei-noda/git/proj_wakayama_omi_pedigree_analysis/data/fastqs/n1034_1.fq.gz,/Users/shohei-noda/git/proj_wakayama_omi_pedigree_analysis/data/fastqs/n1034_2.fq.gz
n1004,/Users/shohei-noda/git/proj_wakayama_omi_pedigree_analysis/data/fastqs/n1004_1.fq.gz,/Users/shohei-noda/git/proj_wakayama_omi_pedigree_analysis/data/fastqs/n1004_2.fq.gz
n1029,/Users/shohei-noda/git/proj_wakayama_omi_pedigree_analysis/data/fastqs/n1029_1.fq.gz,/Users/shohei-noda/git/proj_wakayama_omi_pedigree_analysis/data/fastqs/n1029_2.fq.gz
n1020,/Users/shohei-noda/git/proj_wakayama_omi_pedigree_analysis/data/fastqs/n1020_1.fq.gz,/Users/shohei-noda/git/proj_wakayama_omi_pedigree_analysis/data/fastqs/n1020_2.fq.gz
n1005,/Users/shohei-noda/git/proj_wakayama_omi_pedigree_analysis/data/fastqs/n1005_1.fq.gz,/Users/shohei-noda/git/proj_wakayama_omi_pedigree_analysis/data/fastqs/n1005_2.fq.gz
n1021,/Users/shohei-noda/git/proj_wakayama_omi_pedigree_analysis/data/fastqs/n1021_1.fq.gz,/Users/shohei-noda/git/proj_wakayama_omi_pedigree_analysis/data/fastqs/n1021_2.fq.gz
n1006,/Users/shohei-noda/git/proj_wakayama_omi_pedigree_analysis/data/fastqs/n1006_1.fq.gz,/Users/shohei-noda/git/proj_wakayama_omi_pedigree_analysis/data/fastqs/n1006_2.fq.gz
n1033,/Users/shohei-noda/git/proj_wakayama_omi_pedigree_analysis/data/fastqs/n1033_1.fq.gz,/Users/shohei-noda/git/proj_wakayama_omi_pedigree_analysis/data/fastqs/n1033_2.fq.gz
n1038,/Users/shohei-noda/git/proj_wakayama_omi_pedigree_analysis/data/fastqs/n1038_1.fq.gz,/Users/shohei-noda/git/proj_wakayama_omi_pedigree_analysis/data/fastqs/n1038_2.fq.gz
n1008,/Users/shohei-noda/git/proj_wakayama_omi_pedigree_analysis/data/fastqs/n1008_1.fq.gz,/Users/shohei-noda/git/proj_wakayama_omi_pedigree_analysis/data/fastqs/n1008_2.fq.gz
n1028,/Users/shohei-noda/git/proj_wakayama_omi_pedigree_analysis/data/fastqs/n1028_1.fq.gz,/Users/shohei-noda/git/proj_wakayama_omi_pedigree_analysis/data/fastqs/n1028_2.fq.gz
n1003,/Users/shohei-noda/git/proj_wakayama_omi_pedigree_analysis/data/fastqs/n1003_1.fq.gz,/Users/shohei-noda/git/proj_wakayama_omi_pedigree_analysis/data/fastqs/n1003_2.fq.gz
n1011,/Users/shohei-noda/git/proj_wakayama_omi_pedigree_analysis/data/fastqs/n1011_1.fq.gz,/Users/shohei-noda/git/proj_wakayama_omi_pedigree_analysis/data/fastqs/n1011_2.fq.gz
n1002,/Users/shohei-noda/git/proj_wakayama_omi_pedigree_analysis/data/fastqs/n1002_1.fq.gz,/Users/shohei-noda/git/proj_wakayama_omi_pedigree_analysis/data/fastqs/n1002_2.fq.gz
n1013,/Users/shohei-noda/git/proj_wakayama_omi_pedigree_analysis/data/fastqs/n1013_1.fq.gz,/Users/shohei-noda/git/proj_wakayama_omi_pedigree_analysis/data/fastqs/n1013_2.fq.gz
n1009,/Users/shohei-noda/git/proj_wakayama_omi_pedigree_analysis/data/fastqs/n1009_1.fq.gz,/Users/shohei-noda/git/proj_wakayama_omi_pedigree_analysis/data/fastqs/n1009_2.fq.gz
n1015,/Users/shohei-noda/git/proj_wakayama_omi_pedigree_analysis/data/fastqs/n1015_1.fq.gz,/Users/shohei-noda/git/proj_wakayama_omi_pedigree_analysis/data/fastqs/n1015_2.fq.gz
n1032,/Users/shohei-noda/git/proj_wakayama_omi_pedigree_analysis/data/fastqs/n1032_1.fq.gz,/Users/shohei-noda/git/proj_wakayama_omi_pedigree_analysis/data/fastqs/n1032_2.fq.gz
n1022,/Users/shohei-noda/git/proj_wakayama_omi_pedigree_analysis/data/fastqs/n1022_1.fq.gz,/Users/shohei-noda/git/proj_wakayama_omi_pedigree_analysis/data/fastqs/n1022_2.fq.gz
n1014,/Users/shohei-noda/git/proj_wakayama_omi_pedigree_analysis/data/fastqs/n1014_1.fq.gz,/Users/shohei-noda/git/proj_wakayama_omi_pedigree_analysis/data/fastqs/n1014_2.fq.gz
n1019,/Users/shohei-noda/git/proj_wakayama_omi_pedigree_analysis/data/fastqs/n1019_1.fq.gz,/Users/shohei-noda/git/proj_wakayama_omi_pedigree_analysis/data/fastqs/n1019_2.fq.gz
n1016,/Users/shohei-noda/git/proj_wakayama_omi_pedigree_analysis/data/fastqs/n1016_1.fq.gz,/Users/shohei-noda/git/proj_wakayama_omi_pedigree_analysis/data/fastqs/n1016_2.fq.gz
n1007,/Users/shohei-noda/git/proj_wakayama_omi_pedigree_analysis/data/fastqs/n1007_1.fq.gz,/Users/shohei-noda/git/proj_wakayama_omi_pedigree_analysis/data/fastqs/n1007_2.fq.gz
n1036,/Users/shohei-noda/git/proj_wakayama_omi_pedigree_analysis/data/fastqs/n1036_1.fq.gz,/Users/shohei-noda/git/proj_wakayama_omi_pedigree_analysis/data/fastqs/n1036_2.fq.gz
n1035,/Users/shohei-noda/git/proj_wakayama_omi_pedigree_analysis/data/fastqs/n1035_1.fq.gz,/Users/shohei-noda/git/proj_wakayama_omi_pedigree_analysis/data/fastqs/n1035_2.fq.gz
n1001,/Users/shohei-noda/git/proj_wakayama_omi_pedigree_analysis/data/fastqs/n1001_1.fq.gz,/Users/shohei-noda/git/proj_wakayama_omi_pedigree_analysis/data/fastqs/n1001_2.fq.gz
n1018,/Users/shohei-noda/git/proj_wakayama_omi_pedigree_analysis/data/fastqs/n1018_1.fq.gz,/Users/shohei-noda/git/proj_wakayama_omi_pedigree_analysis/data/fastqs/n1018_2.fq.gz
n1012,/Users/shohei-noda/git/proj_wakayama_omi_pedigree_analysis/data/fastqs/n1012_1.fq.gz,/Users/shohei-noda/git/proj_wakayama_omi_pedigree_analysis/data/fastqs/n1012_2.fq.gz
n1026,/Users/shohei-noda/git/proj_wakayama_omi_pedigree_analysis/data/fastqs/n1026_1.fq.gz,/Users/shohei-noda/git/proj_wakayama_omi_pedigree_analysis/data/fastqs/n1026_2.fq.gz
n1027,/Users/shohei-noda/git/proj_wakayama_omi_pedigree_analysis/data/fastqs/n1027_1.fq.gz,/Users/shohei-noda/git/proj_wakayama_omi_pedigree_analysis/data/fastqs/n1027_2.fq.gz
n1096,/Users/shohei-noda/git/proj_wakayama_omi_pedigree_analysis/data/fastqs/n1096_1.fq.gz,/Users/shohei-noda/git/proj_wakayama_omi_pedigree_analysis/data/fastqs/n1096_2.fq.gz
n1093,/Users/shohei-noda/git/proj_wakayama_omi_pedigree_analysis/data/fastqs/n1093_1.fq.gz,/Users/shohei-noda/git/proj_wakayama_omi_pedigree_analysis/data/fastqs/n1093_2.fq.gz
n1092,/Users/shohei-noda/git/proj_wakayama_omi_pedigree_analysis/data/fastqs/n1092_1.fq.gz,/Users/shohei-noda/git/proj_wakayama_omi_pedigree_analysis/data/fastqs/n1092_2.fq.gz
n1097,/Users/shohei-noda/git/proj_wakayama_omi_pedigree_analysis/data/fastqs/n1097_1.fq.gz,/Users/shohei-noda/git/proj_wakayama_omi_pedigree_analysis/data/fastqs/n1097_2.fq.gz
n1079,/Users/shohei-noda/git/proj_wakayama_omi_pedigree_analysis/data/fastqs/n1079_1.fq.gz,/Users/shohei-noda/git/proj_wakayama_omi_pedigree_analysis/data/fastqs/n1079_2.fq.gz
n1073,/Users/shohei-noda/git/proj_wakayama_omi_pedigree_analysis/data/fastqs/n1073_1.fq.gz,/Users/shohei-noda/git/proj_wakayama_omi_pedigree_analysis/data/fastqs/n1073_2.fq.gz
n1085,/Users/shohei-noda/git/proj_wakayama_omi_pedigree_analysis/data/fastqs/n1085_1.fq.gz,/Users/shohei-noda/git/proj_wakayama_omi_pedigree_analysis/data/fastqs/n1085_2.fq.gz
n1068,/Users/shohei-noda/git/proj_wakayama_omi_pedigree_analysis/data/fastqs/n1068_1.fq.gz,/Users/shohei-noda/git/proj_wakayama_omi_pedigree_analysis/data/fastqs/n1068_2.fq.gz
n1086,/Users/shohei-noda/git/proj_wakayama_omi_pedigree_analysis/data/fastqs/n1086_1.fq.gz,/Users/shohei-noda/git/proj_wakayama_omi_pedigree_analysis/data/fastqs/n1086_2.fq.gz
n1063,/Users/shohei-noda/git/proj_wakayama_omi_pedigree_analysis/data/fastqs/n1063_1.fq.gz,/Users/shohei-noda/git/proj_wakayama_omi_pedigree_analysis/data/fastqs/n1063_2.fq.gz
n1054,/Users/shohei-noda/git/proj_wakayama_omi_pedigree_analysis/data/fastqs/n1054_1.fq.gz,/Users/shohei-noda/git/proj_wakayama_omi_pedigree_analysis/data/fastqs/n1054_2.fq.gz
n1050,/Users/shohei-noda/git/proj_wakayama_omi_pedigree_analysis/data/fastqs/n1050_1.fq.gz,/Users/shohei-noda/git/proj_wakayama_omi_pedigree_analysis/data/fastqs/n1050_2.fq.gz
n1080,/Users/shohei-noda/git/proj_wakayama_omi_pedigree_analysis/data/fastqs/n1080_1.fq.gz,/Users/shohei-noda/git/proj_wakayama_omi_pedigree_analysis/data/fastqs/n1080_2.fq.gz
n1046,/Users/shohei-noda/git/proj_wakayama_omi_pedigree_analysis/data/fastqs/n1046_1.fq.gz,/Users/shohei-noda/git/proj_wakayama_omi_pedigree_analysis/data/fastqs/n1046_2.fq.gz
n1098,/Users/shohei-noda/git/proj_wakayama_omi_pedigree_analysis/data/fastqs/n1098_1.fq.gz,/Users/shohei-noda/git/proj_wakayama_omi_pedigree_analysis/data/fastqs/n1098_2.fq.gz
n1071,/Users/shohei-noda/git/proj_wakayama_omi_pedigree_analysis/data/fastqs/n1071_1.fq.gz,/Users/shohei-noda/git/proj_wakayama_omi_pedigree_analysis/data/fastqs/n1071_2.fq.gz
n1082,/Users/shohei-noda/git/proj_wakayama_omi_pedigree_analysis/data/fastqs/n1082_1.fq.gz,/Users/shohei-noda/git/proj_wakayama_omi_pedigree_analysis/data/fastqs/n1082_2.fq.gz
n1081,/Users/shohei-noda/git/proj_wakayama_omi_pedigree_analysis/data/fastqs/n1081_1.fq.gz,/Users/shohei-noda/git/proj_wakayama_omi_pedigree_analysis/data/fastqs/n1081_2.fq.gz
n1502,/Users/shohei-noda/git/proj_wakayama_omi_pedigree_analysis/data/fastqs/n1502_1.fq.gz,/Users/shohei-noda/git/proj_wakayama_omi_pedigree_analysis/data/fastqs/n1502_2.fq.gz
n1078,/Users/shohei-noda/git/proj_wakayama_omi_pedigree_analysis/data/fastqs/n1078_1.fq.gz,/Users/shohei-noda/git/proj_wakayama_omi_pedigree_analysis/data/fastqs/n1078_2.fq.gz
n1070,/Users/shohei-noda/git/proj_wakayama_omi_pedigree_analysis/data/fastqs/n1070_1.fq.gz,/Users/shohei-noda/git/proj_wakayama_omi_pedigree_analysis/data/fastqs/n1070_2.fq.gz
n1064,/Users/shohei-noda/git/proj_wakayama_omi_pedigree_analysis/data/fastqs/n1064_1.fq.gz,/Users/shohei-noda/git/proj_wakayama_omi_pedigree_analysis/data/fastqs/n1064_2.fq.gz
n1065,/Users/shohei-noda/git/proj_wakayama_omi_pedigree_analysis/data/fastqs/n1065_1.fq.gz,/Users/shohei-noda/git/proj_wakayama_omi_pedigree_analysis/data/fastqs/n1065_2.fq.gz
n1045,/Users/shohei-noda/git/proj_wakayama_omi_pedigree_analysis/data/fastqs/n1045_1.fq.gz,/Users/shohei-noda/git/proj_wakayama_omi_pedigree_analysis/data/fastqs/n1045_2.fq.gz
n1060,/Users/shohei-noda/git/proj_wakayama_omi_pedigree_analysis/data/fastqs/n1060_1.fq.gz,/Users/shohei-noda/git/proj_wakayama_omi_pedigree_analysis/data/fastqs/n1060_2.fq.gz
n1084,/Users/shohei-noda/git/proj_wakayama_omi_pedigree_analysis/data/fastqs/n1084_1.fq.gz,/Users/shohei-noda/git/proj_wakayama_omi_pedigree_analysis/data/fastqs/n1084_2.fq.gz
n1055,/Users/shohei-noda/git/proj_wakayama_omi_pedigree_analysis/data/fastqs/n1055_1.fq.gz,/Users/shohei-noda/git/proj_wakayama_omi_pedigree_analysis/data/fastqs/n1055_2.fq.gz
n1057,/Users/shohei-noda/git/proj_wakayama_omi_pedigree_analysis/data/fastqs/n1057_1.fq.gz,/Users/shohei-noda/git/proj_wakayama_omi_pedigree_analysis/data/fastqs/n1057_2.fq.gz
n1094,/Users/shohei-noda/git/proj_wakayama_omi_pedigree_analysis/data/fastqs/n1094_1.fq.gz,/Users/shohei-noda/git/proj_wakayama_omi_pedigree_analysis/data/fastqs/n1094_2.fq.gz
n1061,/Users/shohei-noda/git/proj_wakayama_omi_pedigree_analysis/data/fastqs/n1061_1.fq.gz,/Users/shohei-noda/git/proj_wakayama_omi_pedigree_analysis/data/fastqs/n1061_2.fq.gz
n1043,/Users/shohei-noda/git/proj_wakayama_omi_pedigree_analysis/data/fastqs/n1043_1.fq.gz,/Users/shohei-noda/git/proj_wakayama_omi_pedigree_analysis/data/fastqs/n1043_2.fq.gz
n1083,/Users/shohei-noda/git/proj_wakayama_omi_pedigree_analysis/data/fastqs/n1083_1.fq.gz,/Users/shohei-noda/git/proj_wakayama_omi_pedigree_analysis/data/fastqs/n1083_2.fq.gz
n1091,/Users/shohei-noda/git/proj_wakayama_omi_pedigree_analysis/data/fastqs/n1091_1.fq.gz,/Users/shohei-noda/git/proj_wakayama_omi_pedigree_analysis/data/fastqs/n1091_2.fq.gz
n1048,/Users/shohei-noda/git/proj_wakayama_omi_pedigree_analysis/data/fastqs/n1048_1.fq.gz,/Users/shohei-noda/git/proj_wakayama_omi_pedigree_analysis/data/fastqs/n1048_2.fq.gz
n1051,/Users/shohei-noda/git/proj_wakayama_omi_pedigree_analysis/data/fastqs/n1051_1.fq.gz,/Users/shohei-noda/git/proj_wakayama_omi_pedigree_analysis/data/fastqs/n1051_2.fq.gz
n1041,/Users/shohei-noda/git/proj_wakayama_omi_pedigree_analysis/data/fastqs/n1041_1.fq.gz,/Users/shohei-noda/git/proj_wakayama_omi_pedigree_analysis/data/fastqs/n1041_2.fq.gz
n1087,/Users/shohei-noda/git/proj_wakayama_omi_pedigree_analysis/data/fastqs/n1087_1.fq.gz,/Users/shohei-noda/git/proj_wakayama_omi_pedigree_analysis/data/fastqs/n1087_2.fq.gz
n1075,/Users/shohei-noda/git/proj_wakayama_omi_pedigree_analysis/data/fastqs/n1075_1.fq.gz,/Users/shohei-noda/git/proj_wakayama_omi_pedigree_analysis/data/fastqs/n1075_2.fq.gz
n1059,/Users/shohei-noda/git/proj_wakayama_omi_pedigree_analysis/data/fastqs/n1059_1.fq.gz,/Users/shohei-noda/git/proj_wakayama_omi_pedigree_analysis/data/fastqs/n1059_2.fq.gz
n1053,/Users/shohei-noda/git/proj_wakayama_omi_pedigree_analysis/data/fastqs/n1053_1.fq.gz,/Users/shohei-noda/git/proj_wakayama_omi_pedigree_analysis/data/fastqs/n1053_2.fq.gz
n1069,/Users/shohei-noda/git/proj_wakayama_omi_pedigree_analysis/data/fastqs/n1069_1.fq.gz,/Users/shohei-noda/git/proj_wakayama_omi_pedigree_analysis/data/fastqs/n1069_2.fq.gz
n1088,/Users/shohei-noda/git/proj_wakayama_omi_pedigree_analysis/data/fastqs/n1088_1.fq.gz,/Users/shohei-noda/git/proj_wakayama_omi_pedigree_analysis/data/fastqs/n1088_2.fq.gz
n1090,/Users/shohei-noda/git/proj_wakayama_omi_pedigree_analysis/data/fastqs/n1090_1.fq.gz,/Users/shohei-noda/git/proj_wakayama_omi_pedigree_analysis/data/fastqs/n1090_2.fq.gz
n1062,/Users/shohei-noda/git/proj_wakayama_omi_pedigree_analysis/data/fastqs/n1062_1.fq.gz,/Users/shohei-noda/git/proj_wakayama_omi_pedigree_analysis/data/fastqs/n1062_2.fq.gz
n1501,/Users/shohei-noda/git/proj_wakayama_omi_pedigree_analysis/data/fastqs/n1501_1.fq.gz,/Users/shohei-noda/git/proj_wakayama_omi_pedigree_analysis/data/fastqs/n1501_2.fq.gz
n1095,/Users/shohei-noda/git/proj_wakayama_omi_pedigree_analysis/data/fastqs/n1095_1.fq.gz,/Users/shohei-noda/git/proj_wakayama_omi_pedigree_analysis/data/fastqs/n1095_2.fq.gz
n1067,/Users/shohei-noda/git/proj_wakayama_omi_pedigree_analysis/data/fastqs/n1067_1.fq.gz,/Users/shohei-noda/git/proj_wakayama_omi_pedigree_analysis/data/fastqs/n1067_2.fq.gz
n1503,/Users/shohei-noda/git/proj_wakayama_omi_pedigree_analysis/data/fastqs/n1503_1.fq.gz,/Users/shohei-noda/git/proj_wakayama_omi_pedigree_analysis/data/fastqs/n1503_2.fq.gz
n1074,/Users/shohei-noda/git/proj_wakayama_omi_pedigree_analysis/data/fastqs/n1074_1.fq.gz,/Users/shohei-noda/git/proj_wakayama_omi_pedigree_analysis/data/fastqs/n1074_2.fq.gz
n1100,/Users/shohei-noda/git/proj_wakayama_omi_pedigree_analysis/data/fastqs/n1100_1.fq.gz,/Users/shohei-noda/git/proj_wakayama_omi_pedigree_analysis/data/fastqs/n1100_2.fq.gz
n1099,/Users/shohei-noda/git/proj_wakayama_omi_pedigree_analysis/data/fastqs/n1099_1.fq.gz,/Users/shohei-noda/git/proj_wakayama_omi_pedigree_analysis/data/fastqs/n1099_2.fq.gz
n1076,/Users/shohei-noda/git/proj_wakayama_omi_pedigree_analysis/data/fastqs/n1076_1.fq.gz,/Users/shohei-noda/git/proj_wakayama_omi_pedigree_analysis/data/fastqs/n1076_2.fq.gz
n1066,/Users/shohei-noda/git/proj_wakayama_omi_pedigree_analysis/data/fastqs/n1066_1.fq.gz,/Users/shohei-noda/git/proj_wakayama_omi_pedigree_analysis/data/fastqs/n1066_2.fq.gz
n1089,/Users/shohei-noda/git/proj_wakayama_omi_pedigree_analysis/data/fastqs/n1089_1.fq.gz,/Users/shohei-noda/git/proj_wakayama_omi_pedigree_analysis/data/fastqs/n1089_2.fq.gz
n1052,/Users/shohei-noda/git/proj_wakayama_omi_pedigree_analysis/data/fastqs/n1052_1.fq.gz,/Users/shohei-noda/git/proj_wakayama_omi_pedigree_analysis/data/fastqs/n1052_2.fq.gz
n1049,/Users/shohei-noda/git/proj_wakayama_omi_pedigree_analysis/data/fastqs/n1049_1.fq.gz,/Users/shohei-noda/git/proj_wakayama_omi_pedigree_analysis/data/fastqs/n1049_2.fq.gz
n1072,/Users/shohei-noda/git/proj_wakayama_omi_pedigree_analysis/data/fastqs/n1072_1.fq.gz,/Users/shohei-noda/git/proj_wakayama_omi_pedigree_analysis/data/fastqs/n1072_2.fq.gz
n1044,/Users/shohei-noda/git/proj_wakayama_omi_pedigree_analysis/data/fastqs/n1044_1.fq.gz,/Users/shohei-noda/git/proj_wakayama_omi_pedigree_analysis/data/fastqs/n1044_2.fq.gz
n1047,/Users/shohei-noda/git/proj_wakayama_omi_pedigree_analysis/data/fastqs/n1047_1.fq.gz,/Users/shohei-noda/git/proj_wakayama_omi_pedigree_analysis/data/fastqs/n1047_2.fq.gz
n1077,/Users/shohei-noda/git/proj_wakayama_omi_pedigree_analysis/data/fastqs/n1077_1.fq.gz,/Users/shohei-noda/git/proj_wakayama_omi_pedigree_analysis/data/fastqs/n1077_2.fq.gz
n1058,/Users/shohei-noda/git/proj_wakayama_omi_pedigree_analysis/data/fastqs/n1058_1.fq.gz,/Users/shohei-noda/git/proj_wakayama_omi_pedigree_analysis/data/fastqs/n1058_2.fq.gz
n1042,/Users/shohei-noda/git/proj_wakayama_omi_pedigree_analysis/data/fastqs/n1042_1.fq.gz,/Users/shohei-noda/git/proj_wakayama_omi_pedigree_analysis/data/fastqs/n1042_2.fq.gz
n1056,/Users/shohei-noda/git/proj_wakayama_omi_pedigree_analysis/data/fastqs/n1056_1.fq.gz,/Users/shohei-noda/git/proj_wakayama_omi_pedigree_analysis/data/fastqs/n1056_2.fq.gz
n1147,/Users/shohei-noda/git/proj_wakayama_omi_pedigree_analysis/data/fastqs/n1147_1.fq.gz,/Users/shohei-noda/git/proj_wakayama_omi_pedigree_analysis/data/fastqs/n1147_2.fq.gz
n1198,/Users/shohei-noda/git/proj_wakayama_omi_pedigree_analysis/data/fastqs/n1198_1.fq.gz,/Users/shohei-noda/git/proj_wakayama_omi_pedigree_analysis/data/fastqs/n1198_2.fq.gz
n1176,/Users/shohei-noda/git/proj_wakayama_omi_pedigree_analysis/data/fastqs/n1176_1.fq.gz,/Users/shohei-noda/git/proj_wakayama_omi_pedigree_analysis/data/fastqs/n1176_2.fq.gz
n1190,/Users/shohei-noda/git/proj_wakayama_omi_pedigree_analysis/data/fastqs/n1190_1.fq.gz,/Users/shohei-noda/git/proj_wakayama_omi_pedigree_analysis/data/fastqs/n1190_2.fq.gz
n1156,/Users/shohei-noda/git/proj_wakayama_omi_pedigree_analysis/data/fastqs/n1156_1.fq.gz,/Users/shohei-noda/git/proj_wakayama_omi_pedigree_analysis/data/fastqs/n1156_2.fq.gz
n1184,/Users/shohei-noda/git/proj_wakayama_omi_pedigree_analysis/data/fastqs/n1184_1.fq.gz,/Users/shohei-noda/git/proj_wakayama_omi_pedigree_analysis/data/fastqs/n1184_2.fq.gz
n1197,/Users/shohei-noda/git/proj_wakayama_omi_pedigree_analysis/data/fastqs/n1197_1.fq.gz,/Users/shohei-noda/git/proj_wakayama_omi_pedigree_analysis/data/fastqs/n1197_2.fq.gz
n1150,/Users/shohei-noda/git/proj_wakayama_omi_pedigree_analysis/data/fastqs/n1150_1.fq.gz,/Users/shohei-noda/git/proj_wakayama_omi_pedigree_analysis/data/fastqs/n1150_2.fq.gz
n1188,/Users/shohei-noda/git/proj_wakayama_omi_pedigree_analysis/data/fastqs/n1188_1.fq.gz,/Users/shohei-noda/git/proj_wakayama_omi_pedigree_analysis/data/fastqs/n1188_2.fq.gz
n1182,/Users/shohei-noda/git/proj_wakayama_omi_pedigree_analysis/data/fastqs/n1182_1.fq.gz,/Users/shohei-noda/git/proj_wakayama_omi_pedigree_analysis/data/fastqs/n1182_2.fq.gz
n1200,/Users/shohei-noda/git/proj_wakayama_omi_pedigree_analysis/data/fastqs/n1200_1.fq.gz,/Users/shohei-noda/git/proj_wakayama_omi_pedigree_analysis/data/fastqs/n1200_2.fq.gz
n1199,/Users/shohei-noda/git/proj_wakayama_omi_pedigree_analysis/data/fastqs/n1199_1.fq.gz,/Users/shohei-noda/git/proj_wakayama_omi_pedigree_analysis/data/fastqs/n1199_2.fq.gz
n1193,/Users/shohei-noda/git/proj_wakayama_omi_pedigree_analysis/data/fastqs/n1193_1.fq.gz,/Users/shohei-noda/git/proj_wakayama_omi_pedigree_analysis/data/fastqs/n1193_2.fq.gz
n1187,/Users/shohei-noda/git/proj_wakayama_omi_pedigree_analysis/data/fastqs/n1187_1.fq.gz,/Users/shohei-noda/git/proj_wakayama_omi_pedigree_analysis/data/fastqs/n1187_2.fq.gz
n1195,/Users/shohei-noda/git/proj_wakayama_omi_pedigree_analysis/data/fastqs/n1195_1.fq.gz,/Users/shohei-noda/git/proj_wakayama_omi_pedigree_analysis/data/fastqs/n1195_2.fq.gz
n1168,/Users/shohei-noda/git/proj_wakayama_omi_pedigree_analysis/data/fastqs/n1168_1.fq.gz,/Users/shohei-noda/git/proj_wakayama_omi_pedigree_analysis/data/fastqs/n1168_2.fq.gz
n1160,/Users/shohei-noda/git/proj_wakayama_omi_pedigree_analysis/data/fastqs/n1160_1.fq.gz,/Users/shohei-noda/git/proj_wakayama_omi_pedigree_analysis/data/fastqs/n1160_2.fq.gz
n1183,/Users/shohei-noda/git/proj_wakayama_omi_pedigree_analysis/data/fastqs/n1183_1.fq.gz,/Users/shohei-noda/git/proj_wakayama_omi_pedigree_analysis/data/fastqs/n1183_2.fq.gz
n1189,/Users/shohei-noda/git/proj_wakayama_omi_pedigree_analysis/data/fastqs/n1189_1.fq.gz,/Users/shohei-noda/git/proj_wakayama_omi_pedigree_analysis/data/fastqs/n1189_2.fq.gz
n1171,/Users/shohei-noda/git/proj_wakayama_omi_pedigree_analysis/data/fastqs/n1171_1.fq.gz,/Users/shohei-noda/git/proj_wakayama_omi_pedigree_analysis/data/fastqs/n1171_2.fq.gz
n1186,/Users/shohei-noda/git/proj_wakayama_omi_pedigree_analysis/data/fastqs/n1186_1.fq.gz,/Users/shohei-noda/git/proj_wakayama_omi_pedigree_analysis/data/fastqs/n1186_2.fq.gz
n1191,/Users/shohei-noda/git/proj_wakayama_omi_pedigree_analysis/data/fastqs/n1191_1.fq.gz,/Users/shohei-noda/git/proj_wakayama_omi_pedigree_analysis/data/fastqs/n1191_2.fq.gz
n1152,/Users/shohei-noda/git/proj_wakayama_omi_pedigree_analysis/data/fastqs/n1152_1.fq.gz,/Users/shohei-noda/git/proj_wakayama_omi_pedigree_analysis/data/fastqs/n1152_2.fq.gz
n1178,/Users/shohei-noda/git/proj_wakayama_omi_pedigree_analysis/data/fastqs/n1178_1.fq.gz,/Users/shohei-noda/git/proj_wakayama_omi_pedigree_analysis/data/fastqs/n1178_2.fq.gz
n1169,/Users/shohei-noda/git/proj_wakayama_omi_pedigree_analysis/data/fastqs/n1169_1.fq.gz,/Users/shohei-noda/git/proj_wakayama_omi_pedigree_analysis/data/fastqs/n1169_2.fq.gz
n1149,/Users/shohei-noda/git/proj_wakayama_omi_pedigree_analysis/data/fastqs/n1149_1.fq.gz,/Users/shohei-noda/git/proj_wakayama_omi_pedigree_analysis/data/fastqs/n1149_2.fq.gz
n1137,/Users/shohei-noda/git/proj_wakayama_omi_pedigree_analysis/data/fastqs/n1137_1.fq.gz,/Users/shohei-noda/git/proj_wakayama_omi_pedigree_analysis/data/fastqs/n1137_2.fq.gz
n1139,/Users/shohei-noda/git/proj_wakayama_omi_pedigree_analysis/data/fastqs/n1139_1.fq.gz,/Users/shohei-noda/git/proj_wakayama_omi_pedigree_analysis/data/fastqs/n1139_2.fq.gz
n1173,/Users/shohei-noda/git/proj_wakayama_omi_pedigree_analysis/data/fastqs/n1173_1.fq.gz,/Users/shohei-noda/git/proj_wakayama_omi_pedigree_analysis/data/fastqs/n1173_2.fq.gz
n1145,/Users/shohei-noda/git/proj_wakayama_omi_pedigree_analysis/data/fastqs/n1145_1.fq.gz,/Users/shohei-noda/git/proj_wakayama_omi_pedigree_analysis/data/fastqs/n1145_2.fq.gz
n1162,/Users/shohei-noda/git/proj_wakayama_omi_pedigree_analysis/data/fastqs/n1162_1.fq.gz,/Users/shohei-noda/git/proj_wakayama_omi_pedigree_analysis/data/fastqs/n1162_2.fq.gz
n1185,/Users/shohei-noda/git/proj_wakayama_omi_pedigree_analysis/data/fastqs/n1185_1.fq.gz,/Users/shohei-noda/git/proj_wakayama_omi_pedigree_analysis/data/fastqs/n1185_2.fq.gz
n1196,/Users/shohei-noda/git/proj_wakayama_omi_pedigree_analysis/data/fastqs/n1196_1.fq.gz,/Users/shohei-noda/git/proj_wakayama_omi_pedigree_analysis/data/fastqs/n1196_2.fq.gz
n1158,/Users/shohei-noda/git/proj_wakayama_omi_pedigree_analysis/data/fastqs/n1158_1.fq.gz,/Users/shohei-noda/git/proj_wakayama_omi_pedigree_analysis/data/fastqs/n1158_2.fq.gz
n1172,/Users/shohei-noda/git/proj_wakayama_omi_pedigree_analysis/data/fastqs/n1172_1.fq.gz,/Users/shohei-noda/git/proj_wakayama_omi_pedigree_analysis/data/fastqs/n1172_2.fq.gz
n1194,/Users/shohei-noda/git/proj_wakayama_omi_pedigree_analysis/data/fastqs/n1194_1.fq.gz,/Users/shohei-noda/git/proj_wakayama_omi_pedigree_analysis/data/fastqs/n1194_2.fq.gz
n1159,/Users/shohei-noda/git/proj_wakayama_omi_pedigree_analysis/data/fastqs/n1159_1.fq.gz,/Users/shohei-noda/git/proj_wakayama_omi_pedigree_analysis/data/fastqs/n1159_2.fq.gz
n1151,/Users/shohei-noda/git/proj_wakayama_omi_pedigree_analysis/data/fastqs/n1151_1.fq.gz,/Users/shohei-noda/git/proj_wakayama_omi_pedigree_analysis/data/fastqs/n1151_2.fq.gz
n1165,/Users/shohei-noda/git/proj_wakayama_omi_pedigree_analysis/data/fastqs/n1165_1.fq.gz,/Users/shohei-noda/git/proj_wakayama_omi_pedigree_analysis/data/fastqs/n1165_2.fq.gz
n1125,/Users/shohei-noda/git/proj_wakayama_omi_pedigree_analysis/data/fastqs/n1125_1.fq.gz,/Users/shohei-noda/git/proj_wakayama_omi_pedigree_analysis/data/fastqs/n1125_2.fq.gz
n1135,/Users/shohei-noda/git/proj_wakayama_omi_pedigree_analysis/data/fastqs/n1135_1.fq.gz,/Users/shohei-noda/git/proj_wakayama_omi_pedigree_analysis/data/fastqs/n1135_2.fq.gz
n1140,/Users/shohei-noda/git/proj_wakayama_omi_pedigree_analysis/data/fastqs/n1140_1.fq.gz,/Users/shohei-noda/git/proj_wakayama_omi_pedigree_analysis/data/fastqs/n1140_2.fq.gz
n1153,/Users/shohei-noda/git/proj_wakayama_omi_pedigree_analysis/data/fastqs/n1153_1.fq.gz,/Users/shohei-noda/git/proj_wakayama_omi_pedigree_analysis/data/fastqs/n1153_2.fq.gz
n1124,/Users/shohei-noda/git/proj_wakayama_omi_pedigree_analysis/data/fastqs/n1124_1.fq.gz,/Users/shohei-noda/git/proj_wakayama_omi_pedigree_analysis/data/fastqs/n1124_2.fq.gz
n1116,/Users/shohei-noda/git/proj_wakayama_omi_pedigree_analysis/data/fastqs/n1116_1.fq.gz,/Users/shohei-noda/git/proj_wakayama_omi_pedigree_analysis/data/fastqs/n1116_2.fq.gz
n1148,/Users/shohei-noda/git/proj_wakayama_omi_pedigree_analysis/data/fastqs/n1148_1.fq.gz,/Users/shohei-noda/git/proj_wakayama_omi_pedigree_analysis/data/fastqs/n1148_2.fq.gz
n1143,/Users/shohei-noda/git/proj_wakayama_omi_pedigree_analysis/data/fastqs/n1143_1.fq.gz,/Users/shohei-noda/git/proj_wakayama_omi_pedigree_analysis/data/fastqs/n1143_2.fq.gz
n1179,/Users/shohei-noda/git/proj_wakayama_omi_pedigree_analysis/data/fastqs/n1179_1.fq.gz,/Users/shohei-noda/git/proj_wakayama_omi_pedigree_analysis/data/fastqs/n1179_2.fq.gz
n1161,/Users/shohei-noda/git/proj_wakayama_omi_pedigree_analysis/data/fastqs/n1161_1.fq.gz,/Users/shohei-noda/git/proj_wakayama_omi_pedigree_analysis/data/fastqs/n1161_2.fq.gz
n1164,/Users/shohei-noda/git/proj_wakayama_omi_pedigree_analysis/data/fastqs/n1164_1.fq.gz,/Users/shohei-noda/git/proj_wakayama_omi_pedigree_analysis/data/fastqs/n1164_2.fq.gz
n1177,/Users/shohei-noda/git/proj_wakayama_omi_pedigree_analysis/data/fastqs/n1177_1.fq.gz,/Users/shohei-noda/git/proj_wakayama_omi_pedigree_analysis/data/fastqs/n1177_2.fq.gz
n1157,/Users/shohei-noda/git/proj_wakayama_omi_pedigree_analysis/data/fastqs/n1157_1.fq.gz,/Users/shohei-noda/git/proj_wakayama_omi_pedigree_analysis/data/fastqs/n1157_2.fq.gz
n1180,/Users/shohei-noda/git/proj_wakayama_omi_pedigree_analysis/data/fastqs/n1180_1.fq.gz,/Users/shohei-noda/git/proj_wakayama_omi_pedigree_analysis/data/fastqs/n1180_2.fq.gz
n1131,/Users/shohei-noda/git/proj_wakayama_omi_pedigree_analysis/data/fastqs/n1131_1.fq.gz,/Users/shohei-noda/git/proj_wakayama_omi_pedigree_analysis/data/fastqs/n1131_2.fq.gz
n1163,/Users/shohei-noda/git/proj_wakayama_omi_pedigree_analysis/data/fastqs/n1163_1.fq.gz,/Users/shohei-noda/git/proj_wakayama_omi_pedigree_analysis/data/fastqs/n1163_2.fq.gz
n1119,/Users/shohei-noda/git/proj_wakayama_omi_pedigree_analysis/data/fastqs/n1119_1.fq.gz,/Users/shohei-noda/git/proj_wakayama_omi_pedigree_analysis/data/fastqs/n1119_2.fq.gz
n1103,/Users/shohei-noda/git/proj_wakayama_omi_pedigree_analysis/data/fastqs/n1103_1.fq.gz,/Users/shohei-noda/git/proj_wakayama_omi_pedigree_analysis/data/fastqs/n1103_2.fq.gz
n1107,/Users/shohei-noda/git/proj_wakayama_omi_pedigree_analysis/data/fastqs/n1107_1.fq.gz,/Users/shohei-noda/git/proj_wakayama_omi_pedigree_analysis/data/fastqs/n1107_2.fq.gz
n1112,/Users/shohei-noda/git/proj_wakayama_omi_pedigree_analysis/data/fastqs/n1112_1.fq.gz,/Users/shohei-noda/git/proj_wakayama_omi_pedigree_analysis/data/fastqs/n1112_2.fq.gz
n1138,/Users/shohei-noda/git/proj_wakayama_omi_pedigree_analysis/data/fastqs/n1138_1.fq.gz,/Users/shohei-noda/git/proj_wakayama_omi_pedigree_analysis/data/fastqs/n1138_2.fq.gz
n1129,/Users/shohei-noda/git/proj_wakayama_omi_pedigree_analysis/data/fastqs/n1129_1.fq.gz,/Users/shohei-noda/git/proj_wakayama_omi_pedigree_analysis/data/fastqs/n1129_2.fq.gz
n1128,/Users/shohei-noda/git/proj_wakayama_omi_pedigree_analysis/data/fastqs/n1128_1.fq.gz,/Users/shohei-noda/git/proj_wakayama_omi_pedigree_analysis/data/fastqs/n1128_2.fq.gz
n1120,/Users/shohei-noda/git/proj_wakayama_omi_pedigree_analysis/data/fastqs/n1120_1.fq.gz,/Users/shohei-noda/git/proj_wakayama_omi_pedigree_analysis/data/fastqs/n1120_2.fq.gz
n1170,/Users/shohei-noda/git/proj_wakayama_omi_pedigree_analysis/data/fastqs/n1170_1.fq.gz,/Users/shohei-noda/git/proj_wakayama_omi_pedigree_analysis/data/fastqs/n1170_2.fq.gz
n1167,/Users/shohei-noda/git/proj_wakayama_omi_pedigree_analysis/data/fastqs/n1167_1.fq.gz,/Users/shohei-noda/git/proj_wakayama_omi_pedigree_analysis/data/fastqs/n1167_2.fq.gz
n1141,/Users/shohei-noda/git/proj_wakayama_omi_pedigree_analysis/data/fastqs/n1141_1.fq.gz,/Users/shohei-noda/git/proj_wakayama_omi_pedigree_analysis/data/fastqs/n1141_2.fq.gz
n1104,/Users/shohei-noda/git/proj_wakayama_omi_pedigree_analysis/data/fastqs/n1104_1.fq.gz,/Users/shohei-noda/git/proj_wakayama_omi_pedigree_analysis/data/fastqs/n1104_2.fq.gz
n1136,/Users/shohei-noda/git/proj_wakayama_omi_pedigree_analysis/data/fastqs/n1136_1.fq.gz,/Users/shohei-noda/git/proj_wakayama_omi_pedigree_analysis/data/fastqs/n1136_2.fq.gz
n1142,/Users/shohei-noda/git/proj_wakayama_omi_pedigree_analysis/data/fastqs/n1142_1.fq.gz,/Users/shohei-noda/git/proj_wakayama_omi_pedigree_analysis/data/fastqs/n1142_2.fq.gz
n1155,/Users/shohei-noda/git/proj_wakayama_omi_pedigree_analysis/data/fastqs/n1155_1.fq.gz,/Users/shohei-noda/git/proj_wakayama_omi_pedigree_analysis/data/fastqs/n1155_2.fq.gz
n1118,/Users/shohei-noda/git/proj_wakayama_omi_pedigree_analysis/data/fastqs/n1118_1.fq.gz,/Users/shohei-noda/git/proj_wakayama_omi_pedigree_analysis/data/fastqs/n1118_2.fq.gz
n1101,/Users/shohei-noda/git/proj_wakayama_omi_pedigree_analysis/data/fastqs/n1101_1.fq.gz,/Users/shohei-noda/git/proj_wakayama_omi_pedigree_analysis/data/fastqs/n1101_2.fq.gz
n1181,/Users/shohei-noda/git/proj_wakayama_omi_pedigree_analysis/data/fastqs/n1181_1.fq.gz,/Users/shohei-noda/git/proj_wakayama_omi_pedigree_analysis/data/fastqs/n1181_2.fq.gz
n1374,/Users/shohei-noda/git/proj_wakayama_omi_pedigree_analysis/data/fastqs/n1374_1.fq.gz,/Users/shohei-noda/git/proj_wakayama_omi_pedigree_analysis/data/fastqs/n1374_2.fq.gz
n1397,/Users/shohei-noda/git/proj_wakayama_omi_pedigree_analysis/data/fastqs/n1397_1.fq.gz,/Users/shohei-noda/git/proj_wakayama_omi_pedigree_analysis/data/fastqs/n1397_2.fq.gz
n1384,/Users/shohei-noda/git/proj_wakayama_omi_pedigree_analysis/data/fastqs/n1384_1.fq.gz,/Users/shohei-noda/git/proj_wakayama_omi_pedigree_analysis/data/fastqs/n1384_2.fq.gz
n1340,/Users/shohei-noda/git/proj_wakayama_omi_pedigree_analysis/data/fastqs/n1340_1.fq.gz,/Users/shohei-noda/git/proj_wakayama_omi_pedigree_analysis/data/fastqs/n1340_2.fq.gz
n1376,/Users/shohei-noda/git/proj_wakayama_omi_pedigree_analysis/data/fastqs/n1376_1.fq.gz,/Users/shohei-noda/git/proj_wakayama_omi_pedigree_analysis/data/fastqs/n1376_2.fq.gz
n1132,/Users/shohei-noda/git/proj_wakayama_omi_pedigree_analysis/data/fastqs/n1132_1.fq.gz,/Users/shohei-noda/git/proj_wakayama_omi_pedigree_analysis/data/fastqs/n1132_2.fq.gz
n1358,/Users/shohei-noda/git/proj_wakayama_omi_pedigree_analysis/data/fastqs/n1358_1.fq.gz,/Users/shohei-noda/git/proj_wakayama_omi_pedigree_analysis/data/fastqs/n1358_2.fq.gz
n1330,/Users/shohei-noda/git/proj_wakayama_omi_pedigree_analysis/data/fastqs/n1330_1.fq.gz,/Users/shohei-noda/git/proj_wakayama_omi_pedigree_analysis/data/fastqs/n1330_2.fq.gz
n1382,/Users/shohei-noda/git/proj_wakayama_omi_pedigree_analysis/data/fastqs/n1382_1.fq.gz,/Users/shohei-noda/git/proj_wakayama_omi_pedigree_analysis/data/fastqs/n1382_2.fq.gz
n1121,/Users/shohei-noda/git/proj_wakayama_omi_pedigree_analysis/data/fastqs/n1121_1.fq.gz,/Users/shohei-noda/git/proj_wakayama_omi_pedigree_analysis/data/fastqs/n1121_2.fq.gz
n1329,/Users/shohei-noda/git/proj_wakayama_omi_pedigree_analysis/data/fastqs/n1329_1.fq.gz,/Users/shohei-noda/git/proj_wakayama_omi_pedigree_analysis/data/fastqs/n1329_2.fq.gz
n1332,/Users/shohei-noda/git/proj_wakayama_omi_pedigree_analysis/data/fastqs/n1332_1.fq.gz,/Users/shohei-noda/git/proj_wakayama_omi_pedigree_analysis/data/fastqs/n1332_2.fq.gz
n1394,/Users/shohei-noda/git/proj_wakayama_omi_pedigree_analysis/data/fastqs/n1394_1.fq.gz,/Users/shohei-noda/git/proj_wakayama_omi_pedigree_analysis/data/fastqs/n1394_2.fq.gz
n1378,/Users/shohei-noda/git/proj_wakayama_omi_pedigree_analysis/data/fastqs/n1378_1.fq.gz,/Users/shohei-noda/git/proj_wakayama_omi_pedigree_analysis/data/fastqs/n1378_2.fq.gz
n1367,/Users/shohei-noda/git/proj_wakayama_omi_pedigree_analysis/data/fastqs/n1367_1.fq.gz,/Users/shohei-noda/git/proj_wakayama_omi_pedigree_analysis/data/fastqs/n1367_2.fq.gz
n1400,/Users/shohei-noda/git/proj_wakayama_omi_pedigree_analysis/data/fastqs/n1400_1.fq.gz,/Users/shohei-noda/git/proj_wakayama_omi_pedigree_analysis/data/fastqs/n1400_2.fq.gz
n1393,/Users/shohei-noda/git/proj_wakayama_omi_pedigree_analysis/data/fastqs/n1393_1.fq.gz,/Users/shohei-noda/git/proj_wakayama_omi_pedigree_analysis/data/fastqs/n1393_2.fq.gz
n1325,/Users/shohei-noda/git/proj_wakayama_omi_pedigree_analysis/data/fastqs/n1325_1.fq.gz,/Users/shohei-noda/git/proj_wakayama_omi_pedigree_analysis/data/fastqs/n1325_2.fq.gz
n1127,/Users/shohei-noda/git/proj_wakayama_omi_pedigree_analysis/data/fastqs/n1127_1.fq.gz,/Users/shohei-noda/git/proj_wakayama_omi_pedigree_analysis/data/fastqs/n1127_2.fq.gz
n1134,/Users/shohei-noda/git/proj_wakayama_omi_pedigree_analysis/data/fastqs/n1134_1.fq.gz,/Users/shohei-noda/git/proj_wakayama_omi_pedigree_analysis/data/fastqs/n1134_2.fq.gz
n1324,/Users/shohei-noda/git/proj_wakayama_omi_pedigree_analysis/data/fastqs/n1324_1.fq.gz,/Users/shohei-noda/git/proj_wakayama_omi_pedigree_analysis/data/fastqs/n1324_2.fq.gz
n1372,/Users/shohei-noda/git/proj_wakayama_omi_pedigree_analysis/data/fastqs/n1372_1.fq.gz,/Users/shohei-noda/git/proj_wakayama_omi_pedigree_analysis/data/fastqs/n1372_2.fq.gz
n1381,/Users/shohei-noda/git/proj_wakayama_omi_pedigree_analysis/data/fastqs/n1381_1.fq.gz,/Users/shohei-noda/git/proj_wakayama_omi_pedigree_analysis/data/fastqs/n1381_2.fq.gz
n1395,/Users/shohei-noda/git/proj_wakayama_omi_pedigree_analysis/data/fastqs/n1395_1.fq.gz,/Users/shohei-noda/git/proj_wakayama_omi_pedigree_analysis/data/fastqs/n1395_2.fq.gz
n1337,/Users/shohei-noda/git/proj_wakayama_omi_pedigree_analysis/data/fastqs/n1337_1.fq.gz,/Users/shohei-noda/git/proj_wakayama_omi_pedigree_analysis/data/fastqs/n1337_2.fq.gz
n1331,/Users/shohei-noda/git/proj_wakayama_omi_pedigree_analysis/data/fastqs/n1331_1.fq.gz,/Users/shohei-noda/git/proj_wakayama_omi_pedigree_analysis/data/fastqs/n1331_2.fq.gz
n1389,/Users/shohei-noda/git/proj_wakayama_omi_pedigree_analysis/data/fastqs/n1389_1.fq.gz,/Users/shohei-noda/git/proj_wakayama_omi_pedigree_analysis/data/fastqs/n1389_2.fq.gz
n1144,/Users/shohei-noda/git/proj_wakayama_omi_pedigree_analysis/data/fastqs/n1144_1.fq.gz,/Users/shohei-noda/git/proj_wakayama_omi_pedigree_analysis/data/fastqs/n1144_2.fq.gz
n1375,/Users/shohei-noda/git/proj_wakayama_omi_pedigree_analysis/data/fastqs/n1375_1.fq.gz,/Users/shohei-noda/git/proj_wakayama_omi_pedigree_analysis/data/fastqs/n1375_2.fq.gz
n1385,/Users/shohei-noda/git/proj_wakayama_omi_pedigree_analysis/data/fastqs/n1385_1.fq.gz,/Users/shohei-noda/git/proj_wakayama_omi_pedigree_analysis/data/fastqs/n1385_2.fq.gz
n1369,/Users/shohei-noda/git/proj_wakayama_omi_pedigree_analysis/data/fastqs/n1369_1.fq.gz,/Users/shohei-noda/git/proj_wakayama_omi_pedigree_analysis/data/fastqs/n1369_2.fq.gz
n1342,/Users/shohei-noda/git/proj_wakayama_omi_pedigree_analysis/data/fastqs/n1342_1.fq.gz,/Users/shohei-noda/git/proj_wakayama_omi_pedigree_analysis/data/fastqs/n1342_2.fq.gz
n1108,/Users/shohei-noda/git/proj_wakayama_omi_pedigree_analysis/data/fastqs/n1108_1.fq.gz,/Users/shohei-noda/git/proj_wakayama_omi_pedigree_analysis/data/fastqs/n1108_2.fq.gz
n1396,/Users/shohei-noda/git/proj_wakayama_omi_pedigree_analysis/data/fastqs/n1396_1.fq.gz,/Users/shohei-noda/git/proj_wakayama_omi_pedigree_analysis/data/fastqs/n1396_2.fq.gz
n1357,/Users/shohei-noda/git/proj_wakayama_omi_pedigree_analysis/data/fastqs/n1357_1.fq.gz,/Users/shohei-noda/git/proj_wakayama_omi_pedigree_analysis/data/fastqs/n1357_2.fq.gz
n1392,/Users/shohei-noda/git/proj_wakayama_omi_pedigree_analysis/data/fastqs/n1392_1.fq.gz,/Users/shohei-noda/git/proj_wakayama_omi_pedigree_analysis/data/fastqs/n1392_2.fq.gz
n1321,/Users/shohei-noda/git/proj_wakayama_omi_pedigree_analysis/data/fastqs/n1321_1.fq.gz,/Users/shohei-noda/git/proj_wakayama_omi_pedigree_analysis/data/fastqs/n1321_2.fq.gz
n1306,/Users/shohei-noda/git/proj_wakayama_omi_pedigree_analysis/data/fastqs/n1306_1.fq.gz,/Users/shohei-noda/git/proj_wakayama_omi_pedigree_analysis/data/fastqs/n1306_2.fq.gz
n1344,/Users/shohei-noda/git/proj_wakayama_omi_pedigree_analysis/data/fastqs/n1344_1.fq.gz,/Users/shohei-noda/git/proj_wakayama_omi_pedigree_analysis/data/fastqs/n1344_2.fq.gz
n1399,/Users/shohei-noda/git/proj_wakayama_omi_pedigree_analysis/data/fastqs/n1399_1.fq.gz,/Users/shohei-noda/git/proj_wakayama_omi_pedigree_analysis/data/fastqs/n1399_2.fq.gz
n1371,/Users/shohei-noda/git/proj_wakayama_omi_pedigree_analysis/data/fastqs/n1371_1.fq.gz,/Users/shohei-noda/git/proj_wakayama_omi_pedigree_analysis/data/fastqs/n1371_2.fq.gz
n1387,/Users/shohei-noda/git/proj_wakayama_omi_pedigree_analysis/data/fastqs/n1387_1.fq.gz,/Users/shohei-noda/git/proj_wakayama_omi_pedigree_analysis/data/fastqs/n1387_2.fq.gz
n1113,/Users/shohei-noda/git/proj_wakayama_omi_pedigree_analysis/data/fastqs/n1113_1.fq.gz,/Users/shohei-noda/git/proj_wakayama_omi_pedigree_analysis/data/fastqs/n1113_2.fq.gz
n1388,/Users/shohei-noda/git/proj_wakayama_omi_pedigree_analysis/data/fastqs/n1388_1.fq.gz,/Users/shohei-noda/git/proj_wakayama_omi_pedigree_analysis/data/fastqs/n1388_2.fq.gz
n1379,/Users/shohei-noda/git/proj_wakayama_omi_pedigree_analysis/data/fastqs/n1379_1.fq.gz,/Users/shohei-noda/git/proj_wakayama_omi_pedigree_analysis/data/fastqs/n1379_2.fq.gz
n1359,/Users/shohei-noda/git/proj_wakayama_omi_pedigree_analysis/data/fastqs/n1359_1.fq.gz,/Users/shohei-noda/git/proj_wakayama_omi_pedigree_analysis/data/fastqs/n1359_2.fq.gz
n1312,/Users/shohei-noda/git/proj_wakayama_omi_pedigree_analysis/data/fastqs/n1312_1.fq.gz,/Users/shohei-noda/git/proj_wakayama_omi_pedigree_analysis/data/fastqs/n1312_2.fq.gz
n1316,/Users/shohei-noda/git/proj_wakayama_omi_pedigree_analysis/data/fastqs/n1316_1.fq.gz,/Users/shohei-noda/git/proj_wakayama_omi_pedigree_analysis/data/fastqs/n1316_2.fq.gz
n1317,/Users/shohei-noda/git/proj_wakayama_omi_pedigree_analysis/data/fastqs/n1317_1.fq.gz,/Users/shohei-noda/git/proj_wakayama_omi_pedigree_analysis/data/fastqs/n1317_2.fq.gz
n1363,/Users/shohei-noda/git/proj_wakayama_omi_pedigree_analysis/data/fastqs/n1363_1.fq.gz,/Users/shohei-noda/git/proj_wakayama_omi_pedigree_analysis/data/fastqs/n1363_2.fq.gz
n1304,/Users/shohei-noda/git/proj_wakayama_omi_pedigree_analysis/data/fastqs/n1304_1.fq.gz,/Users/shohei-noda/git/proj_wakayama_omi_pedigree_analysis/data/fastqs/n1304_2.fq.gz
n1365,/Users/shohei-noda/git/proj_wakayama_omi_pedigree_analysis/data/fastqs/n1365_1.fq.gz,/Users/shohei-noda/git/proj_wakayama_omi_pedigree_analysis/data/fastqs/n1365_2.fq.gz
n1356,/Users/shohei-noda/git/proj_wakayama_omi_pedigree_analysis/data/fastqs/n1356_1.fq.gz,/Users/shohei-noda/git/proj_wakayama_omi_pedigree_analysis/data/fastqs/n1356_2.fq.gz
n1838,/Users/shohei-noda/git/proj_wakayama_omi_pedigree_analysis/data/fastqs/n1838_1.fq.gz,/Users/shohei-noda/git/proj_wakayama_omi_pedigree_analysis/data/fastqs/n1838_2.fq.gz
n1373,/Users/shohei-noda/git/proj_wakayama_omi_pedigree_analysis/data/fastqs/n1373_1.fq.gz,/Users/shohei-noda/git/proj_wakayama_omi_pedigree_analysis/data/fastqs/n1373_2.fq.gz
n1338,/Users/shohei-noda/git/proj_wakayama_omi_pedigree_analysis/data/fastqs/n1338_1.fq.gz,/Users/shohei-noda/git/proj_wakayama_omi_pedigree_analysis/data/fastqs/n1338_2.fq.gz
n1366,/Users/shohei-noda/git/proj_wakayama_omi_pedigree_analysis/data/fastqs/n1366_1.fq.gz,/Users/shohei-noda/git/proj_wakayama_omi_pedigree_analysis/data/fastqs/n1366_2.fq.gz
n1391,/Users/shohei-noda/git/proj_wakayama_omi_pedigree_analysis/data/fastqs/n1391_1.fq.gz,/Users/shohei-noda/git/proj_wakayama_omi_pedigree_analysis/data/fastqs/n1391_2.fq.gz
n1390,/Users/shohei-noda/git/proj_wakayama_omi_pedigree_analysis/data/fastqs/n1390_1.fq.gz,/Users/shohei-noda/git/proj_wakayama_omi_pedigree_analysis/data/fastqs/n1390_2.fq.gz
n1348,/Users/shohei-noda/git/proj_wakayama_omi_pedigree_analysis/data/fastqs/n1348_1.fq.gz,/Users/shohei-noda/git/proj_wakayama_omi_pedigree_analysis/data/fastqs/n1348_2.fq.gz
n1351,/Users/shohei-noda/git/proj_wakayama_omi_pedigree_analysis/data/fastqs/n1351_1.fq.gz,/Users/shohei-noda/git/proj_wakayama_omi_pedigree_analysis/data/fastqs/n1351_2.fq.gz
n1322,/Users/shohei-noda/git/proj_wakayama_omi_pedigree_analysis/data/fastqs/n1322_1.fq.gz,/Users/shohei-noda/git/proj_wakayama_omi_pedigree_analysis/data/fastqs/n1322_2.fq.gz
n1347,/Users/shohei-noda/git/proj_wakayama_omi_pedigree_analysis/data/fastqs/n1347_1.fq.gz,/Users/shohei-noda/git/proj_wakayama_omi_pedigree_analysis/data/fastqs/n1347_2.fq.gz
n1320,/Users/shohei-noda/git/proj_wakayama_omi_pedigree_analysis/data/fastqs/n1320_1.fq.gz,/Users/shohei-noda/git/proj_wakayama_omi_pedigree_analysis/data/fastqs/n1320_2.fq.gz
n1355,/Users/shohei-noda/git/proj_wakayama_omi_pedigree_analysis/data/fastqs/n1355_1.fq.gz,/Users/shohei-noda/git/proj_wakayama_omi_pedigree_analysis/data/fastqs/n1355_2.fq.gz
n1328,/Users/shohei-noda/git/proj_wakayama_omi_pedigree_analysis/data/fastqs/n1328_1.fq.gz,/Users/shohei-noda/git/proj_wakayama_omi_pedigree_analysis/data/fastqs/n1328_2.fq.gz
n1368,/Users/shohei-noda/git/proj_wakayama_omi_pedigree_analysis/data/fastqs/n1368_1.fq.gz,/Users/shohei-noda/git/proj_wakayama_omi_pedigree_analysis/data/fastqs/n1368_2.fq.gz
n1345,/Users/shohei-noda/git/proj_wakayama_omi_pedigree_analysis/data/fastqs/n1345_1.fq.gz,/Users/shohei-noda/git/proj_wakayama_omi_pedigree_analysis/data/fastqs/n1345_2.fq.gz
n1349,/Users/shohei-noda/git/proj_wakayama_omi_pedigree_analysis/data/fastqs/n1349_1.fq.gz,/Users/shohei-noda/git/proj_wakayama_omi_pedigree_analysis/data/fastqs/n1349_2.fq.gz
n1360,/Users/shohei-noda/git/proj_wakayama_omi_pedigree_analysis/data/fastqs/n1360_1.fq.gz,/Users/shohei-noda/git/proj_wakayama_omi_pedigree_analysis/data/fastqs/n1360_2.fq.gz
n1377,/Users/shohei-noda/git/proj_wakayama_omi_pedigree_analysis/data/fastqs/n1377_1.fq.gz,/Users/shohei-noda/git/proj_wakayama_omi_pedigree_analysis/data/fastqs/n1377_2.fq.gz
n1343,/Users/shohei-noda/git/proj_wakayama_omi_pedigree_analysis/data/fastqs/n1343_1.fq.gz,/Users/shohei-noda/git/proj_wakayama_omi_pedigree_analysis/data/fastqs/n1343_2.fq.gz
n1386,/Users/shohei-noda/git/proj_wakayama_omi_pedigree_analysis/data/fastqs/n1386_1.fq.gz,/Users/shohei-noda/git/proj_wakayama_omi_pedigree_analysis/data/fastqs/n1386_2.fq.gz
n1326,/Users/shohei-noda/git/proj_wakayama_omi_pedigree_analysis/data/fastqs/n1326_1.fq.gz,/Users/shohei-noda/git/proj_wakayama_omi_pedigree_analysis/data/fastqs/n1326_2.fq.gz
n1302,/Users/shohei-noda/git/proj_wakayama_omi_pedigree_analysis/data/fastqs/n1302_1.fq.gz,/Users/shohei-noda/git/proj_wakayama_omi_pedigree_analysis/data/fastqs/n1302_2.fq.gz
n1383,/Users/shohei-noda/git/proj_wakayama_omi_pedigree_analysis/data/fastqs/n1383_1.fq.gz,/Users/shohei-noda/git/proj_wakayama_omi_pedigree_analysis/data/fastqs/n1383_2.fq.gz
n1346,/Users/shohei-noda/git/proj_wakayama_omi_pedigree_analysis/data/fastqs/n1346_1.fq.gz,/Users/shohei-noda/git/proj_wakayama_omi_pedigree_analysis/data/fastqs/n1346_2.fq.gz
n1311,/Users/shohei-noda/git/proj_wakayama_omi_pedigree_analysis/data/fastqs/n1311_1.fq.gz,/Users/shohei-noda/git/proj_wakayama_omi_pedigree_analysis/data/fastqs/n1311_2.fq.gz
n1327,/Users/shohei-noda/git/proj_wakayama_omi_pedigree_analysis/data/fastqs/n1327_1.fq.gz,/Users/shohei-noda/git/proj_wakayama_omi_pedigree_analysis/data/fastqs/n1327_2.fq.gz
n1380,/Users/shohei-noda/git/proj_wakayama_omi_pedigree_analysis/data/fastqs/n1380_1.fq.gz,/Users/shohei-noda/git/proj_wakayama_omi_pedigree_analysis/data/fastqs/n1380_2.fq.gz
n1364,/Users/shohei-noda/git/proj_wakayama_omi_pedigree_analysis/data/fastqs/n1364_1.fq.gz,/Users/shohei-noda/git/proj_wakayama_omi_pedigree_analysis/data/fastqs/n1364_2.fq.gz
n1310,/Users/shohei-noda/git/proj_wakayama_omi_pedigree_analysis/data/fastqs/n1310_1.fq.gz,/Users/shohei-noda/git/proj_wakayama_omi_pedigree_analysis/data/fastqs/n1310_2.fq.gz
n1314,/Users/shohei-noda/git/proj_wakayama_omi_pedigree_analysis/data/fastqs/n1314_1.fq.gz,/Users/shohei-noda/git/proj_wakayama_omi_pedigree_analysis/data/fastqs/n1314_2.fq.gz
n476,/Users/shohei-noda/git/proj_wakayama_omi_pedigree_analysis/data/fastqs/n476_1.fq.gz,/Users/shohei-noda/git/proj_wakayama_omi_pedigree_analysis/data/fastqs/n476_2.fq.gz
n475,/Users/shohei-noda/git/proj_wakayama_omi_pedigree_analysis/data/fastqs/n475_1.fq.gz,/Users/shohei-noda/git/proj_wakayama_omi_pedigree_analysis/data/fastqs/n475_2.fq.gz
n492,/Users/shohei-noda/git/proj_wakayama_omi_pedigree_analysis/data/fastqs/n492_1.fq.gz,/Users/shohei-noda/git/proj_wakayama_omi_pedigree_analysis/data/fastqs/n492_2.fq.gz
n506,/Users/shohei-noda/git/proj_wakayama_omi_pedigree_analysis/data/fastqs/n506_1.fq.gz,/Users/shohei-noda/git/proj_wakayama_omi_pedigree_analysis/data/fastqs/n506_2.fq.gz
n442,/Users/shohei-noda/git/proj_wakayama_omi_pedigree_analysis/data/fastqs/n442_1.fq.gz,/Users/shohei-noda/git/proj_wakayama_omi_pedigree_analysis/data/fastqs/n442_2.fq.gz
n501,/Users/shohei-noda/git/proj_wakayama_omi_pedigree_analysis/data/fastqs/n501_1.fq.gz,/Users/shohei-noda/git/proj_wakayama_omi_pedigree_analysis/data/fastqs/n501_2.fq.gz
n494,/Users/shohei-noda/git/proj_wakayama_omi_pedigree_analysis/data/fastqs/n494_1.fq.gz,/Users/shohei-noda/git/proj_wakayama_omi_pedigree_analysis/data/fastqs/n494_2.fq.gz
n466,/Users/shohei-noda/git/proj_wakayama_omi_pedigree_analysis/data/fastqs/n466_1.fq.gz,/Users/shohei-noda/git/proj_wakayama_omi_pedigree_analysis/data/fastqs/n466_2.fq.gz
n1716,/Users/shohei-noda/git/proj_wakayama_omi_pedigree_analysis/data/fastqs/n1716_1.fq.gz,/Users/shohei-noda/git/proj_wakayama_omi_pedigree_analysis/data/fastqs/n1716_2.fq.gz
N1713,/Users/shohei-noda/git/proj_wakayama_omi_pedigree_analysis/data/fastqs/N1713_1.fq.gz,/Users/shohei-noda/git/proj_wakayama_omi_pedigree_analysis/data/fastqs/N1713_2.fq.gz
n461,/Users/shohei-noda/git/proj_wakayama_omi_pedigree_analysis/data/fastqs/n461_1.fq.gz,/Users/shohei-noda/git/proj_wakayama_omi_pedigree_analysis/data/fastqs/n461_2.fq.gz
n477,/Users/shohei-noda/git/proj_wakayama_omi_pedigree_analysis/data/fastqs/n477_1.fq.gz,/Users/shohei-noda/git/proj_wakayama_omi_pedigree_analysis/data/fastqs/n477_2.fq.gz
n498,/Users/shohei-noda/git/proj_wakayama_omi_pedigree_analysis/data/fastqs/n498_1.fq.gz,/Users/shohei-noda/git/proj_wakayama_omi_pedigree_analysis/data/fastqs/n498_2.fq.gz
n503,/Users/shohei-noda/git/proj_wakayama_omi_pedigree_analysis/data/fastqs/n503_1.fq.gz,/Users/shohei-noda/git/proj_wakayama_omi_pedigree_analysis/data/fastqs/n503_2.fq.gz
n499,/Users/shohei-noda/git/proj_wakayama_omi_pedigree_analysis/data/fastqs/n499_1.fq.gz,/Users/shohei-noda/git/proj_wakayama_omi_pedigree_analysis/data/fastqs/n499_2.fq.gz
n490,/Users/shohei-noda/git/proj_wakayama_omi_pedigree_analysis/data/fastqs/n490_1.fq.gz,/Users/shohei-noda/git/proj_wakayama_omi_pedigree_analysis/data/fastqs/n490_2.fq.gz
n489,/Users/shohei-noda/git/proj_wakayama_omi_pedigree_analysis/data/fastqs/n489_1.fq.gz,/Users/shohei-noda/git/proj_wakayama_omi_pedigree_analysis/data/fastqs/n489_2.fq.gz
n520,/Users/shohei-noda/git/proj_wakayama_omi_pedigree_analysis/data/fastqs/n520_1.fq.gz,/Users/shohei-noda/git/proj_wakayama_omi_pedigree_analysis/data/fastqs/n520_2.fq.gz
n500,/Users/shohei-noda/git/proj_wakayama_omi_pedigree_analysis/data/fastqs/n500_1.fq.gz,/Users/shohei-noda/git/proj_wakayama_omi_pedigree_analysis/data/fastqs/n500_2.fq.gz
n484,/Users/shohei-noda/git/proj_wakayama_omi_pedigree_analysis/data/fastqs/n484_1.fq.gz,/Users/shohei-noda/git/proj_wakayama_omi_pedigree_analysis/data/fastqs/n484_2.fq.gz
n463,/Users/shohei-noda/git/proj_wakayama_omi_pedigree_analysis/data/fastqs/n463_1.fq.gz,/Users/shohei-noda/git/proj_wakayama_omi_pedigree_analysis/data/fastqs/n463_2.fq.gz
n460,/Users/shohei-noda/git/proj_wakayama_omi_pedigree_analysis/data/fastqs/n460_1.fq.gz,/Users/shohei-noda/git/proj_wakayama_omi_pedigree_analysis/data/fastqs/n460_2.fq.gz
n462,/Users/shohei-noda/git/proj_wakayama_omi_pedigree_analysis/data/fastqs/n462_1.fq.gz,/Users/shohei-noda/git/proj_wakayama_omi_pedigree_analysis/data/fastqs/n462_2.fq.gz
n482,/Users/shohei-noda/git/proj_wakayama_omi_pedigree_analysis/data/fastqs/n482_1.fq.gz,/Users/shohei-noda/git/proj_wakayama_omi_pedigree_analysis/data/fastqs/n482_2.fq.gz
n524,/Users/shohei-noda/git/proj_wakayama_omi_pedigree_analysis/data/fastqs/n524_1.fq.gz,/Users/shohei-noda/git/proj_wakayama_omi_pedigree_analysis/data/fastqs/n524_2.fq.gz
n493,/Users/shohei-noda/git/proj_wakayama_omi_pedigree_analysis/data/fastqs/n493_1.fq.gz,/Users/shohei-noda/git/proj_wakayama_omi_pedigree_analysis/data/fastqs/n493_2.fq.gz
n525,/Users/shohei-noda/git/proj_wakayama_omi_pedigree_analysis/data/fastqs/n525_1.fq.gz,/Users/shohei-noda/git/proj_wakayama_omi_pedigree_analysis/data/fastqs/n525_2.fq.gz
n528,/Users/shohei-noda/git/proj_wakayama_omi_pedigree_analysis/data/fastqs/n528_1.fq.gz,/Users/shohei-noda/git/proj_wakayama_omi_pedigree_analysis/data/fastqs/n528_2.fq.gz
n509,/Users/shohei-noda/git/proj_wakayama_omi_pedigree_analysis/data/fastqs/n509_1.fq.gz,/Users/shohei-noda/git/proj_wakayama_omi_pedigree_analysis/data/fastqs/n509_2.fq.gz
n480,/Users/shohei-noda/git/proj_wakayama_omi_pedigree_analysis/data/fastqs/n480_1.fq.gz,/Users/shohei-noda/git/proj_wakayama_omi_pedigree_analysis/data/fastqs/n480_2.fq.gz
n479,/Users/shohei-noda/git/proj_wakayama_omi_pedigree_analysis/data/fastqs/n479_1.fq.gz,/Users/shohei-noda/git/proj_wakayama_omi_pedigree_analysis/data/fastqs/n479_2.fq.gz
n517,/Users/shohei-noda/git/proj_wakayama_omi_pedigree_analysis/data/fastqs/n517_1.fq.gz,/Users/shohei-noda/git/proj_wakayama_omi_pedigree_analysis/data/fastqs/n517_2.fq.gz
n497,/Users/shohei-noda/git/proj_wakayama_omi_pedigree_analysis/data/fastqs/n497_1.fq.gz,/Users/shohei-noda/git/proj_wakayama_omi_pedigree_analysis/data/fastqs/n497_2.fq.gz
n495,/Users/shohei-noda/git/proj_wakayama_omi_pedigree_analysis/data/fastqs/n495_1.fq.gz,/Users/shohei-noda/git/proj_wakayama_omi_pedigree_analysis/data/fastqs/n495_2.fq.gz
n370,/Users/shohei-noda/git/proj_wakayama_omi_pedigree_analysis/data/fastqs/n370_1.fq.gz,/Users/shohei-noda/git/proj_wakayama_omi_pedigree_analysis/data/fastqs/n370_2.fq.gz
n1745,/Users/shohei-noda/git/proj_wakayama_omi_pedigree_analysis/data/fastqs/n1745_1.fq.gz,/Users/shohei-noda/git/proj_wakayama_omi_pedigree_analysis/data/fastqs/n1745_2.fq.gz
n527,/Users/shohei-noda/git/proj_wakayama_omi_pedigree_analysis/data/fastqs/n527_1.fq.gz,/Users/shohei-noda/git/proj_wakayama_omi_pedigree_analysis/data/fastqs/n527_2.fq.gz
n505,/Users/shohei-noda/git/proj_wakayama_omi_pedigree_analysis/data/fastqs/n505_1.fq.gz,/Users/shohei-noda/git/proj_wakayama_omi_pedigree_analysis/data/fastqs/n505_2.fq.gz
n514,/Users/shohei-noda/git/proj_wakayama_omi_pedigree_analysis/data/fastqs/n514_1.fq.gz,/Users/shohei-noda/git/proj_wakayama_omi_pedigree_analysis/data/fastqs/n514_2.fq.gz
n508,/Users/shohei-noda/git/proj_wakayama_omi_pedigree_analysis/data/fastqs/n508_1.fq.gz,/Users/shohei-noda/git/proj_wakayama_omi_pedigree_analysis/data/fastqs/n508_2.fq.gz
n483,/Users/shohei-noda/git/proj_wakayama_omi_pedigree_analysis/data/fastqs/n483_1.fq.gz,/Users/shohei-noda/git/proj_wakayama_omi_pedigree_analysis/data/fastqs/n483_2.fq.gz
n468,/Users/shohei-noda/git/proj_wakayama_omi_pedigree_analysis/data/fastqs/n468_1.fq.gz,/Users/shohei-noda/git/proj_wakayama_omi_pedigree_analysis/data/fastqs/n468_2.fq.gz
n502,/Users/shohei-noda/git/proj_wakayama_omi_pedigree_analysis/data/fastqs/n502_1.fq.gz,/Users/shohei-noda/git/proj_wakayama_omi_pedigree_analysis/data/fastqs/n502_2.fq.gz
n486,/Users/shohei-noda/git/proj_wakayama_omi_pedigree_analysis/data/fastqs/n486_1.fq.gz,/Users/shohei-noda/git/proj_wakayama_omi_pedigree_analysis/data/fastqs/n486_2.fq.gz
n474,/Users/shohei-noda/git/proj_wakayama_omi_pedigree_analysis/data/fastqs/n474_1.fq.gz,/Users/shohei-noda/git/proj_wakayama_omi_pedigree_analysis/data/fastqs/n474_2.fq.gz
n530,/Users/shohei-noda/git/proj_wakayama_omi_pedigree_analysis/data/fastqs/n530_1.fq.gz,/Users/shohei-noda/git/proj_wakayama_omi_pedigree_analysis/data/fastqs/n530_2.fq.gz
n519,/Users/shohei-noda/git/proj_wakayama_omi_pedigree_analysis/data/fastqs/n519_1.fq.gz,/Users/shohei-noda/git/proj_wakayama_omi_pedigree_analysis/data/fastqs/n519_2.fq.gz
n467,/Users/shohei-noda/git/proj_wakayama_omi_pedigree_analysis/data/fastqs/n467_1.fq.gz,/Users/shohei-noda/git/proj_wakayama_omi_pedigree_analysis/data/fastqs/n467_2.fq.gz
n440,/Users/shohei-noda/git/proj_wakayama_omi_pedigree_analysis/data/fastqs/n440_1.fq.gz,/Users/shohei-noda/git/proj_wakayama_omi_pedigree_analysis/data/fastqs/n440_2.fq.gz
n512,/Users/shohei-noda/git/proj_wakayama_omi_pedigree_analysis/data/fastqs/n512_1.fq.gz,/Users/shohei-noda/git/proj_wakayama_omi_pedigree_analysis/data/fastqs/n512_2.fq.gz
n535,/Users/shohei-noda/git/proj_wakayama_omi_pedigree_analysis/data/fastqs/n535_1.fq.gz,/Users/shohei-noda/git/proj_wakayama_omi_pedigree_analysis/data/fastqs/n535_2.fq.gz
n488,/Users/shohei-noda/git/proj_wakayama_omi_pedigree_analysis/data/fastqs/n488_1.fq.gz,/Users/shohei-noda/git/proj_wakayama_omi_pedigree_analysis/data/fastqs/n488_2.fq.gz
n511,/Users/shohei-noda/git/proj_wakayama_omi_pedigree_analysis/data/fastqs/n511_1.fq.gz,/Users/shohei-noda/git/proj_wakayama_omi_pedigree_analysis/data/fastqs/n511_2.fq.gz
n516,/Users/shohei-noda/git/proj_wakayama_omi_pedigree_analysis/data/fastqs/n516_1.fq.gz,/Users/shohei-noda/git/proj_wakayama_omi_pedigree_analysis/data/fastqs/n516_2.fq.gz
n521,/Users/shohei-noda/git/proj_wakayama_omi_pedigree_analysis/data/fastqs/n521_1.fq.gz,/Users/shohei-noda/git/proj_wakayama_omi_pedigree_analysis/data/fastqs/n521_2.fq.gz
n496,/Users/shohei-noda/git/proj_wakayama_omi_pedigree_analysis/data/fastqs/n496_1.fq.gz,/Users/shohei-noda/git/proj_wakayama_omi_pedigree_analysis/data/fastqs/n496_2.fq.gz
n1754,/Users/shohei-noda/git/proj_wakayama_omi_pedigree_analysis/data/fastqs/n1754_1.fq.gz,/Users/shohei-noda/git/proj_wakayama_omi_pedigree_analysis/data/fastqs/n1754_2.fq.gz
n433,/Users/shohei-noda/git/proj_wakayama_omi_pedigree_analysis/data/fastqs/n433_1.fq.gz,/Users/shohei-noda/git/proj_wakayama_omi_pedigree_analysis/data/fastqs/n433_2.fq.gz
n472,/Users/shohei-noda/git/proj_wakayama_omi_pedigree_analysis/data/fastqs/n472_1.fq.gz,/Users/shohei-noda/git/proj_wakayama_omi_pedigree_analysis/data/fastqs/n472_2.fq.gz
n399,/Users/shohei-noda/git/proj_wakayama_omi_pedigree_analysis/data/fastqs/n399_1.fq.gz,/Users/shohei-noda/git/proj_wakayama_omi_pedigree_analysis/data/fastqs/n399_2.fq.gz
n1305,/Users/shohei-noda/git/proj_wakayama_omi_pedigree_analysis/data/fastqs/n1305_1.fq.gz,/Users/shohei-noda/git/proj_wakayama_omi_pedigree_analysis/data/fastqs/n1305_2.fq.gz
n1362,/Users/shohei-noda/git/proj_wakayama_omi_pedigree_analysis/data/fastqs/n1362_1.fq.gz,/Users/shohei-noda/git/proj_wakayama_omi_pedigree_analysis/data/fastqs/n1362_2.fq.gz
n1361,/Users/shohei-noda/git/proj_wakayama_omi_pedigree_analysis/data/fastqs/n1361_1.fq.gz,/Users/shohei-noda/git/proj_wakayama_omi_pedigree_analysis/data/fastqs/n1361_2.fq.gz
n1472,/Users/shohei-noda/git/proj_wakayama_omi_pedigree_analysis/data/fastqs/n1472_1.fq.gz,/Users/shohei-noda/git/proj_wakayama_omi_pedigree_analysis/data/fastqs/n1472_2.fq.gz
n1498,/Users/shohei-noda/git/proj_wakayama_omi_pedigree_analysis/data/fastqs/n1498_1.fq.gz,/Users/shohei-noda/git/proj_wakayama_omi_pedigree_analysis/data/fastqs/n1498_2.fq.gz
n1421,/Users/shohei-noda/git/proj_wakayama_omi_pedigree_analysis/data/fastqs/n1421_1.fq.gz,/Users/shohei-noda/git/proj_wakayama_omi_pedigree_analysis/data/fastqs/n1421_2.fq.gz
n1492,/Users/shohei-noda/git/proj_wakayama_omi_pedigree_analysis/data/fastqs/n1492_1.fq.gz,/Users/shohei-noda/git/proj_wakayama_omi_pedigree_analysis/data/fastqs/n1492_2.fq.gz
n1448,/Users/shohei-noda/git/proj_wakayama_omi_pedigree_analysis/data/fastqs/n1448_1.fq.gz,/Users/shohei-noda/git/proj_wakayama_omi_pedigree_analysis/data/fastqs/n1448_2.fq.gz
n1496,/Users/shohei-noda/git/proj_wakayama_omi_pedigree_analysis/data/fastqs/n1496_1.fq.gz,/Users/shohei-noda/git/proj_wakayama_omi_pedigree_analysis/data/fastqs/n1496_2.fq.gz
n1475,/Users/shohei-noda/git/proj_wakayama_omi_pedigree_analysis/data/fastqs/n1475_1.fq.gz,/Users/shohei-noda/git/proj_wakayama_omi_pedigree_analysis/data/fastqs/n1475_2.fq.gz
n1489,/Users/shohei-noda/git/proj_wakayama_omi_pedigree_analysis/data/fastqs/n1489_1.fq.gz,/Users/shohei-noda/git/proj_wakayama_omi_pedigree_analysis/data/fastqs/n1489_2.fq.gz
n1462,/Users/shohei-noda/git/proj_wakayama_omi_pedigree_analysis/data/fastqs/n1462_1.fq.gz,/Users/shohei-noda/git/proj_wakayama_omi_pedigree_analysis/data/fastqs/n1462_2.fq.gz
n1465,/Users/shohei-noda/git/proj_wakayama_omi_pedigree_analysis/data/fastqs/n1465_1.fq.gz,/Users/shohei-noda/git/proj_wakayama_omi_pedigree_analysis/data/fastqs/n1465_2.fq.gz
n1402,/Users/shohei-noda/git/proj_wakayama_omi_pedigree_analysis/data/fastqs/n1402_1.fq.gz,/Users/shohei-noda/git/proj_wakayama_omi_pedigree_analysis/data/fastqs/n1402_2.fq.gz
n1453,/Users/shohei-noda/git/proj_wakayama_omi_pedigree_analysis/data/fastqs/n1453_1.fq.gz,/Users/shohei-noda/git/proj_wakayama_omi_pedigree_analysis/data/fastqs/n1453_2.fq.gz
n1467,/Users/shohei-noda/git/proj_wakayama_omi_pedigree_analysis/data/fastqs/n1467_1.fq.gz,/Users/shohei-noda/git/proj_wakayama_omi_pedigree_analysis/data/fastqs/n1467_2.fq.gz
n1494,/Users/shohei-noda/git/proj_wakayama_omi_pedigree_analysis/data/fastqs/n1494_1.fq.gz,/Users/shohei-noda/git/proj_wakayama_omi_pedigree_analysis/data/fastqs/n1494_2.fq.gz
n1497,/Users/shohei-noda/git/proj_wakayama_omi_pedigree_analysis/data/fastqs/n1497_1.fq.gz,/Users/shohei-noda/git/proj_wakayama_omi_pedigree_analysis/data/fastqs/n1497_2.fq.gz
n1460,/Users/shohei-noda/git/proj_wakayama_omi_pedigree_analysis/data/fastqs/n1460_1.fq.gz,/Users/shohei-noda/git/proj_wakayama_omi_pedigree_analysis/data/fastqs/n1460_2.fq.gz
n1461,/Users/shohei-noda/git/proj_wakayama_omi_pedigree_analysis/data/fastqs/n1461_1.fq.gz,/Users/shohei-noda/git/proj_wakayama_omi_pedigree_analysis/data/fastqs/n1461_2.fq.gz
n1419,/Users/shohei-noda/git/proj_wakayama_omi_pedigree_analysis/data/fastqs/n1419_1.fq.gz,/Users/shohei-noda/git/proj_wakayama_omi_pedigree_analysis/data/fastqs/n1419_2.fq.gz
n1468,/Users/shohei-noda/git/proj_wakayama_omi_pedigree_analysis/data/fastqs/n1468_1.fq.gz,/Users/shohei-noda/git/proj_wakayama_omi_pedigree_analysis/data/fastqs/n1468_2.fq.gz
n1454,/Users/shohei-noda/git/proj_wakayama_omi_pedigree_analysis/data/fastqs/n1454_1.fq.gz,/Users/shohei-noda/git/proj_wakayama_omi_pedigree_analysis/data/fastqs/n1454_2.fq.gz
n1417,/Users/shohei-noda/git/proj_wakayama_omi_pedigree_analysis/data/fastqs/n1417_1.fq.gz,/Users/shohei-noda/git/proj_wakayama_omi_pedigree_analysis/data/fastqs/n1417_2.fq.gz
n1410,/Users/shohei-noda/git/proj_wakayama_omi_pedigree_analysis/data/fastqs/n1410_1.fq.gz,/Users/shohei-noda/git/proj_wakayama_omi_pedigree_analysis/data/fastqs/n1410_2.fq.gz
n1420,/Users/shohei-noda/git/proj_wakayama_omi_pedigree_analysis/data/fastqs/n1420_1.fq.gz,/Users/shohei-noda/git/proj_wakayama_omi_pedigree_analysis/data/fastqs/n1420_2.fq.gz
n1456,/Users/shohei-noda/git/proj_wakayama_omi_pedigree_analysis/data/fastqs/n1456_1.fq.gz,/Users/shohei-noda/git/proj_wakayama_omi_pedigree_analysis/data/fastqs/n1456_2.fq.gz
n1425,/Users/shohei-noda/git/proj_wakayama_omi_pedigree_analysis/data/fastqs/n1425_1.fq.gz,/Users/shohei-noda/git/proj_wakayama_omi_pedigree_analysis/data/fastqs/n1425_2.fq.gz
n1459,/Users/shohei-noda/git/proj_wakayama_omi_pedigree_analysis/data/fastqs/n1459_1.fq.gz,/Users/shohei-noda/git/proj_wakayama_omi_pedigree_analysis/data/fastqs/n1459_2.fq.gz
n1236,/Users/shohei-noda/git/proj_wakayama_omi_pedigree_analysis/data/fastqs/n1236_1.fq.gz,/Users/shohei-noda/git/proj_wakayama_omi_pedigree_analysis/data/fastqs/n1236_2.fq.gz
n1251,/Users/shohei-noda/git/proj_wakayama_omi_pedigree_analysis/data/fastqs/n1251_1.fq.gz,/Users/shohei-noda/git/proj_wakayama_omi_pedigree_analysis/data/fastqs/n1251_2.fq.gz
n1295,/Users/shohei-noda/git/proj_wakayama_omi_pedigree_analysis/data/fastqs/n1295_1.fq.gz,/Users/shohei-noda/git/proj_wakayama_omi_pedigree_analysis/data/fastqs/n1295_2.fq.gz
n1255,/Users/shohei-noda/git/proj_wakayama_omi_pedigree_analysis/data/fastqs/n1255_1.fq.gz,/Users/shohei-noda/git/proj_wakayama_omi_pedigree_analysis/data/fastqs/n1255_2.fq.gz
n1246,/Users/shohei-noda/git/proj_wakayama_omi_pedigree_analysis/data/fastqs/n1246_1.fq.gz,/Users/shohei-noda/git/proj_wakayama_omi_pedigree_analysis/data/fastqs/n1246_2.fq.gz
n1263,/Users/shohei-noda/git/proj_wakayama_omi_pedigree_analysis/data/fastqs/n1263_1.fq.gz,/Users/shohei-noda/git/proj_wakayama_omi_pedigree_analysis/data/fastqs/n1263_2.fq.gz
n1241,/Users/shohei-noda/git/proj_wakayama_omi_pedigree_analysis/data/fastqs/n1241_1.fq.gz,/Users/shohei-noda/git/proj_wakayama_omi_pedigree_analysis/data/fastqs/n1241_2.fq.gz
n1245,/Users/shohei-noda/git/proj_wakayama_omi_pedigree_analysis/data/fastqs/n1245_1.fq.gz,/Users/shohei-noda/git/proj_wakayama_omi_pedigree_analysis/data/fastqs/n1245_2.fq.gz
n1252,/Users/shohei-noda/git/proj_wakayama_omi_pedigree_analysis/data/fastqs/n1252_1.fq.gz,/Users/shohei-noda/git/proj_wakayama_omi_pedigree_analysis/data/fastqs/n1252_2.fq.gz
n1259,/Users/shohei-noda/git/proj_wakayama_omi_pedigree_analysis/data/fastqs/n1259_1.fq.gz,/Users/shohei-noda/git/proj_wakayama_omi_pedigree_analysis/data/fastqs/n1259_2.fq.gz
n1261,/Users/shohei-noda/git/proj_wakayama_omi_pedigree_analysis/data/fastqs/n1261_1.fq.gz,/Users/shohei-noda/git/proj_wakayama_omi_pedigree_analysis/data/fastqs/n1261_2.fq.gz
n1222,/Users/shohei-noda/git/proj_wakayama_omi_pedigree_analysis/data/fastqs/n1222_1.fq.gz,/Users/shohei-noda/git/proj_wakayama_omi_pedigree_analysis/data/fastqs/n1222_2.fq.gz
n1276,/Users/shohei-noda/git/proj_wakayama_omi_pedigree_analysis/data/fastqs/n1276_1.fq.gz,/Users/shohei-noda/git/proj_wakayama_omi_pedigree_analysis/data/fastqs/n1276_2.fq.gz
n1234,/Users/shohei-noda/git/proj_wakayama_omi_pedigree_analysis/data/fastqs/n1234_1.fq.gz,/Users/shohei-noda/git/proj_wakayama_omi_pedigree_analysis/data/fastqs/n1234_2.fq.gz
n1274,/Users/shohei-noda/git/proj_wakayama_omi_pedigree_analysis/data/fastqs/n1274_1.fq.gz,/Users/shohei-noda/git/proj_wakayama_omi_pedigree_analysis/data/fastqs/n1274_2.fq.gz
n1297,/Users/shohei-noda/git/proj_wakayama_omi_pedigree_analysis/data/fastqs/n1297_1.fq.gz,/Users/shohei-noda/git/proj_wakayama_omi_pedigree_analysis/data/fastqs/n1297_2.fq.gz
n1273,/Users/shohei-noda/git/proj_wakayama_omi_pedigree_analysis/data/fastqs/n1273_1.fq.gz,/Users/shohei-noda/git/proj_wakayama_omi_pedigree_analysis/data/fastqs/n1273_2.fq.gz
n1239,/Users/shohei-noda/git/proj_wakayama_omi_pedigree_analysis/data/fastqs/n1239_1.fq.gz,/Users/shohei-noda/git/proj_wakayama_omi_pedigree_analysis/data/fastqs/n1239_2.fq.gz
n1247,/Users/shohei-noda/git/proj_wakayama_omi_pedigree_analysis/data/fastqs/n1247_1.fq.gz,/Users/shohei-noda/git/proj_wakayama_omi_pedigree_analysis/data/fastqs/n1247_2.fq.gz
n1271,/Users/shohei-noda/git/proj_wakayama_omi_pedigree_analysis/data/fastqs/n1271_1.fq.gz,/Users/shohei-noda/git/proj_wakayama_omi_pedigree_analysis/data/fastqs/n1271_2.fq.gz
n1290,/Users/shohei-noda/git/proj_wakayama_omi_pedigree_analysis/data/fastqs/n1290_1.fq.gz,/Users/shohei-noda/git/proj_wakayama_omi_pedigree_analysis/data/fastqs/n1290_2.fq.gz
n1266,/Users/shohei-noda/git/proj_wakayama_omi_pedigree_analysis/data/fastqs/n1266_1.fq.gz,/Users/shohei-noda/git/proj_wakayama_omi_pedigree_analysis/data/fastqs/n1266_2.fq.gz
n1300,/Users/shohei-noda/git/proj_wakayama_omi_pedigree_analysis/data/fastqs/n1300_1.fq.gz,/Users/shohei-noda/git/proj_wakayama_omi_pedigree_analysis/data/fastqs/n1300_2.fq.gz
n1257,/Users/shohei-noda/git/proj_wakayama_omi_pedigree_analysis/data/fastqs/n1257_1.fq.gz,/Users/shohei-noda/git/proj_wakayama_omi_pedigree_analysis/data/fastqs/n1257_2.fq.gz
n1240,/Users/shohei-noda/git/proj_wakayama_omi_pedigree_analysis/data/fastqs/n1240_1.fq.gz,/Users/shohei-noda/git/proj_wakayama_omi_pedigree_analysis/data/fastqs/n1240_2.fq.gz
n1221,/Users/shohei-noda/git/proj_wakayama_omi_pedigree_analysis/data/fastqs/n1221_1.fq.gz,/Users/shohei-noda/git/proj_wakayama_omi_pedigree_analysis/data/fastqs/n1221_2.fq.gz
n1242,/Users/shohei-noda/git/proj_wakayama_omi_pedigree_analysis/data/fastqs/n1242_1.fq.gz,/Users/shohei-noda/git/proj_wakayama_omi_pedigree_analysis/data/fastqs/n1242_2.fq.gz
n1296,/Users/shohei-noda/git/proj_wakayama_omi_pedigree_analysis/data/fastqs/n1296_1.fq.gz,/Users/shohei-noda/git/proj_wakayama_omi_pedigree_analysis/data/fastqs/n1296_2.fq.gz
n1469,/Users/shohei-noda/git/proj_wakayama_omi_pedigree_analysis/data/fastqs/n1469_1.fq.gz,/Users/shohei-noda/git/proj_wakayama_omi_pedigree_analysis/data/fastqs/n1469_2.fq.gz
n1490,/Users/shohei-noda/git/proj_wakayama_omi_pedigree_analysis/data/fastqs/n1490_1.fq.gz,/Users/shohei-noda/git/proj_wakayama_omi_pedigree_analysis/data/fastqs/n1490_2.fq.gz
n1455,/Users/shohei-noda/git/proj_wakayama_omi_pedigree_analysis/data/fastqs/n1455_1.fq.gz,/Users/shohei-noda/git/proj_wakayama_omi_pedigree_analysis/data/fastqs/n1455_2.fq.gz
n1406,/Users/shohei-noda/git/proj_wakayama_omi_pedigree_analysis/data/fastqs/n1406_1.fq.gz,/Users/shohei-noda/git/proj_wakayama_omi_pedigree_analysis/data/fastqs/n1406_2.fq.gz
n1422,/Users/shohei-noda/git/proj_wakayama_omi_pedigree_analysis/data/fastqs/n1422_1.fq.gz,/Users/shohei-noda/git/proj_wakayama_omi_pedigree_analysis/data/fastqs/n1422_2.fq.gz
n1418,/Users/shohei-noda/git/proj_wakayama_omi_pedigree_analysis/data/fastqs/n1418_1.fq.gz,/Users/shohei-noda/git/proj_wakayama_omi_pedigree_analysis/data/fastqs/n1418_2.fq.gz
n1449,/Users/shohei-noda/git/proj_wakayama_omi_pedigree_analysis/data/fastqs/n1449_1.fq.gz,/Users/shohei-noda/git/proj_wakayama_omi_pedigree_analysis/data/fastqs/n1449_2.fq.gz
n1431,/Users/shohei-noda/git/proj_wakayama_omi_pedigree_analysis/data/fastqs/n1431_1.fq.gz,/Users/shohei-noda/git/proj_wakayama_omi_pedigree_analysis/data/fastqs/n1431_2.fq.gz
n1424,/Users/shohei-noda/git/proj_wakayama_omi_pedigree_analysis/data/fastqs/n1424_1.fq.gz,/Users/shohei-noda/git/proj_wakayama_omi_pedigree_analysis/data/fastqs/n1424_2.fq.gz
n1473,/Users/shohei-noda/git/proj_wakayama_omi_pedigree_analysis/data/fastqs/n1473_1.fq.gz,/Users/shohei-noda/git/proj_wakayama_omi_pedigree_analysis/data/fastqs/n1473_2.fq.gz
n1428,/Users/shohei-noda/git/proj_wakayama_omi_pedigree_analysis/data/fastqs/n1428_1.fq.gz,/Users/shohei-noda/git/proj_wakayama_omi_pedigree_analysis/data/fastqs/n1428_2.fq.gz
n1409,/Users/shohei-noda/git/proj_wakayama_omi_pedigree_analysis/data/fastqs/n1409_1.fq.gz,/Users/shohei-noda/git/proj_wakayama_omi_pedigree_analysis/data/fastqs/n1409_2.fq.gz
n1495,/Users/shohei-noda/git/proj_wakayama_omi_pedigree_analysis/data/fastqs/n1495_1.fq.gz,/Users/shohei-noda/git/proj_wakayama_omi_pedigree_analysis/data/fastqs/n1495_2.fq.gz
n1474,/Users/shohei-noda/git/proj_wakayama_omi_pedigree_analysis/data/fastqs/n1474_1.fq.gz,/Users/shohei-noda/git/proj_wakayama_omi_pedigree_analysis/data/fastqs/n1474_2.fq.gz
n1403,/Users/shohei-noda/git/proj_wakayama_omi_pedigree_analysis/data/fastqs/n1403_1.fq.gz,/Users/shohei-noda/git/proj_wakayama_omi_pedigree_analysis/data/fastqs/n1403_2.fq.gz
n1437,/Users/shohei-noda/git/proj_wakayama_omi_pedigree_analysis/data/fastqs/n1437_1.fq.gz,/Users/shohei-noda/git/proj_wakayama_omi_pedigree_analysis/data/fastqs/n1437_2.fq.gz
n1440,/Users/shohei-noda/git/proj_wakayama_omi_pedigree_analysis/data/fastqs/n1440_1.fq.gz,/Users/shohei-noda/git/proj_wakayama_omi_pedigree_analysis/data/fastqs/n1440_2.fq.gz
n1433,/Users/shohei-noda/git/proj_wakayama_omi_pedigree_analysis/data/fastqs/n1433_1.fq.gz,/Users/shohei-noda/git/proj_wakayama_omi_pedigree_analysis/data/fastqs/n1433_2.fq.gz
n1407,/Users/shohei-noda/git/proj_wakayama_omi_pedigree_analysis/data/fastqs/n1407_1.fq.gz,/Users/shohei-noda/git/proj_wakayama_omi_pedigree_analysis/data/fastqs/n1407_2.fq.gz
n1444,/Users/shohei-noda/git/proj_wakayama_omi_pedigree_analysis/data/fastqs/n1444_1.fq.gz,/Users/shohei-noda/git/proj_wakayama_omi_pedigree_analysis/data/fastqs/n1444_2.fq.gz
n1434,/Users/shohei-noda/git/proj_wakayama_omi_pedigree_analysis/data/fastqs/n1434_1.fq.gz,/Users/shohei-noda/git/proj_wakayama_omi_pedigree_analysis/data/fastqs/n1434_2.fq.gz
n1413,/Users/shohei-noda/git/proj_wakayama_omi_pedigree_analysis/data/fastqs/n1413_1.fq.gz,/Users/shohei-noda/git/proj_wakayama_omi_pedigree_analysis/data/fastqs/n1413_2.fq.gz
n1464,/Users/shohei-noda/git/proj_wakayama_omi_pedigree_analysis/data/fastqs/n1464_1.fq.gz,/Users/shohei-noda/git/proj_wakayama_omi_pedigree_analysis/data/fastqs/n1464_2.fq.gz
n1430,/Users/shohei-noda/git/proj_wakayama_omi_pedigree_analysis/data/fastqs/n1430_1.fq.gz,/Users/shohei-noda/git/proj_wakayama_omi_pedigree_analysis/data/fastqs/n1430_2.fq.gz
n1436,/Users/shohei-noda/git/proj_wakayama_omi_pedigree_analysis/data/fastqs/n1436_1.fq.gz,/Users/shohei-noda/git/proj_wakayama_omi_pedigree_analysis/data/fastqs/n1436_2.fq.gz
n1477,/Users/shohei-noda/git/proj_wakayama_omi_pedigree_analysis/data/fastqs/n1477_1.fq.gz,/Users/shohei-noda/git/proj_wakayama_omi_pedigree_analysis/data/fastqs/n1477_2.fq.gz
n1429,/Users/shohei-noda/git/proj_wakayama_omi_pedigree_analysis/data/fastqs/n1429_1.fq.gz,/Users/shohei-noda/git/proj_wakayama_omi_pedigree_analysis/data/fastqs/n1429_2.fq.gz
n1478,/Users/shohei-noda/git/proj_wakayama_omi_pedigree_analysis/data/fastqs/n1478_1.fq.gz,/Users/shohei-noda/git/proj_wakayama_omi_pedigree_analysis/data/fastqs/n1478_2.fq.gz
n1235,/Users/shohei-noda/git/proj_wakayama_omi_pedigree_analysis/data/fastqs/n1235_1.fq.gz,/Users/shohei-noda/git/proj_wakayama_omi_pedigree_analysis/data/fastqs/n1235_2.fq.gz
n1209,/Users/shohei-noda/git/proj_wakayama_omi_pedigree_analysis/data/fastqs/n1209_1.fq.gz,/Users/shohei-noda/git/proj_wakayama_omi_pedigree_analysis/data/fastqs/n1209_2.fq.gz
n1291,/Users/shohei-noda/git/proj_wakayama_omi_pedigree_analysis/data/fastqs/n1291_1.fq.gz,/Users/shohei-noda/git/proj_wakayama_omi_pedigree_analysis/data/fastqs/n1291_2.fq.gz
n1286,/Users/shohei-noda/git/proj_wakayama_omi_pedigree_analysis/data/fastqs/n1286_1.fq.gz,/Users/shohei-noda/git/proj_wakayama_omi_pedigree_analysis/data/fastqs/n1286_2.fq.gz
n1285,/Users/shohei-noda/git/proj_wakayama_omi_pedigree_analysis/data/fastqs/n1285_1.fq.gz,/Users/shohei-noda/git/proj_wakayama_omi_pedigree_analysis/data/fastqs/n1285_2.fq.gz
n1215,/Users/shohei-noda/git/proj_wakayama_omi_pedigree_analysis/data/fastqs/n1215_1.fq.gz,/Users/shohei-noda/git/proj_wakayama_omi_pedigree_analysis/data/fastqs/n1215_2.fq.gz
n1250,/Users/shohei-noda/git/proj_wakayama_omi_pedigree_analysis/data/fastqs/n1250_1.fq.gz,/Users/shohei-noda/git/proj_wakayama_omi_pedigree_analysis/data/fastqs/n1250_2.fq.gz
n1203,/Users/shohei-noda/git/proj_wakayama_omi_pedigree_analysis/data/fastqs/n1203_1.fq.gz,/Users/shohei-noda/git/proj_wakayama_omi_pedigree_analysis/data/fastqs/n1203_2.fq.gz
n1253,/Users/shohei-noda/git/proj_wakayama_omi_pedigree_analysis/data/fastqs/n1253_1.fq.gz,/Users/shohei-noda/git/proj_wakayama_omi_pedigree_analysis/data/fastqs/n1253_2.fq.gz
n1230,/Users/shohei-noda/git/proj_wakayama_omi_pedigree_analysis/data/fastqs/n1230_1.fq.gz,/Users/shohei-noda/git/proj_wakayama_omi_pedigree_analysis/data/fastqs/n1230_2.fq.gz
n1237,/Users/shohei-noda/git/proj_wakayama_omi_pedigree_analysis/data/fastqs/n1237_1.fq.gz,/Users/shohei-noda/git/proj_wakayama_omi_pedigree_analysis/data/fastqs/n1237_2.fq.gz
n1293,/Users/shohei-noda/git/proj_wakayama_omi_pedigree_analysis/data/fastqs/n1293_1.fq.gz,/Users/shohei-noda/git/proj_wakayama_omi_pedigree_analysis/data/fastqs/n1293_2.fq.gz
n1243,/Users/shohei-noda/git/proj_wakayama_omi_pedigree_analysis/data/fastqs/n1243_1.fq.gz,/Users/shohei-noda/git/proj_wakayama_omi_pedigree_analysis/data/fastqs/n1243_2.fq.gz
n1229,/Users/shohei-noda/git/proj_wakayama_omi_pedigree_analysis/data/fastqs/n1229_1.fq.gz,/Users/shohei-noda/git/proj_wakayama_omi_pedigree_analysis/data/fastqs/n1229_2.fq.gz
n1206,/Users/shohei-noda/git/proj_wakayama_omi_pedigree_analysis/data/fastqs/n1206_1.fq.gz,/Users/shohei-noda/git/proj_wakayama_omi_pedigree_analysis/data/fastqs/n1206_2.fq.gz
n1265,/Users/shohei-noda/git/proj_wakayama_omi_pedigree_analysis/data/fastqs/n1265_1.fq.gz,/Users/shohei-noda/git/proj_wakayama_omi_pedigree_analysis/data/fastqs/n1265_2.fq.gz
n1268,/Users/shohei-noda/git/proj_wakayama_omi_pedigree_analysis/data/fastqs/n1268_1.fq.gz,/Users/shohei-noda/git/proj_wakayama_omi_pedigree_analysis/data/fastqs/n1268_2.fq.gz
n1220,/Users/shohei-noda/git/proj_wakayama_omi_pedigree_analysis/data/fastqs/n1220_1.fq.gz,/Users/shohei-noda/git/proj_wakayama_omi_pedigree_analysis/data/fastqs/n1220_2.fq.gz
n1208,/Users/shohei-noda/git/proj_wakayama_omi_pedigree_analysis/data/fastqs/n1208_1.fq.gz,/Users/shohei-noda/git/proj_wakayama_omi_pedigree_analysis/data/fastqs/n1208_2.fq.gz
n1353,/Users/shohei-noda/git/proj_wakayama_omi_pedigree_analysis/data/fastqs/n1353_1.fq.gz,/Users/shohei-noda/git/proj_wakayama_omi_pedigree_analysis/data/fastqs/n1353_2.fq.gz
n1398,/Users/shohei-noda/git/proj_wakayama_omi_pedigree_analysis/data/fastqs/n1398_1.fq.gz,/Users/shohei-noda/git/proj_wakayama_omi_pedigree_analysis/data/fastqs/n1398_2.fq.gz
n1278,/Users/shohei-noda/git/proj_wakayama_omi_pedigree_analysis/data/fastqs/n1278_1.fq.gz,/Users/shohei-noda/git/proj_wakayama_omi_pedigree_analysis/data/fastqs/n1278_2.fq.gz
n1287,/Users/shohei-noda/git/proj_wakayama_omi_pedigree_analysis/data/fastqs/n1287_1.fq.gz,/Users/shohei-noda/git/proj_wakayama_omi_pedigree_analysis/data/fastqs/n1287_2.fq.gz
n1269,/Users/shohei-noda/git/proj_wakayama_omi_pedigree_analysis/data/fastqs/n1269_1.fq.gz,/Users/shohei-noda/git/proj_wakayama_omi_pedigree_analysis/data/fastqs/n1269_2.fq.gz
n1231,/Users/shohei-noda/git/proj_wakayama_omi_pedigree_analysis/data/fastqs/n1231_1.fq.gz,/Users/shohei-noda/git/proj_wakayama_omi_pedigree_analysis/data/fastqs/n1231_2.fq.gz
n1272,/Users/shohei-noda/git/proj_wakayama_omi_pedigree_analysis/data/fastqs/n1272_1.fq.gz,/Users/shohei-noda/git/proj_wakayama_omi_pedigree_analysis/data/fastqs/n1272_2.fq.gz
n1216,/Users/shohei-noda/git/proj_wakayama_omi_pedigree_analysis/data/fastqs/n1216_1.fq.gz,/Users/shohei-noda/git/proj_wakayama_omi_pedigree_analysis/data/fastqs/n1216_2.fq.gz
n1226,/Users/shohei-noda/git/proj_wakayama_omi_pedigree_analysis/data/fastqs/n1226_1.fq.gz,/Users/shohei-noda/git/proj_wakayama_omi_pedigree_analysis/data/fastqs/n1226_2.fq.gz
n1301,/Users/shohei-noda/git/proj_wakayama_omi_pedigree_analysis/data/fastqs/n1301_1.fq.gz,/Users/shohei-noda/git/proj_wakayama_omi_pedigree_analysis/data/fastqs/n1301_2.fq.gz
n1303,/Users/shohei-noda/git/proj_wakayama_omi_pedigree_analysis/data/fastqs/n1303_1.fq.gz,/Users/shohei-noda/git/proj_wakayama_omi_pedigree_analysis/data/fastqs/n1303_2.fq.gz
n1284,/Users/shohei-noda/git/proj_wakayama_omi_pedigree_analysis/data/fastqs/n1284_1.fq.gz,/Users/shohei-noda/git/proj_wakayama_omi_pedigree_analysis/data/fastqs/n1284_2.fq.gz
n1214,/Users/shohei-noda/git/proj_wakayama_omi_pedigree_analysis/data/fastqs/n1214_1.fq.gz,/Users/shohei-noda/git/proj_wakayama_omi_pedigree_analysis/data/fastqs/n1214_2.fq.gz
n1238,/Users/shohei-noda/git/proj_wakayama_omi_pedigree_analysis/data/fastqs/n1238_1.fq.gz,/Users/shohei-noda/git/proj_wakayama_omi_pedigree_analysis/data/fastqs/n1238_2.fq.gz
n1244,/Users/shohei-noda/git/proj_wakayama_omi_pedigree_analysis/data/fastqs/n1244_1.fq.gz,/Users/shohei-noda/git/proj_wakayama_omi_pedigree_analysis/data/fastqs/n1244_2.fq.gz
n1225,/Users/shohei-noda/git/proj_wakayama_omi_pedigree_analysis/data/fastqs/n1225_1.fq.gz,/Users/shohei-noda/git/proj_wakayama_omi_pedigree_analysis/data/fastqs/n1225_2.fq.gz
n1212,/Users/shohei-noda/git/proj_wakayama_omi_pedigree_analysis/data/fastqs/n1212_1.fq.gz,/Users/shohei-noda/git/proj_wakayama_omi_pedigree_analysis/data/fastqs/n1212_2.fq.gz
n1279,/Users/shohei-noda/git/proj_wakayama_omi_pedigree_analysis/data/fastqs/n1279_1.fq.gz,/Users/shohei-noda/git/proj_wakayama_omi_pedigree_analysis/data/fastqs/n1279_2.fq.gz
n1264,/Users/shohei-noda/git/proj_wakayama_omi_pedigree_analysis/data/fastqs/n1264_1.fq.gz,/Users/shohei-noda/git/proj_wakayama_omi_pedigree_analysis/data/fastqs/n1264_2.fq.gz
n1294,/Users/shohei-noda/git/proj_wakayama_omi_pedigree_analysis/data/fastqs/n1294_1.fq.gz,/Users/shohei-noda/git/proj_wakayama_omi_pedigree_analysis/data/fastqs/n1294_2.fq.gz
n1223,/Users/shohei-noda/git/proj_wakayama_omi_pedigree_analysis/data/fastqs/n1223_1.fq.gz,/Users/shohei-noda/git/proj_wakayama_omi_pedigree_analysis/data/fastqs/n1223_2.fq.gz
n1201,/Users/shohei-noda/git/proj_wakayama_omi_pedigree_analysis/data/fastqs/n1201_1.fq.gz,/Users/shohei-noda/git/proj_wakayama_omi_pedigree_analysis/data/fastqs/n1201_2.fq.gz
n1275,/Users/shohei-noda/git/proj_wakayama_omi_pedigree_analysis/data/fastqs/n1275_1.fq.gz,/Users/shohei-noda/git/proj_wakayama_omi_pedigree_analysis/data/fastqs/n1275_2.fq.gz
n1248,/Users/shohei-noda/git/proj_wakayama_omi_pedigree_analysis/data/fastqs/n1248_1.fq.gz,/Users/shohei-noda/git/proj_wakayama_omi_pedigree_analysis/data/fastqs/n1248_2.fq.gz
n1315,/Users/shohei-noda/git/proj_wakayama_omi_pedigree_analysis/data/fastqs/n1315_1.fq.gz,/Users/shohei-noda/git/proj_wakayama_omi_pedigree_analysis/data/fastqs/n1315_2.fq.gz
n1282,/Users/shohei-noda/git/proj_wakayama_omi_pedigree_analysis/data/fastqs/n1282_1.fq.gz,/Users/shohei-noda/git/proj_wakayama_omi_pedigree_analysis/data/fastqs/n1282_2.fq.gz
n1262,/Users/shohei-noda/git/proj_wakayama_omi_pedigree_analysis/data/fastqs/n1262_1.fq.gz,/Users/shohei-noda/git/proj_wakayama_omi_pedigree_analysis/data/fastqs/n1262_2.fq.gz
n1202,/Users/shohei-noda/git/proj_wakayama_omi_pedigree_analysis/data/fastqs/n1202_1.fq.gz,/Users/shohei-noda/git/proj_wakayama_omi_pedigree_analysis/data/fastqs/n1202_2.fq.gz
n1207,/Users/shohei-noda/git/proj_wakayama_omi_pedigree_analysis/data/fastqs/n1207_1.fq.gz,/Users/shohei-noda/git/proj_wakayama_omi_pedigree_analysis/data/fastqs/n1207_2.fq.gz
n1280,/Users/shohei-noda/git/proj_wakayama_omi_pedigree_analysis/data/fastqs/n1280_1.fq.gz,/Users/shohei-noda/git/proj_wakayama_omi_pedigree_analysis/data/fastqs/n1280_2.fq.gz
n1205,/Users/shohei-noda/git/proj_wakayama_omi_pedigree_analysis/data/fastqs/n1205_1.fq.gz,/Users/shohei-noda/git/proj_wakayama_omi_pedigree_analysis/data/fastqs/n1205_2.fq.gz
n1292,/Users/shohei-noda/git/proj_wakayama_omi_pedigree_analysis/data/fastqs/n1292_1.fq.gz,/Users/shohei-noda/git/proj_wakayama_omi_pedigree_analysis/data/fastqs/n1292_2.fq.gz
n1204,/Users/shohei-noda/git/proj_wakayama_omi_pedigree_analysis/data/fastqs/n1204_1.fq.gz,/Users/shohei-noda/git/proj_wakayama_omi_pedigree_analysis/data/fastqs/n1204_2.fq.gz
n1227,/Users/shohei-noda/git/proj_wakayama_omi_pedigree_analysis/data/fastqs/n1227_1.fq.gz,/Users/shohei-noda/git/proj_wakayama_omi_pedigree_analysis/data/fastqs/n1227_2.fq.gz
n1350,/Users/shohei-noda/git/proj_wakayama_omi_pedigree_analysis/data/fastqs/n1350_1.fq.gz,/Users/shohei-noda/git/proj_wakayama_omi_pedigree_analysis/data/fastqs/n1350_2.fq.gz
n1211,/Users/shohei-noda/git/proj_wakayama_omi_pedigree_analysis/data/fastqs/n1211_1.fq.gz,/Users/shohei-noda/git/proj_wakayama_omi_pedigree_analysis/data/fastqs/n1211_2.fq.gz
n1289,/Users/shohei-noda/git/proj_wakayama_omi_pedigree_analysis/data/fastqs/n1289_1.fq.gz,/Users/shohei-noda/git/proj_wakayama_omi_pedigree_analysis/data/fastqs/n1289_2.fq.gz
n1288,/Users/shohei-noda/git/proj_wakayama_omi_pedigree_analysis/data/fastqs/n1288_1.fq.gz,/Users/shohei-noda/git/proj_wakayama_omi_pedigree_analysis/data/fastqs/n1288_2.fq.gz
n1232,/Users/shohei-noda/git/proj_wakayama_omi_pedigree_analysis/data/fastqs/n1232_1.fq.gz,/Users/shohei-noda/git/proj_wakayama_omi_pedigree_analysis/data/fastqs/n1232_2.fq.gz
n1219,/Users/shohei-noda/git/proj_wakayama_omi_pedigree_analysis/data/fastqs/n1219_1.fq.gz,/Users/shohei-noda/git/proj_wakayama_omi_pedigree_analysis/data/fastqs/n1219_2.fq.gz
n1254,/Users/shohei-noda/git/proj_wakayama_omi_pedigree_analysis/data/fastqs/n1254_1.fq.gz,/Users/shohei-noda/git/proj_wakayama_omi_pedigree_analysis/data/fastqs/n1254_2.fq.gz
n1341,/Users/shohei-noda/git/proj_wakayama_omi_pedigree_analysis/data/fastqs/n1341_1.fq.gz,/Users/shohei-noda/git/proj_wakayama_omi_pedigree_analysis/data/fastqs/n1341_2.fq.gz
n1258,/Users/shohei-noda/git/proj_wakayama_omi_pedigree_analysis/data/fastqs/n1258_1.fq.gz,/Users/shohei-noda/git/proj_wakayama_omi_pedigree_analysis/data/fastqs/n1258_2.fq.gz
n1267,/Users/shohei-noda/git/proj_wakayama_omi_pedigree_analysis/data/fastqs/n1267_1.fq.gz,/Users/shohei-noda/git/proj_wakayama_omi_pedigree_analysis/data/fastqs/n1267_2.fq.gz
n1210,/Users/shohei-noda/git/proj_wakayama_omi_pedigree_analysis/data/fastqs/n1210_1.fq.gz,/Users/shohei-noda/git/proj_wakayama_omi_pedigree_analysis/data/fastqs/n1210_2.fq.gz
n1260,/Users/shohei-noda/git/proj_wakayama_omi_pedigree_analysis/data/fastqs/n1260_1.fq.gz,/Users/shohei-noda/git/proj_wakayama_omi_pedigree_analysis/data/fastqs/n1260_2.fq.gz
n1309,/Users/shohei-noda/git/proj_wakayama_omi_pedigree_analysis/data/fastqs/n1309_1.fq.gz,/Users/shohei-noda/git/proj_wakayama_omi_pedigree_analysis/data/fastqs/n1309_2.fq.gz
n1299,/Users/shohei-noda/git/proj_wakayama_omi_pedigree_analysis/data/fastqs/n1299_1.fq.gz,/Users/shohei-noda/git/proj_wakayama_omi_pedigree_analysis/data/fastqs/n1299_2.fq.gz
n1283,/Users/shohei-noda/git/proj_wakayama_omi_pedigree_analysis/data/fastqs/n1283_1.fq.gz,/Users/shohei-noda/git/proj_wakayama_omi_pedigree_analysis/data/fastqs/n1283_2.fq.gz
n1270,/Users/shohei-noda/git/proj_wakayama_omi_pedigree_analysis/data/fastqs/n1270_1.fq.gz,/Users/shohei-noda/git/proj_wakayama_omi_pedigree_analysis/data/fastqs/n1270_2.fq.gz
n1281,/Users/shohei-noda/git/proj_wakayama_omi_pedigree_analysis/data/fastqs/n1281_1.fq.gz,/Users/shohei-noda/git/proj_wakayama_omi_pedigree_analysis/data/fastqs/n1281_2.fq.gz
n1277,/Users/shohei-noda/git/proj_wakayama_omi_pedigree_analysis/data/fastqs/n1277_1.fq.gz,/Users/shohei-noda/git/proj_wakayama_omi_pedigree_analysis/data/fastqs/n1277_2.fq.gz
n1298,/Users/shohei-noda/git/proj_wakayama_omi_pedigree_analysis/data/fastqs/n1298_1.fq.gz,/Users/shohei-noda/git/proj_wakayama_omi_pedigree_analysis/data/fastqs/n1298_2.fq.gz
n1213,/Users/shohei-noda/git/proj_wakayama_omi_pedigree_analysis/data/fastqs/n1213_1.fq.gz,/Users/shohei-noda/git/proj_wakayama_omi_pedigree_analysis/data/fastqs/n1213_2.fq.gz
n1218,/Users/shohei-noda/git/proj_wakayama_omi_pedigree_analysis/data/fastqs/n1218_1.fq.gz,/Users/shohei-noda/git/proj_wakayama_omi_pedigree_analysis/data/fastqs/n1218_2.fq.gz
n1217,/Users/shohei-noda/git/proj_wakayama_omi_pedigree_analysis/data/fastqs/n1217_1.fq.gz,/Users/shohei-noda/git/proj_wakayama_omi_pedigree_analysis/data/fastqs/n1217_2.fq.gz
n1352,/Users/shohei-noda/git/proj_wakayama_omi_pedigree_analysis/data/fastqs/n1352_1.fq.gz,/Users/shohei-noda/git/proj_wakayama_omi_pedigree_analysis/data/fastqs/n1352_2.fq.gz
n1334,/Users/shohei-noda/git/proj_wakayama_omi_pedigree_analysis/data/fastqs/n1334_1.fq.gz,/Users/shohei-noda/git/proj_wakayama_omi_pedigree_analysis/data/fastqs/n1334_2.fq.gz
n1370,/Users/shohei-noda/git/proj_wakayama_omi_pedigree_analysis/data/fastqs/n1370_1.fq.gz,/Users/shohei-noda/git/proj_wakayama_omi_pedigree_analysis/data/fastqs/n1370_2.fq.gz
n1224,/Users/shohei-noda/git/proj_wakayama_omi_pedigree_analysis/data/fastqs/n1224_1.fq.gz,/Users/shohei-noda/git/proj_wakayama_omi_pedigree_analysis/data/fastqs/n1224_2.fq.gz
n1249,/Users/shohei-noda/git/proj_wakayama_omi_pedigree_analysis/data/fastqs/n1249_1.fq.gz,/Users/shohei-noda/git/proj_wakayama_omi_pedigree_analysis/data/fastqs/n1249_2.fq.gz
n1233,/Users/shohei-noda/git/proj_wakayama_omi_pedigree_analysis/data/fastqs/n1233_1.fq.gz,/Users/shohei-noda/git/proj_wakayama_omi_pedigree_analysis/data/fastqs/n1233_2.fq.gz
n1471,/Users/shohei-noda/git/proj_wakayama_omi_pedigree_analysis/data/fastqs/n1471_1.fq.gz,/Users/shohei-noda/git/proj_wakayama_omi_pedigree_analysis/data/fastqs/n1471_2.fq.gz
n1228,/Users/shohei-noda/git/proj_wakayama_omi_pedigree_analysis/data/fastqs/n1228_1.fq.gz,/Users/shohei-noda/git/proj_wakayama_omi_pedigree_analysis/data/fastqs/n1228_2.fq.gz
n1307,/Users/shohei-noda/git/proj_wakayama_omi_pedigree_analysis/data/fastqs/n1307_1.fq.gz,/Users/shohei-noda/git/proj_wakayama_omi_pedigree_analysis/data/fastqs/n1307_2.fq.gz
n1404,/Users/shohei-noda/git/proj_wakayama_omi_pedigree_analysis/data/fastqs/n1404_1.fq.gz,/Users/shohei-noda/git/proj_wakayama_omi_pedigree_analysis/data/fastqs/n1404_2.fq.gz
n1457,/Users/shohei-noda/git/proj_wakayama_omi_pedigree_analysis/data/fastqs/n1457_1.fq.gz,/Users/shohei-noda/git/proj_wakayama_omi_pedigree_analysis/data/fastqs/n1457_2.fq.gz
n1493,/Users/shohei-noda/git/proj_wakayama_omi_pedigree_analysis/data/fastqs/n1493_1.fq.gz,/Users/shohei-noda/git/proj_wakayama_omi_pedigree_analysis/data/fastqs/n1493_2.fq.gz
n1256,/Users/shohei-noda/git/proj_wakayama_omi_pedigree_analysis/data/fastqs/n1256_1.fq.gz,/Users/shohei-noda/git/proj_wakayama_omi_pedigree_analysis/data/fastqs/n1256_2.fq.gz
n1412,/Users/shohei-noda/git/proj_wakayama_omi_pedigree_analysis/data/fastqs/n1412_1.fq.gz,/Users/shohei-noda/git/proj_wakayama_omi_pedigree_analysis/data/fastqs/n1412_2.fq.gz
n1500,/Users/shohei-noda/git/proj_wakayama_omi_pedigree_analysis/data/fastqs/n1500_1.fq.gz,/Users/shohei-noda/git/proj_wakayama_omi_pedigree_analysis/data/fastqs/n1500_2.fq.gz
n1445,/Users/shohei-noda/git/proj_wakayama_omi_pedigree_analysis/data/fastqs/n1445_1.fq.gz,/Users/shohei-noda/git/proj_wakayama_omi_pedigree_analysis/data/fastqs/n1445_2.fq.gz
n1427,/Users/shohei-noda/git/proj_wakayama_omi_pedigree_analysis/data/fastqs/n1427_1.fq.gz,/Users/shohei-noda/git/proj_wakayama_omi_pedigree_analysis/data/fastqs/n1427_2.fq.gz
n1447,/Users/shohei-noda/git/proj_wakayama_omi_pedigree_analysis/data/fastqs/n1447_1.fq.gz,/Users/shohei-noda/git/proj_wakayama_omi_pedigree_analysis/data/fastqs/n1447_2.fq.gz
n1401,/Users/shohei-noda/git/proj_wakayama_omi_pedigree_analysis/data/fastqs/n1401_1.fq.gz,/Users/shohei-noda/git/proj_wakayama_omi_pedigree_analysis/data/fastqs/n1401_2.fq.gz
n1415,/Users/shohei-noda/git/proj_wakayama_omi_pedigree_analysis/data/fastqs/n1415_1.fq.gz,/Users/shohei-noda/git/proj_wakayama_omi_pedigree_analysis/data/fastqs/n1415_2.fq.gz
n1446,/Users/shohei-noda/git/proj_wakayama_omi_pedigree_analysis/data/fastqs/n1446_1.fq.gz,/Users/shohei-noda/git/proj_wakayama_omi_pedigree_analysis/data/fastqs/n1446_2.fq.gz
n1426,/Users/shohei-noda/git/proj_wakayama_omi_pedigree_analysis/data/fastqs/n1426_1.fq.gz,/Users/shohei-noda/git/proj_wakayama_omi_pedigree_analysis/data/fastqs/n1426_2.fq.gz
n1466,/Users/shohei-noda/git/proj_wakayama_omi_pedigree_analysis/data/fastqs/n1466_1.fq.gz,/Users/shohei-noda/git/proj_wakayama_omi_pedigree_analysis/data/fastqs/n1466_2.fq.gz
n1414,/Users/shohei-noda/git/proj_wakayama_omi_pedigree_analysis/data/fastqs/n1414_1.fq.gz,/Users/shohei-noda/git/proj_wakayama_omi_pedigree_analysis/data/fastqs/n1414_2.fq.gz
n1432,/Users/shohei-noda/git/proj_wakayama_omi_pedigree_analysis/data/fastqs/n1432_1.fq.gz,/Users/shohei-noda/git/proj_wakayama_omi_pedigree_analysis/data/fastqs/n1432_2.fq.gz
n1423,/Users/shohei-noda/git/proj_wakayama_omi_pedigree_analysis/data/fastqs/n1423_1.fq.gz,/Users/shohei-noda/git/proj_wakayama_omi_pedigree_analysis/data/fastqs/n1423_2.fq.gz
n1408,/Users/shohei-noda/git/proj_wakayama_omi_pedigree_analysis/data/fastqs/n1408_1.fq.gz,/Users/shohei-noda/git/proj_wakayama_omi_pedigree_analysis/data/fastqs/n1408_2.fq.gz
n1450,/Users/shohei-noda/git/proj_wakayama_omi_pedigree_analysis/data/fastqs/n1450_1.fq.gz,/Users/shohei-noda/git/proj_wakayama_omi_pedigree_analysis/data/fastqs/n1450_2.fq.gz
n1463,/Users/shohei-noda/git/proj_wakayama_omi_pedigree_analysis/data/fastqs/n1463_1.fq.gz,/Users/shohei-noda/git/proj_wakayama_omi_pedigree_analysis/data/fastqs/n1463_2.fq.gz
n1479,/Users/shohei-noda/git/proj_wakayama_omi_pedigree_analysis/data/fastqs/n1479_1.fq.gz,/Users/shohei-noda/git/proj_wakayama_omi_pedigree_analysis/data/fastqs/n1479_2.fq.gz
n1442,/Users/shohei-noda/git/proj_wakayama_omi_pedigree_analysis/data/fastqs/n1442_1.fq.gz,/Users/shohei-noda/git/proj_wakayama_omi_pedigree_analysis/data/fastqs/n1442_2.fq.gz
n1452,/Users/shohei-noda/git/proj_wakayama_omi_pedigree_analysis/data/fastqs/n1452_1.fq.gz,/Users/shohei-noda/git/proj_wakayama_omi_pedigree_analysis/data/fastqs/n1452_2.fq.gz
n1458,/Users/shohei-noda/git/proj_wakayama_omi_pedigree_analysis/data/fastqs/n1458_1.fq.gz,/Users/shohei-noda/git/proj_wakayama_omi_pedigree_analysis/data/fastqs/n1458_2.fq.gz
n1438,/Users/shohei-noda/git/proj_wakayama_omi_pedigree_analysis/data/fastqs/n1438_1.fq.gz,/Users/shohei-noda/git/proj_wakayama_omi_pedigree_analysis/data/fastqs/n1438_2.fq.gz
n1416,/Users/shohei-noda/git/proj_wakayama_omi_pedigree_analysis/data/fastqs/n1416_1.fq.gz,/Users/shohei-noda/git/proj_wakayama_omi_pedigree_analysis/data/fastqs/n1416_2.fq.gz
n1451,/Users/shohei-noda/git/proj_wakayama_omi_pedigree_analysis/data/fastqs/n1451_1.fq.gz,/Users/shohei-noda/git/proj_wakayama_omi_pedigree_analysis/data/fastqs/n1451_2.fq.gz
n1405,/Users/shohei-noda/git/proj_wakayama_omi_pedigree_analysis/data/fastqs/n1405_1.fq.gz,/Users/shohei-noda/git/proj_wakayama_omi_pedigree_analysis/data/fastqs/n1405_2.fq.gz
n1411,/Users/shohei-noda/git/proj_wakayama_omi_pedigree_analysis/data/fastqs/n1411_1.fq.gz,/Users/shohei-noda/git/proj_wakayama_omi_pedigree_analysis/data/fastqs/n1411_2.fq.gz
n1470,/Users/shohei-noda/git/proj_wakayama_omi_pedigree_analysis/data/fastqs/n1470_1.fq.gz,/Users/shohei-noda/git/proj_wakayama_omi_pedigree_analysis/data/fastqs/n1470_2.fq.gz
n1439,/Users/shohei-noda/git/proj_wakayama_omi_pedigree_analysis/data/fastqs/n1439_1.fq.gz,/Users/shohei-noda/git/proj_wakayama_omi_pedigree_analysis/data/fastqs/n1439_2.fq.gz
n1443,/Users/shohei-noda/git/proj_wakayama_omi_pedigree_analysis/data/fastqs/n1443_1.fq.gz,/Users/shohei-noda/git/proj_wakayama_omi_pedigree_analysis/data/fastqs/n1443_2.fq.gz
n1441,/Users/shohei-noda/git/proj_wakayama_omi_pedigree_analysis/data/fastqs/n1441_1.fq.gz,/Users/shohei-noda/git/proj_wakayama_omi_pedigree_analysis/data/fastqs/n1441_2.fq.gz
n1499,/Users/shohei-noda/git/proj_wakayama_omi_pedigree_analysis/data/fastqs/n1499_1.fq.gz,/Users/shohei-noda/git/proj_wakayama_omi_pedigree_analysis/data/fastqs/n1499_2.fq.gz
n1435,/Users/shohei-noda/git/proj_wakayama_omi_pedigree_analysis/data/fastqs/n1435_1.fq.gz,/Users/shohei-noda/git/proj_wakayama_omi_pedigree_analysis/data/fastqs/n1435_2.fq.gz
n1476,/Users/shohei-noda/git/proj_wakayama_omi_pedigree_analysis/data/fastqs/n1476_1.fq.gz,/Users/shohei-noda/git/proj_wakayama_omi_pedigree_analysis/data/fastqs/n1476_2.fq.gz
n1491,/Users/shohei-noda/git/proj_wakayama_omi_pedigree_analysis/data/fastqs/n1491_1.fq.gz,/Users/shohei-noda/git/proj_wakayama_omi_pedigree_analysis/data/fastqs/n1491_2.fq.gz
n1548,/Users/shohei-noda/git/proj_wakayama_omi_pedigree_analysis/data/fastqs/n1548_1.fq.gz,/Users/shohei-noda/git/proj_wakayama_omi_pedigree_analysis/data/fastqs/n1548_2.fq.gz
n1546,/Users/shohei-noda/git/proj_wakayama_omi_pedigree_analysis/data/fastqs/n1546_1.fq.gz,/Users/shohei-noda/git/proj_wakayama_omi_pedigree_analysis/data/fastqs/n1546_2.fq.gz
n1539,/Users/shohei-noda/git/proj_wakayama_omi_pedigree_analysis/data/fastqs/n1539_1.fq.gz,/Users/shohei-noda/git/proj_wakayama_omi_pedigree_analysis/data/fastqs/n1539_2.fq.gz
n1552,/Users/shohei-noda/git/proj_wakayama_omi_pedigree_analysis/data/fastqs/n1552_1.fq.gz,/Users/shohei-noda/git/proj_wakayama_omi_pedigree_analysis/data/fastqs/n1552_2.fq.gz
n1596,/Users/shohei-noda/git/proj_wakayama_omi_pedigree_analysis/data/fastqs/n1596_1.fq.gz,/Users/shohei-noda/git/proj_wakayama_omi_pedigree_analysis/data/fastqs/n1596_2.fq.gz
n1524,/Users/shohei-noda/git/proj_wakayama_omi_pedigree_analysis/data/fastqs/n1524_1.fq.gz,/Users/shohei-noda/git/proj_wakayama_omi_pedigree_analysis/data/fastqs/n1524_2.fq.gz
n1557,/Users/shohei-noda/git/proj_wakayama_omi_pedigree_analysis/data/fastqs/n1557_1.fq.gz,/Users/shohei-noda/git/proj_wakayama_omi_pedigree_analysis/data/fastqs/n1557_2.fq.gz
n1525,/Users/shohei-noda/git/proj_wakayama_omi_pedigree_analysis/data/fastqs/n1525_1.fq.gz,/Users/shohei-noda/git/proj_wakayama_omi_pedigree_analysis/data/fastqs/n1525_2.fq.gz
n1550,/Users/shohei-noda/git/proj_wakayama_omi_pedigree_analysis/data/fastqs/n1550_1.fq.gz,/Users/shohei-noda/git/proj_wakayama_omi_pedigree_analysis/data/fastqs/n1550_2.fq.gz
n1533,/Users/shohei-noda/git/proj_wakayama_omi_pedigree_analysis/data/fastqs/n1533_1.fq.gz,/Users/shohei-noda/git/proj_wakayama_omi_pedigree_analysis/data/fastqs/n1533_2.fq.gz
n1527,/Users/shohei-noda/git/proj_wakayama_omi_pedigree_analysis/data/fastqs/n1527_1.fq.gz,/Users/shohei-noda/git/proj_wakayama_omi_pedigree_analysis/data/fastqs/n1527_2.fq.gz
n1584,/Users/shohei-noda/git/proj_wakayama_omi_pedigree_analysis/data/fastqs/n1584_1.fq.gz,/Users/shohei-noda/git/proj_wakayama_omi_pedigree_analysis/data/fastqs/n1584_2.fq.gz
n1572,/Users/shohei-noda/git/proj_wakayama_omi_pedigree_analysis/data/fastqs/n1572_1.fq.gz,/Users/shohei-noda/git/proj_wakayama_omi_pedigree_analysis/data/fastqs/n1572_2.fq.gz
n1582,/Users/shohei-noda/git/proj_wakayama_omi_pedigree_analysis/data/fastqs/n1582_1.fq.gz,/Users/shohei-noda/git/proj_wakayama_omi_pedigree_analysis/data/fastqs/n1582_2.fq.gz
n1530,/Users/shohei-noda/git/proj_wakayama_omi_pedigree_analysis/data/fastqs/n1530_1.fq.gz,/Users/shohei-noda/git/proj_wakayama_omi_pedigree_analysis/data/fastqs/n1530_2.fq.gz
n1587,/Users/shohei-noda/git/proj_wakayama_omi_pedigree_analysis/data/fastqs/n1587_1.fq.gz,/Users/shohei-noda/git/proj_wakayama_omi_pedigree_analysis/data/fastqs/n1587_2.fq.gz
n1536,/Users/shohei-noda/git/proj_wakayama_omi_pedigree_analysis/data/fastqs/n1536_1.fq.gz,/Users/shohei-noda/git/proj_wakayama_omi_pedigree_analysis/data/fastqs/n1536_2.fq.gz
n1531,/Users/shohei-noda/git/proj_wakayama_omi_pedigree_analysis/data/fastqs/n1531_1.fq.gz,/Users/shohei-noda/git/proj_wakayama_omi_pedigree_analysis/data/fastqs/n1531_2.fq.gz
n1578,/Users/shohei-noda/git/proj_wakayama_omi_pedigree_analysis/data/fastqs/n1578_1.fq.gz,/Users/shohei-noda/git/proj_wakayama_omi_pedigree_analysis/data/fastqs/n1578_2.fq.gz
n1532,/Users/shohei-noda/git/proj_wakayama_omi_pedigree_analysis/data/fastqs/n1532_1.fq.gz,/Users/shohei-noda/git/proj_wakayama_omi_pedigree_analysis/data/fastqs/n1532_2.fq.gz
n1593,/Users/shohei-noda/git/proj_wakayama_omi_pedigree_analysis/data/fastqs/n1593_1.fq.gz,/Users/shohei-noda/git/proj_wakayama_omi_pedigree_analysis/data/fastqs/n1593_2.fq.gz
n1528,/Users/shohei-noda/git/proj_wakayama_omi_pedigree_analysis/data/fastqs/n1528_1.fq.gz,/Users/shohei-noda/git/proj_wakayama_omi_pedigree_analysis/data/fastqs/n1528_2.fq.gz
n1585,/Users/shohei-noda/git/proj_wakayama_omi_pedigree_analysis/data/fastqs/n1585_1.fq.gz,/Users/shohei-noda/git/proj_wakayama_omi_pedigree_analysis/data/fastqs/n1585_2.fq.gz
n1543,/Users/shohei-noda/git/proj_wakayama_omi_pedigree_analysis/data/fastqs/n1543_1.fq.gz,/Users/shohei-noda/git/proj_wakayama_omi_pedigree_analysis/data/fastqs/n1543_2.fq.gz
n1577,/Users/shohei-noda/git/proj_wakayama_omi_pedigree_analysis/data/fastqs/n1577_1.fq.gz,/Users/shohei-noda/git/proj_wakayama_omi_pedigree_analysis/data/fastqs/n1577_2.fq.gz
n1571,/Users/shohei-noda/git/proj_wakayama_omi_pedigree_analysis/data/fastqs/n1571_1.fq.gz,/Users/shohei-noda/git/proj_wakayama_omi_pedigree_analysis/data/fastqs/n1571_2.fq.gz
n1558,/Users/shohei-noda/git/proj_wakayama_omi_pedigree_analysis/data/fastqs/n1558_1.fq.gz,/Users/shohei-noda/git/proj_wakayama_omi_pedigree_analysis/data/fastqs/n1558_2.fq.gz
n1538,/Users/shohei-noda/git/proj_wakayama_omi_pedigree_analysis/data/fastqs/n1538_1.fq.gz,/Users/shohei-noda/git/proj_wakayama_omi_pedigree_analysis/data/fastqs/n1538_2.fq.gz
n1559,/Users/shohei-noda/git/proj_wakayama_omi_pedigree_analysis/data/fastqs/n1559_1.fq.gz,/Users/shohei-noda/git/proj_wakayama_omi_pedigree_analysis/data/fastqs/n1559_2.fq.gz
n1516,/Users/shohei-noda/git/proj_wakayama_omi_pedigree_analysis/data/fastqs/n1516_1.fq.gz,/Users/shohei-noda/git/proj_wakayama_omi_pedigree_analysis/data/fastqs/n1516_2.fq.gz
n1575,/Users/shohei-noda/git/proj_wakayama_omi_pedigree_analysis/data/fastqs/n1575_1.fq.gz,/Users/shohei-noda/git/proj_wakayama_omi_pedigree_analysis/data/fastqs/n1575_2.fq.gz
n1518,/Users/shohei-noda/git/proj_wakayama_omi_pedigree_analysis/data/fastqs/n1518_1.fq.gz,/Users/shohei-noda/git/proj_wakayama_omi_pedigree_analysis/data/fastqs/n1518_2.fq.gz
n1588,/Users/shohei-noda/git/proj_wakayama_omi_pedigree_analysis/data/fastqs/n1588_1.fq.gz,/Users/shohei-noda/git/proj_wakayama_omi_pedigree_analysis/data/fastqs/n1588_2.fq.gz
n1549,/Users/shohei-noda/git/proj_wakayama_omi_pedigree_analysis/data/fastqs/n1549_1.fq.gz,/Users/shohei-noda/git/proj_wakayama_omi_pedigree_analysis/data/fastqs/n1549_2.fq.gz
n1570,/Users/shohei-noda/git/proj_wakayama_omi_pedigree_analysis/data/fastqs/n1570_1.fq.gz,/Users/shohei-noda/git/proj_wakayama_omi_pedigree_analysis/data/fastqs/n1570_2.fq.gz
n1515,/Users/shohei-noda/git/proj_wakayama_omi_pedigree_analysis/data/fastqs/n1515_1.fq.gz,/Users/shohei-noda/git/proj_wakayama_omi_pedigree_analysis/data/fastqs/n1515_2.fq.gz
n1517,/Users/shohei-noda/git/proj_wakayama_omi_pedigree_analysis/data/fastqs/n1517_1.fq.gz,/Users/shohei-noda/git/proj_wakayama_omi_pedigree_analysis/data/fastqs/n1517_2.fq.gz
n1509,/Users/shohei-noda/git/proj_wakayama_omi_pedigree_analysis/data/fastqs/n1509_1.fq.gz,/Users/shohei-noda/git/proj_wakayama_omi_pedigree_analysis/data/fastqs/n1509_2.fq.gz
n1519,/Users/shohei-noda/git/proj_wakayama_omi_pedigree_analysis/data/fastqs/n1519_1.fq.gz,/Users/shohei-noda/git/proj_wakayama_omi_pedigree_analysis/data/fastqs/n1519_2.fq.gz
n1511,/Users/shohei-noda/git/proj_wakayama_omi_pedigree_analysis/data/fastqs/n1511_1.fq.gz,/Users/shohei-noda/git/proj_wakayama_omi_pedigree_analysis/data/fastqs/n1511_2.fq.gz
n1510,/Users/shohei-noda/git/proj_wakayama_omi_pedigree_analysis/data/fastqs/n1510_1.fq.gz,/Users/shohei-noda/git/proj_wakayama_omi_pedigree_analysis/data/fastqs/n1510_2.fq.gz
n1506,/Users/shohei-noda/git/proj_wakayama_omi_pedigree_analysis/data/fastqs/n1506_1.fq.gz,/Users/shohei-noda/git/proj_wakayama_omi_pedigree_analysis/data/fastqs/n1506_2.fq.gz
n1583,/Users/shohei-noda/git/proj_wakayama_omi_pedigree_analysis/data/fastqs/n1583_1.fq.gz,/Users/shohei-noda/git/proj_wakayama_omi_pedigree_analysis/data/fastqs/n1583_2.fq.gz
n1554,/Users/shohei-noda/git/proj_wakayama_omi_pedigree_analysis/data/fastqs/n1554_1.fq.gz,/Users/shohei-noda/git/proj_wakayama_omi_pedigree_analysis/data/fastqs/n1554_2.fq.gz
n1504,/Users/shohei-noda/git/proj_wakayama_omi_pedigree_analysis/data/fastqs/n1504_1.fq.gz,/Users/shohei-noda/git/proj_wakayama_omi_pedigree_analysis/data/fastqs/n1504_2.fq.gz
n1579,/Users/shohei-noda/git/proj_wakayama_omi_pedigree_analysis/data/fastqs/n1579_1.fq.gz,/Users/shohei-noda/git/proj_wakayama_omi_pedigree_analysis/data/fastqs/n1579_2.fq.gz
n1574,/Users/shohei-noda/git/proj_wakayama_omi_pedigree_analysis/data/fastqs/n1574_1.fq.gz,/Users/shohei-noda/git/proj_wakayama_omi_pedigree_analysis/data/fastqs/n1574_2.fq.gz
n1705,/Users/shohei-noda/git/proj_wakayama_omi_pedigree_analysis/data/fastqs/n1705_1.fq.gz,/Users/shohei-noda/git/proj_wakayama_omi_pedigree_analysis/data/fastqs/n1705_2.fq.gz
n1560,/Users/shohei-noda/git/proj_wakayama_omi_pedigree_analysis/data/fastqs/n1560_1.fq.gz,/Users/shohei-noda/git/proj_wakayama_omi_pedigree_analysis/data/fastqs/n1560_2.fq.gz
n1505,/Users/shohei-noda/git/proj_wakayama_omi_pedigree_analysis/data/fastqs/n1505_1.fq.gz,/Users/shohei-noda/git/proj_wakayama_omi_pedigree_analysis/data/fastqs/n1505_2.fq.gz
n1520,/Users/shohei-noda/git/proj_wakayama_omi_pedigree_analysis/data/fastqs/n1520_1.fq.gz,/Users/shohei-noda/git/proj_wakayama_omi_pedigree_analysis/data/fastqs/n1520_2.fq.gz
n1599,/Users/shohei-noda/git/proj_wakayama_omi_pedigree_analysis/data/fastqs/n1599_1.fq.gz,/Users/shohei-noda/git/proj_wakayama_omi_pedigree_analysis/data/fastqs/n1599_2.fq.gz
n1556,/Users/shohei-noda/git/proj_wakayama_omi_pedigree_analysis/data/fastqs/n1556_1.fq.gz,/Users/shohei-noda/git/proj_wakayama_omi_pedigree_analysis/data/fastqs/n1556_2.fq.gz
n1547,/Users/shohei-noda/git/proj_wakayama_omi_pedigree_analysis/data/fastqs/n1547_1.fq.gz,/Users/shohei-noda/git/proj_wakayama_omi_pedigree_analysis/data/fastqs/n1547_2.fq.gz
n1568,/Users/shohei-noda/git/proj_wakayama_omi_pedigree_analysis/data/fastqs/n1568_1.fq.gz,/Users/shohei-noda/git/proj_wakayama_omi_pedigree_analysis/data/fastqs/n1568_2.fq.gz
n1542,/Users/shohei-noda/git/proj_wakayama_omi_pedigree_analysis/data/fastqs/n1542_1.fq.gz,/Users/shohei-noda/git/proj_wakayama_omi_pedigree_analysis/data/fastqs/n1542_2.fq.gz
n1537,/Users/shohei-noda/git/proj_wakayama_omi_pedigree_analysis/data/fastqs/n1537_1.fq.gz,/Users/shohei-noda/git/proj_wakayama_omi_pedigree_analysis/data/fastqs/n1537_2.fq.gz
n1729,/Users/shohei-noda/git/proj_wakayama_omi_pedigree_analysis/data/fastqs/n1729_1.fq.gz,/Users/shohei-noda/git/proj_wakayama_omi_pedigree_analysis/data/fastqs/n1729_2.fq.gz
n1521,/Users/shohei-noda/git/proj_wakayama_omi_pedigree_analysis/data/fastqs/n1521_1.fq.gz,/Users/shohei-noda/git/proj_wakayama_omi_pedigree_analysis/data/fastqs/n1521_2.fq.gz
n1534,/Users/shohei-noda/git/proj_wakayama_omi_pedigree_analysis/data/fastqs/n1534_1.fq.gz,/Users/shohei-noda/git/proj_wakayama_omi_pedigree_analysis/data/fastqs/n1534_2.fq.gz
n1639,/Users/shohei-noda/git/proj_wakayama_omi_pedigree_analysis/data/fastqs/n1639_1.fq.gz,/Users/shohei-noda/git/proj_wakayama_omi_pedigree_analysis/data/fastqs/n1639_2.fq.gz
n1661,/Users/shohei-noda/git/proj_wakayama_omi_pedigree_analysis/data/fastqs/n1661_1.fq.gz,/Users/shohei-noda/git/proj_wakayama_omi_pedigree_analysis/data/fastqs/n1661_2.fq.gz
n1694,/Users/shohei-noda/git/proj_wakayama_omi_pedigree_analysis/data/fastqs/n1694_1.fq.gz,/Users/shohei-noda/git/proj_wakayama_omi_pedigree_analysis/data/fastqs/n1694_2.fq.gz
n1642,/Users/shohei-noda/git/proj_wakayama_omi_pedigree_analysis/data/fastqs/n1642_1.fq.gz,/Users/shohei-noda/git/proj_wakayama_omi_pedigree_analysis/data/fastqs/n1642_2.fq.gz
n1563,/Users/shohei-noda/git/proj_wakayama_omi_pedigree_analysis/data/fastqs/n1563_1.fq.gz,/Users/shohei-noda/git/proj_wakayama_omi_pedigree_analysis/data/fastqs/n1563_2.fq.gz
n1541,/Users/shohei-noda/git/proj_wakayama_omi_pedigree_analysis/data/fastqs/n1541_1.fq.gz,/Users/shohei-noda/git/proj_wakayama_omi_pedigree_analysis/data/fastqs/n1541_2.fq.gz
n1523,/Users/shohei-noda/git/proj_wakayama_omi_pedigree_analysis/data/fastqs/n1523_1.fq.gz,/Users/shohei-noda/git/proj_wakayama_omi_pedigree_analysis/data/fastqs/n1523_2.fq.gz
n1529,/Users/shohei-noda/git/proj_wakayama_omi_pedigree_analysis/data/fastqs/n1529_1.fq.gz,/Users/shohei-noda/git/proj_wakayama_omi_pedigree_analysis/data/fastqs/n1529_2.fq.gz
n1564,/Users/shohei-noda/git/proj_wakayama_omi_pedigree_analysis/data/fastqs/n1564_1.fq.gz,/Users/shohei-noda/git/proj_wakayama_omi_pedigree_analysis/data/fastqs/n1564_2.fq.gz
n1600,/Users/shohei-noda/git/proj_wakayama_omi_pedigree_analysis/data/fastqs/n1600_1.fq.gz,/Users/shohei-noda/git/proj_wakayama_omi_pedigree_analysis/data/fastqs/n1600_2.fq.gz
n1562,/Users/shohei-noda/git/proj_wakayama_omi_pedigree_analysis/data/fastqs/n1562_1.fq.gz,/Users/shohei-noda/git/proj_wakayama_omi_pedigree_analysis/data/fastqs/n1562_2.fq.gz
n1514,/Users/shohei-noda/git/proj_wakayama_omi_pedigree_analysis/data/fastqs/n1514_1.fq.gz,/Users/shohei-noda/git/proj_wakayama_omi_pedigree_analysis/data/fastqs/n1514_2.fq.gz
n1544,/Users/shohei-noda/git/proj_wakayama_omi_pedigree_analysis/data/fastqs/n1544_1.fq.gz,/Users/shohei-noda/git/proj_wakayama_omi_pedigree_analysis/data/fastqs/n1544_2.fq.gz
n1561,/Users/shohei-noda/git/proj_wakayama_omi_pedigree_analysis/data/fastqs/n1561_1.fq.gz,/Users/shohei-noda/git/proj_wakayama_omi_pedigree_analysis/data/fastqs/n1561_2.fq.gz
n1507,/Users/shohei-noda/git/proj_wakayama_omi_pedigree_analysis/data/fastqs/n1507_1.fq.gz,/Users/shohei-noda/git/proj_wakayama_omi_pedigree_analysis/data/fastqs/n1507_2.fq.gz
n1565,/Users/shohei-noda/git/proj_wakayama_omi_pedigree_analysis/data/fastqs/n1565_1.fq.gz,/Users/shohei-noda/git/proj_wakayama_omi_pedigree_analysis/data/fastqs/n1565_2.fq.gz
n1522,/Users/shohei-noda/git/proj_wakayama_omi_pedigree_analysis/data/fastqs/n1522_1.fq.gz,/Users/shohei-noda/git/proj_wakayama_omi_pedigree_analysis/data/fastqs/n1522_2.fq.gz
n1595,/Users/shohei-noda/git/proj_wakayama_omi_pedigree_analysis/data/fastqs/n1595_1.fq.gz,/Users/shohei-noda/git/proj_wakayama_omi_pedigree_analysis/data/fastqs/n1595_2.fq.gz
n1594,/Users/shohei-noda/git/proj_wakayama_omi_pedigree_analysis/data/fastqs/n1594_1.fq.gz,/Users/shohei-noda/git/proj_wakayama_omi_pedigree_analysis/data/fastqs/n1594_2.fq.gz
n1553,/Users/shohei-noda/git/proj_wakayama_omi_pedigree_analysis/data/fastqs/n1553_1.fq.gz,/Users/shohei-noda/git/proj_wakayama_omi_pedigree_analysis/data/fastqs/n1553_2.fq.gz
n1555,/Users/shohei-noda/git/proj_wakayama_omi_pedigree_analysis/data/fastqs/n1555_1.fq.gz,/Users/shohei-noda/git/proj_wakayama_omi_pedigree_analysis/data/fastqs/n1555_2.fq.gz
n1580,/Users/shohei-noda/git/proj_wakayama_omi_pedigree_analysis/data/fastqs/n1580_1.fq.gz,/Users/shohei-noda/git/proj_wakayama_omi_pedigree_analysis/data/fastqs/n1580_2.fq.gz
n1586,/Users/shohei-noda/git/proj_wakayama_omi_pedigree_analysis/data/fastqs/n1586_1.fq.gz,/Users/shohei-noda/git/proj_wakayama_omi_pedigree_analysis/data/fastqs/n1586_2.fq.gz
n1535,/Users/shohei-noda/git/proj_wakayama_omi_pedigree_analysis/data/fastqs/n1535_1.fq.gz,/Users/shohei-noda/git/proj_wakayama_omi_pedigree_analysis/data/fastqs/n1535_2.fq.gz
n1764,/Users/shohei-noda/git/proj_wakayama_omi_pedigree_analysis/data/fastqs/n1764_1.fq.gz,/Users/shohei-noda/git/proj_wakayama_omi_pedigree_analysis/data/fastqs/n1764_2.fq.gz
n1513,/Users/shohei-noda/git/proj_wakayama_omi_pedigree_analysis/data/fastqs/n1513_1.fq.gz,/Users/shohei-noda/git/proj_wakayama_omi_pedigree_analysis/data/fastqs/n1513_2.fq.gz
n1592,/Users/shohei-noda/git/proj_wakayama_omi_pedigree_analysis/data/fastqs/n1592_1.fq.gz,/Users/shohei-noda/git/proj_wakayama_omi_pedigree_analysis/data/fastqs/n1592_2.fq.gz
n1566,/Users/shohei-noda/git/proj_wakayama_omi_pedigree_analysis/data/fastqs/n1566_1.fq.gz,/Users/shohei-noda/git/proj_wakayama_omi_pedigree_analysis/data/fastqs/n1566_2.fq.gz
n1573,/Users/shohei-noda/git/proj_wakayama_omi_pedigree_analysis/data/fastqs/n1573_1.fq.gz,/Users/shohei-noda/git/proj_wakayama_omi_pedigree_analysis/data/fastqs/n1573_2.fq.gz
n1589,/Users/shohei-noda/git/proj_wakayama_omi_pedigree_analysis/data/fastqs/n1589_1.fq.gz,/Users/shohei-noda/git/proj_wakayama_omi_pedigree_analysis/data/fastqs/n1589_2.fq.gz
n1540,/Users/shohei-noda/git/proj_wakayama_omi_pedigree_analysis/data/fastqs/n1540_1.fq.gz,/Users/shohei-noda/git/proj_wakayama_omi_pedigree_analysis/data/fastqs/n1540_2.fq.gz
n1597,/Users/shohei-noda/git/proj_wakayama_omi_pedigree_analysis/data/fastqs/n1597_1.fq.gz,/Users/shohei-noda/git/proj_wakayama_omi_pedigree_analysis/data/fastqs/n1597_2.fq.gz
n1545,/Users/shohei-noda/git/proj_wakayama_omi_pedigree_analysis/data/fastqs/n1545_1.fq.gz,/Users/shohei-noda/git/proj_wakayama_omi_pedigree_analysis/data/fastqs/n1545_2.fq.gz
n1508,/Users/shohei-noda/git/proj_wakayama_omi_pedigree_analysis/data/fastqs/n1508_1.fq.gz,/Users/shohei-noda/git/proj_wakayama_omi_pedigree_analysis/data/fastqs/n1508_2.fq.gz
n1591,/Users/shohei-noda/git/proj_wakayama_omi_pedigree_analysis/data/fastqs/n1591_1.fq.gz,/Users/shohei-noda/git/proj_wakayama_omi_pedigree_analysis/data/fastqs/n1591_2.fq.gz
n1569,/Users/shohei-noda/git/proj_wakayama_omi_pedigree_analysis/data/fastqs/n1569_1.fq.gz,/Users/shohei-noda/git/proj_wakayama_omi_pedigree_analysis/data/fastqs/n1569_2.fq.gz
n1512,/Users/shohei-noda/git/proj_wakayama_omi_pedigree_analysis/data/fastqs/n1512_1.fq.gz,/Users/shohei-noda/git/proj_wakayama_omi_pedigree_analysis/data/fastqs/n1512_2.fq.gz
n1598,/Users/shohei-noda/git/proj_wakayama_omi_pedigree_analysis/data/fastqs/n1598_1.fq.gz,/Users/shohei-noda/git/proj_wakayama_omi_pedigree_analysis/data/fastqs/n1598_2.fq.gz
n1567,/Users/shohei-noda/git/proj_wakayama_omi_pedigree_analysis/data/fastqs/n1567_1.fq.gz,/Users/shohei-noda/git/proj_wakayama_omi_pedigree_analysis/data/fastqs/n1567_2.fq.gz
n1526,/Users/shohei-noda/git/proj_wakayama_omi_pedigree_analysis/data/fastqs/n1526_1.fq.gz,/Users/shohei-noda/git/proj_wakayama_omi_pedigree_analysis/data/fastqs/n1526_2.fq.gz
n1551,/Users/shohei-noda/git/proj_wakayama_omi_pedigree_analysis/data/fastqs/n1551_1.fq.gz,/Users/shohei-noda/git/proj_wakayama_omi_pedigree_analysis/data/fastqs/n1551_2.fq.gz
n1650,/Users/shohei-noda/git/proj_wakayama_omi_pedigree_analysis/data/fastqs/n1650_1.fq.gz,/Users/shohei-noda/git/proj_wakayama_omi_pedigree_analysis/data/fastqs/n1650_2.fq.gz
n1676,/Users/shohei-noda/git/proj_wakayama_omi_pedigree_analysis/data/fastqs/n1676_1.fq.gz,/Users/shohei-noda/git/proj_wakayama_omi_pedigree_analysis/data/fastqs/n1676_2.fq.gz
n1609,/Users/shohei-noda/git/proj_wakayama_omi_pedigree_analysis/data/fastqs/n1609_1.fq.gz,/Users/shohei-noda/git/proj_wakayama_omi_pedigree_analysis/data/fastqs/n1609_2.fq.gz
n1691,/Users/shohei-noda/git/proj_wakayama_omi_pedigree_analysis/data/fastqs/n1691_1.fq.gz,/Users/shohei-noda/git/proj_wakayama_omi_pedigree_analysis/data/fastqs/n1691_2.fq.gz
n1655,/Users/shohei-noda/git/proj_wakayama_omi_pedigree_analysis/data/fastqs/n1655_1.fq.gz,/Users/shohei-noda/git/proj_wakayama_omi_pedigree_analysis/data/fastqs/n1655_2.fq.gz
n1606,/Users/shohei-noda/git/proj_wakayama_omi_pedigree_analysis/data/fastqs/n1606_1.fq.gz,/Users/shohei-noda/git/proj_wakayama_omi_pedigree_analysis/data/fastqs/n1606_2.fq.gz
n1643,/Users/shohei-noda/git/proj_wakayama_omi_pedigree_analysis/data/fastqs/n1643_1.fq.gz,/Users/shohei-noda/git/proj_wakayama_omi_pedigree_analysis/data/fastqs/n1643_2.fq.gz
n1616,/Users/shohei-noda/git/proj_wakayama_omi_pedigree_analysis/data/fastqs/n1616_1.fq.gz,/Users/shohei-noda/git/proj_wakayama_omi_pedigree_analysis/data/fastqs/n1616_2.fq.gz
n1689,/Users/shohei-noda/git/proj_wakayama_omi_pedigree_analysis/data/fastqs/n1689_1.fq.gz,/Users/shohei-noda/git/proj_wakayama_omi_pedigree_analysis/data/fastqs/n1689_2.fq.gz
n1656,/Users/shohei-noda/git/proj_wakayama_omi_pedigree_analysis/data/fastqs/n1656_1.fq.gz,/Users/shohei-noda/git/proj_wakayama_omi_pedigree_analysis/data/fastqs/n1656_2.fq.gz
n1675,/Users/shohei-noda/git/proj_wakayama_omi_pedigree_analysis/data/fastqs/n1675_1.fq.gz,/Users/shohei-noda/git/proj_wakayama_omi_pedigree_analysis/data/fastqs/n1675_2.fq.gz
n1612,/Users/shohei-noda/git/proj_wakayama_omi_pedigree_analysis/data/fastqs/n1612_1.fq.gz,/Users/shohei-noda/git/proj_wakayama_omi_pedigree_analysis/data/fastqs/n1612_2.fq.gz
n1700,/Users/shohei-noda/git/proj_wakayama_omi_pedigree_analysis/data/fastqs/n1700_1.fq.gz,/Users/shohei-noda/git/proj_wakayama_omi_pedigree_analysis/data/fastqs/n1700_2.fq.gz
n1663,/Users/shohei-noda/git/proj_wakayama_omi_pedigree_analysis/data/fastqs/n1663_1.fq.gz,/Users/shohei-noda/git/proj_wakayama_omi_pedigree_analysis/data/fastqs/n1663_2.fq.gz
n1657,/Users/shohei-noda/git/proj_wakayama_omi_pedigree_analysis/data/fastqs/n1657_1.fq.gz,/Users/shohei-noda/git/proj_wakayama_omi_pedigree_analysis/data/fastqs/n1657_2.fq.gz
n1623,/Users/shohei-noda/git/proj_wakayama_omi_pedigree_analysis/data/fastqs/n1623_1.fq.gz,/Users/shohei-noda/git/proj_wakayama_omi_pedigree_analysis/data/fastqs/n1623_2.fq.gz
n1635,/Users/shohei-noda/git/proj_wakayama_omi_pedigree_analysis/data/fastqs/n1635_1.fq.gz,/Users/shohei-noda/git/proj_wakayama_omi_pedigree_analysis/data/fastqs/n1635_2.fq.gz
n1610,/Users/shohei-noda/git/proj_wakayama_omi_pedigree_analysis/data/fastqs/n1610_1.fq.gz,/Users/shohei-noda/git/proj_wakayama_omi_pedigree_analysis/data/fastqs/n1610_2.fq.gz
n1682,/Users/shohei-noda/git/proj_wakayama_omi_pedigree_analysis/data/fastqs/n1682_1.fq.gz,/Users/shohei-noda/git/proj_wakayama_omi_pedigree_analysis/data/fastqs/n1682_2.fq.gz
n1688,/Users/shohei-noda/git/proj_wakayama_omi_pedigree_analysis/data/fastqs/n1688_1.fq.gz,/Users/shohei-noda/git/proj_wakayama_omi_pedigree_analysis/data/fastqs/n1688_2.fq.gz
n1679,/Users/shohei-noda/git/proj_wakayama_omi_pedigree_analysis/data/fastqs/n1679_1.fq.gz,/Users/shohei-noda/git/proj_wakayama_omi_pedigree_analysis/data/fastqs/n1679_2.fq.gz
n1626,/Users/shohei-noda/git/proj_wakayama_omi_pedigree_analysis/data/fastqs/n1626_1.fq.gz,/Users/shohei-noda/git/proj_wakayama_omi_pedigree_analysis/data/fastqs/n1626_2.fq.gz
n1605,/Users/shohei-noda/git/proj_wakayama_omi_pedigree_analysis/data/fastqs/n1605_1.fq.gz,/Users/shohei-noda/git/proj_wakayama_omi_pedigree_analysis/data/fastqs/n1605_2.fq.gz
n1686,/Users/shohei-noda/git/proj_wakayama_omi_pedigree_analysis/data/fastqs/n1686_1.fq.gz,/Users/shohei-noda/git/proj_wakayama_omi_pedigree_analysis/data/fastqs/n1686_2.fq.gz
n1630,/Users/shohei-noda/git/proj_wakayama_omi_pedigree_analysis/data/fastqs/n1630_1.fq.gz,/Users/shohei-noda/git/proj_wakayama_omi_pedigree_analysis/data/fastqs/n1630_2.fq.gz
n1621,/Users/shohei-noda/git/proj_wakayama_omi_pedigree_analysis/data/fastqs/n1621_1.fq.gz,/Users/shohei-noda/git/proj_wakayama_omi_pedigree_analysis/data/fastqs/n1621_2.fq.gz
n1627,/Users/shohei-noda/git/proj_wakayama_omi_pedigree_analysis/data/fastqs/n1627_1.fq.gz,/Users/shohei-noda/git/proj_wakayama_omi_pedigree_analysis/data/fastqs/n1627_2.fq.gz
n1683,/Users/shohei-noda/git/proj_wakayama_omi_pedigree_analysis/data/fastqs/n1683_1.fq.gz,/Users/shohei-noda/git/proj_wakayama_omi_pedigree_analysis/data/fastqs/n1683_2.fq.gz
n1652,/Users/shohei-noda/git/proj_wakayama_omi_pedigree_analysis/data/fastqs/n1652_1.fq.gz,/Users/shohei-noda/git/proj_wakayama_omi_pedigree_analysis/data/fastqs/n1652_2.fq.gz
n1669,/Users/shohei-noda/git/proj_wakayama_omi_pedigree_analysis/data/fastqs/n1669_1.fq.gz,/Users/shohei-noda/git/proj_wakayama_omi_pedigree_analysis/data/fastqs/n1669_2.fq.gz
n1608,/Users/shohei-noda/git/proj_wakayama_omi_pedigree_analysis/data/fastqs/n1608_1.fq.gz,/Users/shohei-noda/git/proj_wakayama_omi_pedigree_analysis/data/fastqs/n1608_2.fq.gz
n1645,/Users/shohei-noda/git/proj_wakayama_omi_pedigree_analysis/data/fastqs/n1645_1.fq.gz,/Users/shohei-noda/git/proj_wakayama_omi_pedigree_analysis/data/fastqs/n1645_2.fq.gz
n1666,/Users/shohei-noda/git/proj_wakayama_omi_pedigree_analysis/data/fastqs/n1666_1.fq.gz,/Users/shohei-noda/git/proj_wakayama_omi_pedigree_analysis/data/fastqs/n1666_2.fq.gz
n1611,/Users/shohei-noda/git/proj_wakayama_omi_pedigree_analysis/data/fastqs/n1611_1.fq.gz,/Users/shohei-noda/git/proj_wakayama_omi_pedigree_analysis/data/fastqs/n1611_2.fq.gz
n1667,/Users/shohei-noda/git/proj_wakayama_omi_pedigree_analysis/data/fastqs/n1667_1.fq.gz,/Users/shohei-noda/git/proj_wakayama_omi_pedigree_analysis/data/fastqs/n1667_2.fq.gz
n1660,/Users/shohei-noda/git/proj_wakayama_omi_pedigree_analysis/data/fastqs/n1660_1.fq.gz,/Users/shohei-noda/git/proj_wakayama_omi_pedigree_analysis/data/fastqs/n1660_2.fq.gz
n1624,/Users/shohei-noda/git/proj_wakayama_omi_pedigree_analysis/data/fastqs/n1624_1.fq.gz,/Users/shohei-noda/git/proj_wakayama_omi_pedigree_analysis/data/fastqs/n1624_2.fq.gz
n1601,/Users/shohei-noda/git/proj_wakayama_omi_pedigree_analysis/data/fastqs/n1601_1.fq.gz,/Users/shohei-noda/git/proj_wakayama_omi_pedigree_analysis/data/fastqs/n1601_2.fq.gz
n1696,/Users/shohei-noda/git/proj_wakayama_omi_pedigree_analysis/data/fastqs/n1696_1.fq.gz,/Users/shohei-noda/git/proj_wakayama_omi_pedigree_analysis/data/fastqs/n1696_2.fq.gz
n1699,/Users/shohei-noda/git/proj_wakayama_omi_pedigree_analysis/data/fastqs/n1699_1.fq.gz,/Users/shohei-noda/git/proj_wakayama_omi_pedigree_analysis/data/fastqs/n1699_2.fq.gz
n1651,/Users/shohei-noda/git/proj_wakayama_omi_pedigree_analysis/data/fastqs/n1651_1.fq.gz,/Users/shohei-noda/git/proj_wakayama_omi_pedigree_analysis/data/fastqs/n1651_2.fq.gz
n1632,/Users/shohei-noda/git/proj_wakayama_omi_pedigree_analysis/data/fastqs/n1632_1.fq.gz,/Users/shohei-noda/git/proj_wakayama_omi_pedigree_analysis/data/fastqs/n1632_2.fq.gz
n1664,/Users/shohei-noda/git/proj_wakayama_omi_pedigree_analysis/data/fastqs/n1664_1.fq.gz,/Users/shohei-noda/git/proj_wakayama_omi_pedigree_analysis/data/fastqs/n1664_2.fq.gz
n1629,/Users/shohei-noda/git/proj_wakayama_omi_pedigree_analysis/data/fastqs/n1629_1.fq.gz,/Users/shohei-noda/git/proj_wakayama_omi_pedigree_analysis/data/fastqs/n1629_2.fq.gz
n1692,/Users/shohei-noda/git/proj_wakayama_omi_pedigree_analysis/data/fastqs/n1692_1.fq.gz,/Users/shohei-noda/git/proj_wakayama_omi_pedigree_analysis/data/fastqs/n1692_2.fq.gz
n1618,/Users/shohei-noda/git/proj_wakayama_omi_pedigree_analysis/data/fastqs/n1618_1.fq.gz,/Users/shohei-noda/git/proj_wakayama_omi_pedigree_analysis/data/fastqs/n1618_2.fq.gz
n1636,/Users/shohei-noda/git/proj_wakayama_omi_pedigree_analysis/data/fastqs/n1636_1.fq.gz,/Users/shohei-noda/git/proj_wakayama_omi_pedigree_analysis/data/fastqs/n1636_2.fq.gz
n1685,/Users/shohei-noda/git/proj_wakayama_omi_pedigree_analysis/data/fastqs/n1685_1.fq.gz,/Users/shohei-noda/git/proj_wakayama_omi_pedigree_analysis/data/fastqs/n1685_2.fq.gz
n1637,/Users/shohei-noda/git/proj_wakayama_omi_pedigree_analysis/data/fastqs/n1637_1.fq.gz,/Users/shohei-noda/git/proj_wakayama_omi_pedigree_analysis/data/fastqs/n1637_2.fq.gz
n1690,/Users/shohei-noda/git/proj_wakayama_omi_pedigree_analysis/data/fastqs/n1690_1.fq.gz,/Users/shohei-noda/git/proj_wakayama_omi_pedigree_analysis/data/fastqs/n1690_2.fq.gz
n1604,/Users/shohei-noda/git/proj_wakayama_omi_pedigree_analysis/data/fastqs/n1604_1.fq.gz,/Users/shohei-noda/git/proj_wakayama_omi_pedigree_analysis/data/fastqs/n1604_2.fq.gz
n1659,/Users/shohei-noda/git/proj_wakayama_omi_pedigree_analysis/data/fastqs/n1659_1.fq.gz,/Users/shohei-noda/git/proj_wakayama_omi_pedigree_analysis/data/fastqs/n1659_2.fq.gz
n1625,/Users/shohei-noda/git/proj_wakayama_omi_pedigree_analysis/data/fastqs/n1625_1.fq.gz,/Users/shohei-noda/git/proj_wakayama_omi_pedigree_analysis/data/fastqs/n1625_2.fq.gz
n1697,/Users/shohei-noda/git/proj_wakayama_omi_pedigree_analysis/data/fastqs/n1697_1.fq.gz,/Users/shohei-noda/git/proj_wakayama_omi_pedigree_analysis/data/fastqs/n1697_2.fq.gz
n1638,/Users/shohei-noda/git/proj_wakayama_omi_pedigree_analysis/data/fastqs/n1638_1.fq.gz,/Users/shohei-noda/git/proj_wakayama_omi_pedigree_analysis/data/fastqs/n1638_2.fq.gz
n1658,/Users/shohei-noda/git/proj_wakayama_omi_pedigree_analysis/data/fastqs/n1658_1.fq.gz,/Users/shohei-noda/git/proj_wakayama_omi_pedigree_analysis/data/fastqs/n1658_2.fq.gz
n1648,/Users/shohei-noda/git/proj_wakayama_omi_pedigree_analysis/data/fastqs/n1648_1.fq.gz,/Users/shohei-noda/git/proj_wakayama_omi_pedigree_analysis/data/fastqs/n1648_2.fq.gz
n1678,/Users/shohei-noda/git/proj_wakayama_omi_pedigree_analysis/data/fastqs/n1678_1.fq.gz,/Users/shohei-noda/git/proj_wakayama_omi_pedigree_analysis/data/fastqs/n1678_2.fq.gz
n1640,/Users/shohei-noda/git/proj_wakayama_omi_pedigree_analysis/data/fastqs/n1640_1.fq.gz,/Users/shohei-noda/git/proj_wakayama_omi_pedigree_analysis/data/fastqs/n1640_2.fq.gz
n1634,/Users/shohei-noda/git/proj_wakayama_omi_pedigree_analysis/data/fastqs/n1634_1.fq.gz,/Users/shohei-noda/git/proj_wakayama_omi_pedigree_analysis/data/fastqs/n1634_2.fq.gz
n1653,/Users/shohei-noda/git/proj_wakayama_omi_pedigree_analysis/data/fastqs/n1653_1.fq.gz,/Users/shohei-noda/git/proj_wakayama_omi_pedigree_analysis/data/fastqs/n1653_2.fq.gz
n1622,/Users/shohei-noda/git/proj_wakayama_omi_pedigree_analysis/data/fastqs/n1622_1.fq.gz,/Users/shohei-noda/git/proj_wakayama_omi_pedigree_analysis/data/fastqs/n1622_2.fq.gz
n1646,/Users/shohei-noda/git/proj_wakayama_omi_pedigree_analysis/data/fastqs/n1646_1.fq.gz,/Users/shohei-noda/git/proj_wakayama_omi_pedigree_analysis/data/fastqs/n1646_2.fq.gz
n1633,/Users/shohei-noda/git/proj_wakayama_omi_pedigree_analysis/data/fastqs/n1633_1.fq.gz,/Users/shohei-noda/git/proj_wakayama_omi_pedigree_analysis/data/fastqs/n1633_2.fq.gz
n1777,/Users/shohei-noda/git/proj_wakayama_omi_pedigree_analysis/data/fastqs/n1777_1.fq.gz,/Users/shohei-noda/git/proj_wakayama_omi_pedigree_analysis/data/fastqs/n1777_2.fq.gz
n1779,/Users/shohei-noda/git/proj_wakayama_omi_pedigree_analysis/data/fastqs/n1779_1.fq.gz,/Users/shohei-noda/git/proj_wakayama_omi_pedigree_analysis/data/fastqs/n1779_2.fq.gz
n1781,/Users/shohei-noda/git/proj_wakayama_omi_pedigree_analysis/data/fastqs/n1781_1.fq.gz,/Users/shohei-noda/git/proj_wakayama_omi_pedigree_analysis/data/fastqs/n1781_2.fq.gz
n1746,/Users/shohei-noda/git/proj_wakayama_omi_pedigree_analysis/data/fastqs/n1746_1.fq.gz,/Users/shohei-noda/git/proj_wakayama_omi_pedigree_analysis/data/fastqs/n1746_2.fq.gz
n1780,/Users/shohei-noda/git/proj_wakayama_omi_pedigree_analysis/data/fastqs/n1780_1.fq.gz,/Users/shohei-noda/git/proj_wakayama_omi_pedigree_analysis/data/fastqs/n1780_2.fq.gz
n1758,/Users/shohei-noda/git/proj_wakayama_omi_pedigree_analysis/data/fastqs/n1758_1.fq.gz,/Users/shohei-noda/git/proj_wakayama_omi_pedigree_analysis/data/fastqs/n1758_2.fq.gz
n1749,/Users/shohei-noda/git/proj_wakayama_omi_pedigree_analysis/data/fastqs/n1749_1.fq.gz,/Users/shohei-noda/git/proj_wakayama_omi_pedigree_analysis/data/fastqs/n1749_2.fq.gz
n1795,/Users/shohei-noda/git/proj_wakayama_omi_pedigree_analysis/data/fastqs/n1795_1.fq.gz,/Users/shohei-noda/git/proj_wakayama_omi_pedigree_analysis/data/fastqs/n1795_2.fq.gz
n1742,/Users/shohei-noda/git/proj_wakayama_omi_pedigree_analysis/data/fastqs/n1742_1.fq.gz,/Users/shohei-noda/git/proj_wakayama_omi_pedigree_analysis/data/fastqs/n1742_2.fq.gz
n1776,/Users/shohei-noda/git/proj_wakayama_omi_pedigree_analysis/data/fastqs/n1776_1.fq.gz,/Users/shohei-noda/git/proj_wakayama_omi_pedigree_analysis/data/fastqs/n1776_2.fq.gz
n1734,/Users/shohei-noda/git/proj_wakayama_omi_pedigree_analysis/data/fastqs/n1734_1.fq.gz,/Users/shohei-noda/git/proj_wakayama_omi_pedigree_analysis/data/fastqs/n1734_2.fq.gz
n1784,/Users/shohei-noda/git/proj_wakayama_omi_pedigree_analysis/data/fastqs/n1784_1.fq.gz,/Users/shohei-noda/git/proj_wakayama_omi_pedigree_analysis/data/fastqs/n1784_2.fq.gz
n1767,/Users/shohei-noda/git/proj_wakayama_omi_pedigree_analysis/data/fastqs/n1767_1.fq.gz,/Users/shohei-noda/git/proj_wakayama_omi_pedigree_analysis/data/fastqs/n1767_2.fq.gz
n1759,/Users/shohei-noda/git/proj_wakayama_omi_pedigree_analysis/data/fastqs/n1759_1.fq.gz,/Users/shohei-noda/git/proj_wakayama_omi_pedigree_analysis/data/fastqs/n1759_2.fq.gz
n1783,/Users/shohei-noda/git/proj_wakayama_omi_pedigree_analysis/data/fastqs/n1783_1.fq.gz,/Users/shohei-noda/git/proj_wakayama_omi_pedigree_analysis/data/fastqs/n1783_2.fq.gz
n1769,/Users/shohei-noda/git/proj_wakayama_omi_pedigree_analysis/data/fastqs/n1769_1.fq.gz,/Users/shohei-noda/git/proj_wakayama_omi_pedigree_analysis/data/fastqs/n1769_2.fq.gz
n1772,/Users/shohei-noda/git/proj_wakayama_omi_pedigree_analysis/data/fastqs/n1772_1.fq.gz,/Users/shohei-noda/git/proj_wakayama_omi_pedigree_analysis/data/fastqs/n1772_2.fq.gz
n1788,/Users/shohei-noda/git/proj_wakayama_omi_pedigree_analysis/data/fastqs/n1788_1.fq.gz,/Users/shohei-noda/git/proj_wakayama_omi_pedigree_analysis/data/fastqs/n1788_2.fq.gz
n1778,/Users/shohei-noda/git/proj_wakayama_omi_pedigree_analysis/data/fastqs/n1778_1.fq.gz,/Users/shohei-noda/git/proj_wakayama_omi_pedigree_analysis/data/fastqs/n1778_2.fq.gz
n1739,/Users/shohei-noda/git/proj_wakayama_omi_pedigree_analysis/data/fastqs/n1739_1.fq.gz,/Users/shohei-noda/git/proj_wakayama_omi_pedigree_analysis/data/fastqs/n1739_2.fq.gz
n1786,/Users/shohei-noda/git/proj_wakayama_omi_pedigree_analysis/data/fastqs/n1786_1.fq.gz,/Users/shohei-noda/git/proj_wakayama_omi_pedigree_analysis/data/fastqs/n1786_2.fq.gz
n1755,/Users/shohei-noda/git/proj_wakayama_omi_pedigree_analysis/data/fastqs/n1755_1.fq.gz,/Users/shohei-noda/git/proj_wakayama_omi_pedigree_analysis/data/fastqs/n1755_2.fq.gz
n1748,/Users/shohei-noda/git/proj_wakayama_omi_pedigree_analysis/data/fastqs/n1748_1.fq.gz,/Users/shohei-noda/git/proj_wakayama_omi_pedigree_analysis/data/fastqs/n1748_2.fq.gz
n1730,/Users/shohei-noda/git/proj_wakayama_omi_pedigree_analysis/data/fastqs/n1730_1.fq.gz,/Users/shohei-noda/git/proj_wakayama_omi_pedigree_analysis/data/fastqs/n1730_2.fq.gz
n1756,/Users/shohei-noda/git/proj_wakayama_omi_pedigree_analysis/data/fastqs/n1756_1.fq.gz,/Users/shohei-noda/git/proj_wakayama_omi_pedigree_analysis/data/fastqs/n1756_2.fq.gz
n1740,/Users/shohei-noda/git/proj_wakayama_omi_pedigree_analysis/data/fastqs/n1740_1.fq.gz,/Users/shohei-noda/git/proj_wakayama_omi_pedigree_analysis/data/fastqs/n1740_2.fq.gz
n1744,/Users/shohei-noda/git/proj_wakayama_omi_pedigree_analysis/data/fastqs/n1744_1.fq.gz,/Users/shohei-noda/git/proj_wakayama_omi_pedigree_analysis/data/fastqs/n1744_2.fq.gz
n1709,/Users/shohei-noda/git/proj_wakayama_omi_pedigree_analysis/data/fastqs/n1709_1.fq.gz,/Users/shohei-noda/git/proj_wakayama_omi_pedigree_analysis/data/fastqs/n1709_2.fq.gz
n1752,/Users/shohei-noda/git/proj_wakayama_omi_pedigree_analysis/data/fastqs/n1752_1.fq.gz,/Users/shohei-noda/git/proj_wakayama_omi_pedigree_analysis/data/fastqs/n1752_2.fq.gz
n1799,/Users/shohei-noda/git/proj_wakayama_omi_pedigree_analysis/data/fastqs/n1799_1.fq.gz,/Users/shohei-noda/git/proj_wakayama_omi_pedigree_analysis/data/fastqs/n1799_2.fq.gz
n1794,/Users/shohei-noda/git/proj_wakayama_omi_pedigree_analysis/data/fastqs/n1794_1.fq.gz,/Users/shohei-noda/git/proj_wakayama_omi_pedigree_analysis/data/fastqs/n1794_2.fq.gz
n1762,/Users/shohei-noda/git/proj_wakayama_omi_pedigree_analysis/data/fastqs/n1762_1.fq.gz,/Users/shohei-noda/git/proj_wakayama_omi_pedigree_analysis/data/fastqs/n1762_2.fq.gz
n1747,/Users/shohei-noda/git/proj_wakayama_omi_pedigree_analysis/data/fastqs/n1747_1.fq.gz,/Users/shohei-noda/git/proj_wakayama_omi_pedigree_analysis/data/fastqs/n1747_2.fq.gz
n1736,/Users/shohei-noda/git/proj_wakayama_omi_pedigree_analysis/data/fastqs/n1736_1.fq.gz,/Users/shohei-noda/git/proj_wakayama_omi_pedigree_analysis/data/fastqs/n1736_2.fq.gz
n1712,/Users/shohei-noda/git/proj_wakayama_omi_pedigree_analysis/data/fastqs/n1712_1.fq.gz,/Users/shohei-noda/git/proj_wakayama_omi_pedigree_analysis/data/fastqs/n1712_2.fq.gz
n1761,/Users/shohei-noda/git/proj_wakayama_omi_pedigree_analysis/data/fastqs/n1761_1.fq.gz,/Users/shohei-noda/git/proj_wakayama_omi_pedigree_analysis/data/fastqs/n1761_2.fq.gz
n1728,/Users/shohei-noda/git/proj_wakayama_omi_pedigree_analysis/data/fastqs/n1728_1.fq.gz,/Users/shohei-noda/git/proj_wakayama_omi_pedigree_analysis/data/fastqs/n1728_2.fq.gz
n1732,/Users/shohei-noda/git/proj_wakayama_omi_pedigree_analysis/data/fastqs/n1732_1.fq.gz,/Users/shohei-noda/git/proj_wakayama_omi_pedigree_analysis/data/fastqs/n1732_2.fq.gz
n1726,/Users/shohei-noda/git/proj_wakayama_omi_pedigree_analysis/data/fastqs/n1726_1.fq.gz,/Users/shohei-noda/git/proj_wakayama_omi_pedigree_analysis/data/fastqs/n1726_2.fq.gz
n1792,/Users/shohei-noda/git/proj_wakayama_omi_pedigree_analysis/data/fastqs/n1792_1.fq.gz,/Users/shohei-noda/git/proj_wakayama_omi_pedigree_analysis/data/fastqs/n1792_2.fq.gz
n1722,/Users/shohei-noda/git/proj_wakayama_omi_pedigree_analysis/data/fastqs/n1722_1.fq.gz,/Users/shohei-noda/git/proj_wakayama_omi_pedigree_analysis/data/fastqs/n1722_2.fq.gz
n1723,/Users/shohei-noda/git/proj_wakayama_omi_pedigree_analysis/data/fastqs/n1723_1.fq.gz,/Users/shohei-noda/git/proj_wakayama_omi_pedigree_analysis/data/fastqs/n1723_2.fq.gz
n1701,/Users/shohei-noda/git/proj_wakayama_omi_pedigree_analysis/data/fastqs/n1701_1.fq.gz,/Users/shohei-noda/git/proj_wakayama_omi_pedigree_analysis/data/fastqs/n1701_2.fq.gz
n1714,/Users/shohei-noda/git/proj_wakayama_omi_pedigree_analysis/data/fastqs/n1714_1.fq.gz,/Users/shohei-noda/git/proj_wakayama_omi_pedigree_analysis/data/fastqs/n1714_2.fq.gz
n1741,/Users/shohei-noda/git/proj_wakayama_omi_pedigree_analysis/data/fastqs/n1741_1.fq.gz,/Users/shohei-noda/git/proj_wakayama_omi_pedigree_analysis/data/fastqs/n1741_2.fq.gz
n1735,/Users/shohei-noda/git/proj_wakayama_omi_pedigree_analysis/data/fastqs/n1735_1.fq.gz,/Users/shohei-noda/git/proj_wakayama_omi_pedigree_analysis/data/fastqs/n1735_2.fq.gz
n1715,/Users/shohei-noda/git/proj_wakayama_omi_pedigree_analysis/data/fastqs/n1715_1.fq.gz,/Users/shohei-noda/git/proj_wakayama_omi_pedigree_analysis/data/fastqs/n1715_2.fq.gz
n1711,/Users/shohei-noda/git/proj_wakayama_omi_pedigree_analysis/data/fastqs/n1711_1.fq.gz,/Users/shohei-noda/git/proj_wakayama_omi_pedigree_analysis/data/fastqs/n1711_2.fq.gz
n1707,/Users/shohei-noda/git/proj_wakayama_omi_pedigree_analysis/data/fastqs/n1707_1.fq.gz,/Users/shohei-noda/git/proj_wakayama_omi_pedigree_analysis/data/fastqs/n1707_2.fq.gz
n1727,/Users/shohei-noda/git/proj_wakayama_omi_pedigree_analysis/data/fastqs/n1727_1.fq.gz,/Users/shohei-noda/git/proj_wakayama_omi_pedigree_analysis/data/fastqs/n1727_2.fq.gz
n1753,/Users/shohei-noda/git/proj_wakayama_omi_pedigree_analysis/data/fastqs/n1753_1.fq.gz,/Users/shohei-noda/git/proj_wakayama_omi_pedigree_analysis/data/fastqs/n1753_2.fq.gz
n1789,/Users/shohei-noda/git/proj_wakayama_omi_pedigree_analysis/data/fastqs/n1789_1.fq.gz,/Users/shohei-noda/git/proj_wakayama_omi_pedigree_analysis/data/fastqs/n1789_2.fq.gz
n1704,/Users/shohei-noda/git/proj_wakayama_omi_pedigree_analysis/data/fastqs/n1704_1.fq.gz,/Users/shohei-noda/git/proj_wakayama_omi_pedigree_analysis/data/fastqs/n1704_2.fq.gz
n1720,/Users/shohei-noda/git/proj_wakayama_omi_pedigree_analysis/data/fastqs/n1720_1.fq.gz,/Users/shohei-noda/git/proj_wakayama_omi_pedigree_analysis/data/fastqs/n1720_2.fq.gz
n1613,/Users/shohei-noda/git/proj_wakayama_omi_pedigree_analysis/data/fastqs/n1613_1.fq.gz,/Users/shohei-noda/git/proj_wakayama_omi_pedigree_analysis/data/fastqs/n1613_2.fq.gz
n1693,/Users/shohei-noda/git/proj_wakayama_omi_pedigree_analysis/data/fastqs/n1693_1.fq.gz,/Users/shohei-noda/git/proj_wakayama_omi_pedigree_analysis/data/fastqs/n1693_2.fq.gz
n1681,/Users/shohei-noda/git/proj_wakayama_omi_pedigree_analysis/data/fastqs/n1681_1.fq.gz,/Users/shohei-noda/git/proj_wakayama_omi_pedigree_analysis/data/fastqs/n1681_2.fq.gz
n1674,/Users/shohei-noda/git/proj_wakayama_omi_pedigree_analysis/data/fastqs/n1674_1.fq.gz,/Users/shohei-noda/git/proj_wakayama_omi_pedigree_analysis/data/fastqs/n1674_2.fq.gz
n1615,/Users/shohei-noda/git/proj_wakayama_omi_pedigree_analysis/data/fastqs/n1615_1.fq.gz,/Users/shohei-noda/git/proj_wakayama_omi_pedigree_analysis/data/fastqs/n1615_2.fq.gz
n1617,/Users/shohei-noda/git/proj_wakayama_omi_pedigree_analysis/data/fastqs/n1617_1.fq.gz,/Users/shohei-noda/git/proj_wakayama_omi_pedigree_analysis/data/fastqs/n1617_2.fq.gz
n1695,/Users/shohei-noda/git/proj_wakayama_omi_pedigree_analysis/data/fastqs/n1695_1.fq.gz,/Users/shohei-noda/git/proj_wakayama_omi_pedigree_analysis/data/fastqs/n1695_2.fq.gz
n1698,/Users/shohei-noda/git/proj_wakayama_omi_pedigree_analysis/data/fastqs/n1698_1.fq.gz,/Users/shohei-noda/git/proj_wakayama_omi_pedigree_analysis/data/fastqs/n1698_2.fq.gz
n1607,/Users/shohei-noda/git/proj_wakayama_omi_pedigree_analysis/data/fastqs/n1607_1.fq.gz,/Users/shohei-noda/git/proj_wakayama_omi_pedigree_analysis/data/fastqs/n1607_2.fq.gz
n1680,/Users/shohei-noda/git/proj_wakayama_omi_pedigree_analysis/data/fastqs/n1680_1.fq.gz,/Users/shohei-noda/git/proj_wakayama_omi_pedigree_analysis/data/fastqs/n1680_2.fq.gz
n1670,/Users/shohei-noda/git/proj_wakayama_omi_pedigree_analysis/data/fastqs/n1670_1.fq.gz,/Users/shohei-noda/git/proj_wakayama_omi_pedigree_analysis/data/fastqs/n1670_2.fq.gz
n1603,/Users/shohei-noda/git/proj_wakayama_omi_pedigree_analysis/data/fastqs/n1603_1.fq.gz,/Users/shohei-noda/git/proj_wakayama_omi_pedigree_analysis/data/fastqs/n1603_2.fq.gz
n1672,/Users/shohei-noda/git/proj_wakayama_omi_pedigree_analysis/data/fastqs/n1672_1.fq.gz,/Users/shohei-noda/git/proj_wakayama_omi_pedigree_analysis/data/fastqs/n1672_2.fq.gz
n1614,/Users/shohei-noda/git/proj_wakayama_omi_pedigree_analysis/data/fastqs/n1614_1.fq.gz,/Users/shohei-noda/git/proj_wakayama_omi_pedigree_analysis/data/fastqs/n1614_2.fq.gz
n1649,/Users/shohei-noda/git/proj_wakayama_omi_pedigree_analysis/data/fastqs/n1649_1.fq.gz,/Users/shohei-noda/git/proj_wakayama_omi_pedigree_analysis/data/fastqs/n1649_2.fq.gz
n1602,/Users/shohei-noda/git/proj_wakayama_omi_pedigree_analysis/data/fastqs/n1602_1.fq.gz,/Users/shohei-noda/git/proj_wakayama_omi_pedigree_analysis/data/fastqs/n1602_2.fq.gz
n1665,/Users/shohei-noda/git/proj_wakayama_omi_pedigree_analysis/data/fastqs/n1665_1.fq.gz,/Users/shohei-noda/git/proj_wakayama_omi_pedigree_analysis/data/fastqs/n1665_2.fq.gz
n1654,/Users/shohei-noda/git/proj_wakayama_omi_pedigree_analysis/data/fastqs/n1654_1.fq.gz,/Users/shohei-noda/git/proj_wakayama_omi_pedigree_analysis/data/fastqs/n1654_2.fq.gz
n1631,/Users/shohei-noda/git/proj_wakayama_omi_pedigree_analysis/data/fastqs/n1631_1.fq.gz,/Users/shohei-noda/git/proj_wakayama_omi_pedigree_analysis/data/fastqs/n1631_2.fq.gz
n1619,/Users/shohei-noda/git/proj_wakayama_omi_pedigree_analysis/data/fastqs/n1619_1.fq.gz,/Users/shohei-noda/git/proj_wakayama_omi_pedigree_analysis/data/fastqs/n1619_2.fq.gz
n1620,/Users/shohei-noda/git/proj_wakayama_omi_pedigree_analysis/data/fastqs/n1620_1.fq.gz,/Users/shohei-noda/git/proj_wakayama_omi_pedigree_analysis/data/fastqs/n1620_2.fq.gz
n1647,/Users/shohei-noda/git/proj_wakayama_omi_pedigree_analysis/data/fastqs/n1647_1.fq.gz,/Users/shohei-noda/git/proj_wakayama_omi_pedigree_analysis/data/fastqs/n1647_2.fq.gz
n1662,/Users/shohei-noda/git/proj_wakayama_omi_pedigree_analysis/data/fastqs/n1662_1.fq.gz,/Users/shohei-noda/git/proj_wakayama_omi_pedigree_analysis/data/fastqs/n1662_2.fq.gz
n1628,/Users/shohei-noda/git/proj_wakayama_omi_pedigree_analysis/data/fastqs/n1628_1.fq.gz,/Users/shohei-noda/git/proj_wakayama_omi_pedigree_analysis/data/fastqs/n1628_2.fq.gz
n1673,/Users/shohei-noda/git/proj_wakayama_omi_pedigree_analysis/data/fastqs/n1673_1.fq.gz,/Users/shohei-noda/git/proj_wakayama_omi_pedigree_analysis/data/fastqs/n1673_2.fq.gz
n1687,/Users/shohei-noda/git/proj_wakayama_omi_pedigree_analysis/data/fastqs/n1687_1.fq.gz,/Users/shohei-noda/git/proj_wakayama_omi_pedigree_analysis/data/fastqs/n1687_2.fq.gz
n1684,/Users/shohei-noda/git/proj_wakayama_omi_pedigree_analysis/data/fastqs/n1684_1.fq.gz,/Users/shohei-noda/git/proj_wakayama_omi_pedigree_analysis/data/fastqs/n1684_2.fq.gz
n1787,/Users/shohei-noda/git/proj_wakayama_omi_pedigree_analysis/data/fastqs/n1787_1.fq.gz,/Users/shohei-noda/git/proj_wakayama_omi_pedigree_analysis/data/fastqs/n1787_2.fq.gz
n1773,/Users/shohei-noda/git/proj_wakayama_omi_pedigree_analysis/data/fastqs/n1773_1.fq.gz,/Users/shohei-noda/git/proj_wakayama_omi_pedigree_analysis/data/fastqs/n1773_2.fq.gz
n1785,/Users/shohei-noda/git/proj_wakayama_omi_pedigree_analysis/data/fastqs/n1785_1.fq.gz,/Users/shohei-noda/git/proj_wakayama_omi_pedigree_analysis/data/fastqs/n1785_2.fq.gz
n1796,/Users/shohei-noda/git/proj_wakayama_omi_pedigree_analysis/data/fastqs/n1796_1.fq.gz,/Users/shohei-noda/git/proj_wakayama_omi_pedigree_analysis/data/fastqs/n1796_2.fq.gz
n1765,/Users/shohei-noda/git/proj_wakayama_omi_pedigree_analysis/data/fastqs/n1765_1.fq.gz,/Users/shohei-noda/git/proj_wakayama_omi_pedigree_analysis/data/fastqs/n1765_2.fq.gz
n1760,/Users/shohei-noda/git/proj_wakayama_omi_pedigree_analysis/data/fastqs/n1760_1.fq.gz,/Users/shohei-noda/git/proj_wakayama_omi_pedigree_analysis/data/fastqs/n1760_2.fq.gz
n1793,/Users/shohei-noda/git/proj_wakayama_omi_pedigree_analysis/data/fastqs/n1793_1.fq.gz,/Users/shohei-noda/git/proj_wakayama_omi_pedigree_analysis/data/fastqs/n1793_2.fq.gz
n1770,/Users/shohei-noda/git/proj_wakayama_omi_pedigree_analysis/data/fastqs/n1770_1.fq.gz,/Users/shohei-noda/git/proj_wakayama_omi_pedigree_analysis/data/fastqs/n1770_2.fq.gz
n1782,/Users/shohei-noda/git/proj_wakayama_omi_pedigree_analysis/data/fastqs/n1782_1.fq.gz,/Users/shohei-noda/git/proj_wakayama_omi_pedigree_analysis/data/fastqs/n1782_2.fq.gz
n1791,/Users/shohei-noda/git/proj_wakayama_omi_pedigree_analysis/data/fastqs/n1791_1.fq.gz,/Users/shohei-noda/git/proj_wakayama_omi_pedigree_analysis/data/fastqs/n1791_2.fq.gz
n1763,/Users/shohei-noda/git/proj_wakayama_omi_pedigree_analysis/data/fastqs/n1763_1.fq.gz,/Users/shohei-noda/git/proj_wakayama_omi_pedigree_analysis/data/fastqs/n1763_2.fq.gz
n1790,/Users/shohei-noda/git/proj_wakayama_omi_pedigree_analysis/data/fastqs/n1790_1.fq.gz,/Users/shohei-noda/git/proj_wakayama_omi_pedigree_analysis/data/fastqs/n1790_2.fq.gz
n1724,/Users/shohei-noda/git/proj_wakayama_omi_pedigree_analysis/data/fastqs/n1724_1.fq.gz,/Users/shohei-noda/git/proj_wakayama_omi_pedigree_analysis/data/fastqs/n1724_2.fq.gz
n1733,/Users/shohei-noda/git/proj_wakayama_omi_pedigree_analysis/data/fastqs/n1733_1.fq.gz,/Users/shohei-noda/git/proj_wakayama_omi_pedigree_analysis/data/fastqs/n1733_2.fq.gz
n1721,/Users/shohei-noda/git/proj_wakayama_omi_pedigree_analysis/data/fastqs/n1721_1.fq.gz,/Users/shohei-noda/git/proj_wakayama_omi_pedigree_analysis/data/fastqs/n1721_2.fq.gz
n1725,/Users/shohei-noda/git/proj_wakayama_omi_pedigree_analysis/data/fastqs/n1725_1.fq.gz,/Users/shohei-noda/git/proj_wakayama_omi_pedigree_analysis/data/fastqs/n1725_2.fq.gz
n1743,/Users/shohei-noda/git/proj_wakayama_omi_pedigree_analysis/data/fastqs/n1743_1.fq.gz,/Users/shohei-noda/git/proj_wakayama_omi_pedigree_analysis/data/fastqs/n1743_2.fq.gz
n1708,/Users/shohei-noda/git/proj_wakayama_omi_pedigree_analysis/data/fastqs/n1708_1.fq.gz,/Users/shohei-noda/git/proj_wakayama_omi_pedigree_analysis/data/fastqs/n1708_2.fq.gz
n1800,/Users/shohei-noda/git/proj_wakayama_omi_pedigree_analysis/data/fastqs/n1800_1.fq.gz,/Users/shohei-noda/git/proj_wakayama_omi_pedigree_analysis/data/fastqs/n1800_2.fq.gz
n1710,/Users/shohei-noda/git/proj_wakayama_omi_pedigree_analysis/data/fastqs/n1710_1.fq.gz,/Users/shohei-noda/git/proj_wakayama_omi_pedigree_analysis/data/fastqs/n1710_2.fq.gz
n1774,/Users/shohei-noda/git/proj_wakayama_omi_pedigree_analysis/data/fastqs/n1774_1.fq.gz,/Users/shohei-noda/git/proj_wakayama_omi_pedigree_analysis/data/fastqs/n1774_2.fq.gz
n1797,/Users/shohei-noda/git/proj_wakayama_omi_pedigree_analysis/data/fastqs/n1797_1.fq.gz,/Users/shohei-noda/git/proj_wakayama_omi_pedigree_analysis/data/fastqs/n1797_2.fq.gz
n1718,/Users/shohei-noda/git/proj_wakayama_omi_pedigree_analysis/data/fastqs/n1718_1.fq.gz,/Users/shohei-noda/git/proj_wakayama_omi_pedigree_analysis/data/fastqs/n1718_2.fq.gz
n1771,/Users/shohei-noda/git/proj_wakayama_omi_pedigree_analysis/data/fastqs/n1771_1.fq.gz,/Users/shohei-noda/git/proj_wakayama_omi_pedigree_analysis/data/fastqs/n1771_2.fq.gz
N1671,/Users/shohei-noda/git/proj_wakayama_omi_pedigree_analysis/data/fastqs/N1671_1.fq.gz,/Users/shohei-noda/git/proj_wakayama_omi_pedigree_analysis/data/fastqs/N1671_2.fq.gz
N1677,/Users/shohei-noda/git/proj_wakayama_omi_pedigree_analysis/data/fastqs/N1677_1.fq.gz,/Users/shohei-noda/git/proj_wakayama_omi_pedigree_analysis/data/fastqs/N1677_2.fq.gz
